id,category,subcategory,language,format,content,clean,source_name,source_url
HJ-000001,one-liners,relatable-life,hinglish,one-liner,"Maine zindagi se pucha: Itni mushkil kyu ho? Zindagi boli: Tu har cheez Google pe dhoondhta hai, main pariksha hoon, FAQ nahi!",True,LiveHindustan & TopHindiStatus,https://www.livehindustan.com/lifestyle/story-funny-one-liners-and-desi-chutkule-for-whatsapp-status.html
HJ-000002,one-liners,money-love,hinglish,one-liner,"Paisa aur pyaar me bas itna farak hai: Paisa kam ho toh neend udti hai, pyaar kam ho toh WhatsApp status shuru ho jaate hain.",True,LiveHindustan & TopHindiStatus,https://www.livehindustan.com/lifestyle/story-funny-one-liners-and-desi-chutkule-for-whatsapp-status.html
HJ-000003,one-liners,food-romance,hinglish,one-liner,"Kisi aur se dhoka khane se behtar hai mere saath chalo, momos aur golgappe khayenge.",True,LiveHindustan & TopHindiStatus,https://www.livehindustan.com/lifestyle/story-funny-one-liners-and-desi-chutkule-for-whatsapp-status.html
HJ-000004,one-liners,single-life,hinglish,one-liner,"Dil ko baaton me uljha leta hoon, main bina babu ke puchhe bhi teen time pet bhar ke khana kha leta hoon.",True,LiveHindustan & TopHindiStatus,https://www.livehindustan.com/lifestyle/story-funny-one-liners-and-desi-chutkule-for-whatsapp-status.html
HJ-000005,one-liners,desi-habits,hinglish,one-liner,"Desi gharelu niyam: Fridge se thanda paani ki botal nikaal kar peene ke baad agar wapas nahi bhari, toh ghar se bedakhal ho sakte ho.",True,LiveHindustan & TopHindiStatus,https://www.livehindustan.com/lifestyle/story-funny-one-liners-and-desi-chutkule-for-whatsapp-status.html
HJ-000006,one-liners,monday-blues,hinglish,one-liner,Monday se hume aisi allergy hai jiska koi ilaaj duniya ke kisi medical science ke paas nahi hai.,True,LiveHindustan & TopHindiStatus,https://www.livehindustan.com/lifestyle/story-funny-one-liners-and-desi-chutkule-for-whatsapp-status.html
HJ-000007,one-liners,student-brain,hinglish,one-liner,"Fire ko aag kehte hain, garden ko baagh kehte hain, aur exam ke waqt jo bilkul freeze ho jaye use student ka dimaag kehte hain.",True,LiveHindustan & TopHindiStatus,https://www.livehindustan.com/lifestyle/story-funny-one-liners-and-desi-chutkule-for-whatsapp-status.html
HJ-000008,one-liners,diet-fitness,hinglish,one-liner,"Diet kal se pakka shuru hogi, par problem ye hai ki calendar me kal ka din kabhi aata hi nahi.",True,LiveHindustan & TopHindiStatus,https://www.livehindustan.com/lifestyle/story-funny-one-liners-and-desi-chutkule-for-whatsapp-status.html
HJ-000009,one-liners,tech-life,hinglish,one-liner,Zindagi 2G speed par chal rahi hai aur tension ka data pack 5G unlimited hai.,True,LiveHindustan & TopHindiStatus,https://www.livehindustan.com/lifestyle/story-funny-one-liners-and-desi-chutkule-for-whatsapp-status.html
HJ-000010,one-liners,attitude,hinglish,one-liner,"Main late nahi aata, bas meri entry thodi dramatic aur stylish hoti hai.",True,LiveHindustan & TopHindiStatus,https://www.livehindustan.com/lifestyle/story-funny-one-liners-and-desi-chutkule-for-whatsapp-status.html
HJ-000011,husband-wife,chai-sweetness,hinglish,dialogue,"Patni (gusse me): Main itni der se puch rahi hoon ki chai me cheeni kitni daalu, par tum jawab hi nahi de rahe! \n Pati (darte hue): Jaanu, jitni meethi tum ho, utni hi daal do. \n Patni: Achha theek hai... feeki hi bana deti hoon!",True,LiveHindustan & Amar Ujala,https://www.livehindustan.com/lifestyle/story-funny-husband-wife-jokes-in-hindi-pati-patni-ke-chutkule.html
HJ-000012,husband-wife,mosquito-advice,hinglish,dialogue,"Patni: Suno, mere muh me machhar chala gaya, ab kya karu? \n Pati: Pagli, All Out pee le, 6 second me kaam shuru!",True,LiveHindustan & Amar Ujala,https://www.livehindustan.com/lifestyle/story-funny-husband-wife-jokes-in-hindi-pati-patni-ke-chutkule.html
HJ-000013,husband-wife,maayka-kurukshetra,hinglish,dialogue,"Patni: Chal toh rahe ho mere maayke, par waha ladna mat, wo mere papa ka ghar hai. \n Pati: Toh mere baap ka ghar kya Kurukshetra hai, jo tu yaha roz Mahabharat karti hai!",True,LiveHindustan & Amar Ujala,https://www.livehindustan.com/lifestyle/story-funny-husband-wife-jokes-in-hindi-pati-patni-ke-chutkule.html
HJ-000014,husband-wife,chores-dishes,hinglish,dialogue,"Pati ko tiffin dete hue Patni ne kaha: Shaam ko jaldi ghar aa jaana. \n Pati (romantic hote hue): Meri yaad aa rahi hai kya? \n Patni: Zyada hero banne ki zaroorat nahi hai, aaj shaam ko bartan dhone ki baari tumhari hai, isliye yaad dila rahi hoon!",True,LiveHindustan & Amar Ujala,https://www.livehindustan.com/lifestyle/story-funny-husband-wife-jokes-in-hindi-pati-patni-ke-chutkule.html
HJ-000015,husband-wife,wedding-vows,hinglish,dialogue,Patni: Shaadi ke samay saat phere lete waqt tumne vachan diya tha ki meri izzat karoge aur meri har baat maanoge! \n Pati: Toh kya itne saalon se main teri baat nahi maan raha? Maine kabhi kaha ki tu meri baat maan!,True,LiveHindustan & Amar Ujala,https://www.livehindustan.com/lifestyle/story-funny-husband-wife-jokes-in-hindi-pati-patni-ke-chutkule.html
HJ-000016,husband-wife,wildlife-logic,hinglish,dialogue,"Patni: Suno ji, agar mere peeche sher pad jaye toh tum kya karoge? \n Pati: Main kya karunga, sher ne galti ki hai toh sher hi apna bachav karega!",True,LiveHindustan & Amar Ujala,https://www.livehindustan.com/lifestyle/story-funny-husband-wife-jokes-in-hindi-pati-patni-ke-chutkule.html
HJ-000017,husband-wife,eye-swelling,hinglish,dialogue,"Patni: Agar main 4-5 din ghar pe na dikhu toh kaisa lagega? \n Pati: Bohot achha lagega! \n Somwar gaya, Mangalwar gaya, Budhwar gaya, Guruwar gaya... \n Shukrawar ko jab aankh ki soojan thodi kam hui, tab jaakar patni dikhayi di!",True,LiveHindustan & Amar Ujala,https://www.livehindustan.com/lifestyle/story-funny-husband-wife-jokes-in-hindi-pati-patni-ke-chutkule.html
HJ-000018,husband-wife,cooking-complaint,hinglish,dialogue,"Patni: Kal jo bhikhari khana maangne aaya tha, bohot badtameez nikla! \n Pati: Kyu, kya kiya usne? \n Patni: Kal maine use khana khilaya tha, aur aaj subah aakar mujhe 'Khana Pakana Sikhein' ki kitaab de gaya!",True,LiveHindustan & Amar Ujala,https://www.livehindustan.com/lifestyle/story-funny-husband-wife-jokes-in-hindi-pati-patni-ke-chutkule.html
HJ-000019,boyfriend-girlfriend,debt-loyalty,hinglish,dialogue,"Girlfriend: Agar main mar jaau toh tum kya karoge? \n Boyfriend: Main bhi mar jaaunga. \n Girlfriend: Aww, itna pyaar karte ho mujhse? \n Boyfriend: Pyaar nahi pagli, tere chakkar me itni udhaari ho gayi hai ki ab akele jeena mushkil hai!",True,LiveHindustan & Amar Ujala,https://www.livehindustan.com/lifestyle/story-funny-boyfriend-girlfriend-jokes-in-hindi-chutkule.html
HJ-000020,boyfriend-girlfriend,phone-check,hinglish,dialogue,"Girlfriend: Kya tum mere liye sher ko maar kar la sakte ho? \n Boyfriend: Pagal ho gayi ho kya, sher se ladna aasan hai kya? Kuch aur batao, main tumhare liye kuch bhi kar sakta hoon. \n Girlfriend: Achha theek hai, kya main tumhara WhatsApp aur Instagram check kar sakti hoon? \n Boyfriend: Kahan hai wo sher jiske baare mein tum baat kar rahi thi?",True,LiveHindustan & Amar Ujala,https://www.livehindustan.com/lifestyle/story-funny-boyfriend-girlfriend-jokes-in-hindi-chutkule.html
HJ-000021,boyfriend-girlfriend,mall-shopping,hinglish,dialogue,"Boyfriend: Kahan thi tum, main kal se tumhara phone laga raha hoon? \n Girlfriend: Sorry baby, main friends ke saath shopping karne mall gayi thi. \n Boyfriend: Kya-kya liya dikhao? \n Girlfriend: Zyada kuch nahi, bas 2 bracelet, 1 rumaal aur 300 selfies!",True,LiveHindustan & Amar Ujala,https://www.livehindustan.com/lifestyle/story-funny-boyfriend-girlfriend-jokes-in-hindi-chutkule.html
HJ-000022,boyfriend-girlfriend,money-priority,hinglish,dialogue,"Boyfriend: Tumhe jeevan mein sabse zyada kya chahiye? \n Girlfriend: Paise. \n Boyfriend: Achha, paison ko thodi der side mein rakh do, ab batao kya chahiye? \n Girlfriend: Side mein rakhe hue paise!",True,LiveHindustan & Amar Ujala,https://www.livehindustan.com/lifestyle/story-funny-boyfriend-girlfriend-jokes-in-hindi-chutkule.html
HJ-000023,boyfriend-girlfriend,upi-romance,hinglish,dialogue,"Girlfriend: Tum mujhse kitna pyaar karte ho? \n Boyfriend: Itna ki tumhare liye chaand-taare bhi tod laau. \n Girlfriend: Sach me baby? \n Boyfriend: Haan, lekin pehle 500 rupaye UPI kar do, bike me petrol dalwana hai!",True,LiveHindustan & Amar Ujala,https://www.livehindustan.com/lifestyle/story-funny-boyfriend-girlfriend-jokes-in-hindi-chutkule.html
HJ-000024,boyfriend-girlfriend,heartbreak-scrap,hinglish,dialogue,"Boyfriend: Yaar tumne mera dil tod kar chaknachoor kar diya. \n Girlfriend: Koi nahi babu, courier kar dena, main kabaadi wale ko bech dungi!",True,LiveHindustan & Amar Ujala,https://www.livehindustan.com/lifestyle/story-funny-boyfriend-girlfriend-jokes-in-hindi-chutkule.html
HJ-000025,boyfriend-girlfriend,anger-comparison,hinglish,dialogue,"Girlfriend: Main gusse me bohot khatarnak lagti hoon na? \n Boyfriend: Haan, bilkul jale hue papad jaisi! \n (Tabhi se boyfriend hospital ke ICU ward ke bahar admit hai)",True,LiveHindustan & Amar Ujala,https://www.livehindustan.com/lifestyle/story-funny-boyfriend-girlfriend-jokes-in-hindi-chutkule.html
HJ-000026,teacher-student,late-excuse,hinglish,dialogue,"Teacher: Tum school der se kyu aaye? \n Pappu: Sadak par lage sign board ke kaaran sir. \n Teacher: Kaisa board? \n Pappu: Jis par likha tha - 'Aage school hai, kripya dheere chalein'!",True,Amar Ujala,https://www.amarujala.com/humour-jokes/teacher-student-jokes-in-hindi-pappu-and-masterji-chutkule
HJ-000027,teacher-student,money-vs-wisdom,hinglish,dialogue,"Teacher: Ek taraf paisa hai aur doosri taraf akal... batao Pappu tum kya chunoge? \n Pappu: Paisa sir. \n Teacher: Galat! Main hota toh akal chunta. \n Pappu: Aapki baat bhi sahi hai sir, jiske paas jis cheez ki kami hoti hai wo wahi chunta hai!",True,Amar Ujala,https://www.amarujala.com/humour-jokes/teacher-student-jokes-in-hindi-pappu-and-masterji-chutkule
HJ-000028,teacher-student,animal-science,hinglish,dialogue,Teacher: Bhais apni pooch kyu hilati hai? \n Student: Kyu ki sir pooch me itni taakat nahi hoti ki wo poori bhais ko hila sake!,True,Amar Ujala,https://www.amarujala.com/humour-jokes/teacher-student-jokes-in-hindi-pappu-and-masterji-chutkule
HJ-000029,teacher-student,math-threat,hinglish,dialogue,"Teacher: Zyada 3-5 mat karo, 9-2-11 ho jao, nahi toh 5-7 kheench kar dunga toh 6 ke 36 nazar aayenge aur 32 ke 32 daant bahar nikal aayenge. \n Student: Bas sir samajh gaya... Hindi-English hi theek hai, Maths ki bhasha toh bohot khaufnaak hai!",True,Amar Ujala,https://www.amarujala.com/humour-jokes/teacher-student-jokes-in-hindi-pappu-and-masterji-chutkule
HJ-000030,teacher-student,good-deeds,hinglish,dialogue,"Teacher: Tumne zindagi me kabhi koi achha aur nek kaam kiya hai? \n Student: Haan sir, kal hi ek buzug dheere-dheere apne ghar jaa rahe the, maine unke peeche kutta dauda diya, wo do minute me ghar pahunch gaye!",True,Amar Ujala,https://www.amarujala.com/humour-jokes/teacher-student-jokes-in-hindi-pappu-and-masterji-chutkule
HJ-000031,teacher-student,bomb-scare,hinglish,dialogue,"Teacher: Agar koi school ke gate ke saamne laawaris bomb rakh jaye, toh tum kya karoge? \n Student: Ek-do ghante dekhenge sir, agar koi lene nahi aaya toh staff room me rakh denge!",True,Amar Ujala,https://www.amarujala.com/humour-jokes/teacher-student-jokes-in-hindi-pappu-and-masterji-chutkule
HJ-000032,teacher-student,mosquito-bite,hinglish,dialogue,"Teacher: Bachho batao agar raat me sote waqt machhar kaate toh kya karna chahiye? \n Student: Chupchaap khuja kar so jaana chahiye sir, kyu ki aap Rajinikanth toh ho nahi ki machhar se sorry bulwa loge!",True,Amar Ujala,https://www.amarujala.com/humour-jokes/teacher-student-jokes-in-hindi-pappu-and-masterji-chutkule
HJ-000033,teacher-student,number-placement,hinglish,dialogue,"Teacher: Board par 55 likh kar dikhao. \n (Pappu ne board par ek 5 likha aur sochne laga) \n Teacher: Ruk kyu gaya, dusra 5 likh! \n Pappu: Sir soch raha hoon dusra 5 pehle wale ke right side likhu ya left side!",True,Amar Ujala,https://www.amarujala.com/humour-jokes/teacher-student-jokes-in-hindi-pappu-and-masterji-chutkule
HJ-000034,school-college,bunk-plan,hinglish,dialogue,"Dost 1: Bhai, aaj college bunk karein? \n Dost 2: Haan bhai bilkul! Chal apna-apna phone switch off kar dete hain taaki gharwale ya dost dhoondh na sakein!",True,LiveHindustan & MajedarJokes,https://www.livehindustan.com/lifestyle/story-college-campus-and-hostel-life-funny-jokes.html
HJ-000035,school-college,hostel-money,hinglish,dialogue,Hostel Student: Maine ghar par phone karke kitaabon ke liye 5000 rupaye mangwaye the... \n Dost: Phir kya hua? \n Hostel Student: Gharwalo ne agle hi din speed post se saari kitaabein khareed kar bhej di!,True,LiveHindustan & MajedarJokes,https://www.livehindustan.com/lifestyle/story-college-campus-and-hostel-life-funny-jokes.html
HJ-000036,school-college,canteen-chai,hinglish,dialogue,"College canteen me padhai karte waqt dost ki kitaab par chai gir gayi. \n Doosra dost: Arre chinta mat kar bhai, chai toh kitaab me absorb ho gayi, kam se kam gyaan toh chai ke saath andar chala gaya!",True,LiveHindustan & MajedarJokes,https://www.livehindustan.com/lifestyle/story-college-campus-and-hostel-life-funny-jokes.html
HJ-000037,school-college,btech-advice,hinglish,monologue,"Desi college rule: Ek student ki zindagi me bas do hi maksad hote hain - Pehla kisi tarah 4 saal me B.Tech poora karna, aur doosra degree milne ke baad kisi bhi rishtedaar ko B.Tech lene se rokna!",True,LiveHindustan & MajedarJokes,https://www.livehindustan.com/lifestyle/story-college-campus-and-hostel-life-funny-jokes.html
HJ-000038,school-college,attendance-wifi,hinglish,dialogue,College Professor: Tumhari attendance itni kam kyu hai? \n Student: Sir campus ka Wi-Fi itna tez chalta hai ki hum hostel ke kamre me baith kar hi aapki location track kar lete hain!,True,LiveHindustan & MajedarJokes,https://www.livehindustan.com/lifestyle/story-college-campus-and-hostel-life-funny-jokes.html
HJ-000039,school-college,exam-hall-suspicion,hinglish,dialogue,"Student: Sir, exam hall me invigilator humesha meri desk ke paas hi aakar kyu khade hote hain? \n Professor: Kyu ki beta, poori class me sabse shaqi aur masoom chehra tera hi lagta hai!",True,LiveHindustan & MajedarJokes,https://www.livehindustan.com/lifestyle/story-college-campus-and-hostel-life-funny-jokes.html
HJ-000040,friends,udhari-promise,hinglish,dialogue,Dost 1: Hamari dosti itni pakki hai ki kabhi nahi toot sakti! \n Dost 2: Haan bhai bilkul nahi tootegi... jab tak tu apna pichhla 2000 rupaye udhar wapas nahi mangta!,True,LiveHindustan & MajedarJokes,https://www.livehindustan.com/lifestyle/story-dosti-jokes-in-hindi-friends-udhari-funny-chutkule.html
HJ-000041,friends,jaan-vs-money,hinglish,dialogue,"Dost: Bhai meri ek help kar dega? \n Doosra Dost: Haan bhai, bol na, tere liye toh jaan bhi hazir hai! \n Dost: Bas 500 rupaye GPay kar de. \n Doosra Dost: Bhai jaan maangta toh de deta, par paise maang kar tune dosti ko sasta kar diya!",True,LiveHindustan & MajedarJokes,https://www.livehindustan.com/lifestyle/story-dosti-jokes-in-hindi-friends-udhari-funny-chutkule.html
HJ-000042,friends,loan-philosophy,hinglish,dialogue,"Dost 1: Mera toh yahi maanna hai ki kisi se karz lena hi aadmi ki barbaadi ki wajah hai. \n Dost 2: Galat sochte ho bhai! Karz lena nahi, balki karz wapas chukana hi barbaadi ki asli wajah hai!",True,LiveHindustan & MajedarJokes,https://www.livehindustan.com/lifestyle/story-dosti-jokes-in-hindi-friends-udhari-funny-chutkule.html
HJ-000043,friends,friendship-day-status,hinglish,one-liner,"Friendship Day par sab status laga rahe hain 'Tu jaan hai meri', inhi dosto se agle din 500 rupaye maang lo toh agle chaar hafte tak 'Last seen yesterday' dikhayega!",True,LiveHindustan & MajedarJokes,https://www.livehindustan.com/lifestyle/story-dosti-jokes-in-hindi-friends-udhari-funny-chutkule.html
HJ-000044,friends,new-bike-joy,hinglish,dialogue,Dost: Bhai tu itna khush kyu ghoom raha hai? \n Doosra Dost: Arre mere roommate ne nayi sports bike li hai! \n Dost: Toh isme tu kyu uchhal raha hai? \n Doosra Dost: Kyu ki petrol wo dalwayega aur chalayenge dono bhai!,True,LiveHindustan & MajedarJokes,https://www.livehindustan.com/lifestyle/story-dosti-jokes-in-hindi-friends-udhari-funny-chutkule.html
HJ-000045,friends,fall-and-laugh,hinglish,monologue,"Desi dost ki sabse badi nishani: Jab tu sadak par phisalke girega, toh pehle 5 minute pet pakad kar hansega, group me photo bhejega, aur phir haath aage badha kar uthayega!",True,LiveHindustan & MajedarJokes,https://www.livehindustan.com/lifestyle/story-dosti-jokes-in-hindi-friends-udhari-funny-chutkule.html
HJ-000046,family,guest-flattery,hinglish,dialogue,"Mehmaan: Khana bohot lazeez aur swadist bana hai bhabhi ji! \n Chhote Bete ne turant kaha: Haan aunty, aaj mummy ne khud banaya hai, warna baaki din toh hum sab bhagwan bharose hi rehte hain!",True,LiveHindustan & Amar Ujala,https://www.livehindustan.com/lifestyle/story-family-jokes-in-hindi-joint-family-and-guests-funny-chutkule.html
HJ-000047,family,tv-remote-rule,hinglish,monologue,"Desi sanyukt parivaar me TV remote ka kanoon: Jo sadasya remote par haath rakh kar so gaya, remote usi ka adhikar samjha jayega chahe chhota bhai kitna bhi chillaye!",True,LiveHindustan & Amar Ujala,https://www.livehindustan.com/lifestyle/story-family-jokes-in-hindi-joint-family-and-guests-funny-chutkule.html
HJ-000048,family,relatives-future,hinglish,dialogue,"Rishtedaar: Beta, aage ka kya socha hai? \n Beta: Bas uncle, pehle aap apni chai khatam karke ghar niklein, phir aage ka shaanti se sochenge!",True,LiveHindustan & Amar Ujala,https://www.livehindustan.com/lifestyle/story-family-jokes-in-hindi-joint-family-and-guests-funny-chutkule.html
HJ-000049,family,whatsapp-group-routine,hinglish,monologue,"Parivaar ke WhatsApp group ka niyam: Papa subah 5 baje 50 logo ko 'Shubh Prabhat' ka phool bhejte hain, aur mummy din bhar recipe video dekh kar shaam ko wahi lauki bana kar parosti hain!",True,LiveHindustan & Amar Ujala,https://www.livehindustan.com/lifestyle/story-family-jokes-in-hindi-joint-family-and-guests-funny-chutkule.html
HJ-000050,mom-dad,hair-oil-pun,hinglish,dialogue,"Papa: Beta, main market se 'Hair Oil' lene jaa raha hoon, agar mummy poochhe toh bata dena. \n Beta: Theek hai papa ji. \n (Thodi der baad mummy aayi) \n Mummy: Beta, tere papa kahan gaye hain? \n Beta: Mummy, papa gaye 'tel lene'!",True,LiveHindustan & Amar Ujala,https://www.amarujala.com/humour-jokes/mummy-papa-and-son-funny-jokes-in-hindi
HJ-000051,mom-dad,marriage-motive,hinglish,dialogue,"Beta: Papa, aapne mummy me aisa kya dekha tha jo shaadi ke liye haan kar di? \n Papa: Uske gaal par ek chhota sa til tha beta. \n Beta: Kamaal hai papa! Ek chhotey se til ke liye aapne itni badi musibat mol le li!",True,LiveHindustan & Amar Ujala,https://www.amarujala.com/humour-jokes/mummy-papa-and-son-funny-jokes-in-hindi
HJ-000052,mom-dad,security-fund,hinglish,dialogue,"Beta: Mummy, mere 500 rupaye kahan gaye jo table par rakhe the? \n Mummy: Maine safe rakh liye hain. \n Beta: Kyu mummy? \n Mummy: Teri suraksha ke liye! \n Beta: Kaisi suraksha? \n Mummy: Taaki tu use faltu kharch karke barbaad na kare!",True,LiveHindustan & Amar Ujala,https://www.amarujala.com/humour-jokes/mummy-papa-and-son-funny-jokes-in-hindi
HJ-000053,mom-dad,beauty-parlour-code,hinglish,dialogue,"Papa: Beta, mummy kahan gayi hai? \n Beta: Prakritik rachna chhed-chhad kendra! \n Papa: Beta ye kaun sa naya kendra khul gaya shahar me? \n Beta: Arre papa, Beauty Parlour!",True,LiveHindustan & Amar Ujala,https://www.amarujala.com/humour-jokes/mummy-papa-and-son-funny-jokes-in-hindi
HJ-000054,mom-dad,mobile-diagnosis,hinglish,dialogue,"Beta: Mummy sar dard ho raha hai... \n Mummy: Aur chala mobile! \n Beta: Mummy pet me marod ho rahi hai... \n Mummy: Aur chala raat bhar mobile! \n Beta: Mummy lagta hai bukhar hai... \n Mummy: Sab is mobile ki den hai, ise aag me daal do!",True,LiveHindustan & Amar Ujala,https://www.amarujala.com/humour-jokes/mummy-papa-and-son-funny-jokes-in-hindi
HJ-000055,brother-sister,wedding-memory,hinglish,dialogue,"Behen: Bhaiya, shaadi ke baad kya tum mujhe sach me yaad karoge? \n Bhai: Haan behen... bilkul yaad karunga, khaaskar tab jab bina kisi ladai ke TV ka remote seedhe mere haath me hoga!",True,LiveHindustan & AajTak,https://www.livehindustan.com/lifestyle/story-bhai-behen-funny-jokes-sibling-fights-and-remote-chutkule.html
HJ-000056,brother-sister,tshirt-sharing,hinglish,dialogue,"Bhai: Meri nayi oversized t-shirt kisne pehni hai? \n Behen: Fashion world me ise sharing kehte hain bhaiya, zyada gussa mat karo!",True,LiveHindustan & AajTak,https://www.livehindustan.com/lifestyle/story-bhai-behen-funny-jokes-sibling-fights-and-remote-chutkule.html
HJ-000057,brother-sister,marks-roast,hinglish,dialogue,"Bhai: Tu itna ro kyu rahi hai? \n Behen: Bhaiya mere board exam me bohot kam number aaye hain, bas 91%! \n Bhai: Behen thoda raham kar, itne number me toh hamare jaise teen ladke araam se pass ho jaate!",True,LiveHindustan & AajTak,https://www.livehindustan.com/lifestyle/story-bhai-behen-funny-jokes-sibling-fights-and-remote-chutkule.html
HJ-000058,brother-sister,secret-snacks,hinglish,dialogue,"Behen: Agar main achanak ek din gayab ho jau, toh kya tum mujhe dhoondhoge? \n Bhai: Pehle tere kamre ki talashi lunga! \n Behen: Aww, mujhe dhoondhne ke liye? \n Bhai: Nahi, tere chhipaye hue chocolates aur snacks dhoondhne ke liye!",True,LiveHindustan & AajTak,https://www.livehindustan.com/lifestyle/story-bhai-behen-funny-jokes-sibling-fights-and-remote-chutkule.html
HJ-000059,brother-sister,charger-mystery,hinglish,dialogue,"Behen: Mera phone charger kahan hai? \n Bhai: Wahi hai jahan tune rakha tha. \n Behen: Agar mujhe pata hota ki kahan rakha hai, toh main tujhse poochhti kyu?",True,LiveHindustan & AajTak,https://www.livehindustan.com/lifestyle/story-bhai-behen-funny-jokes-sibling-fights-and-remote-chutkule.html
HJ-000060,office-work,appraisal-cheque,hinglish,dialogue,"Boss: Tumne is saal bohot lagan se kaam kiya hai, isliye main tumhe 50,000 rupaye ka bonus cheque de raha hoon! \n Employee: Thank you sir! \n Boss: Agar agle saal bhi aise hi kaam karoge, toh is cheque par sign bhi kar dunga!",True,LiveHindustan & Amar Ujala,https://www.livehindustan.com/lifestyle/story-office-work-funny-jokes-appraisal-corporate-chutkule.html
HJ-000061,office-work,promotion-logic,hinglish,dialogue,"HR: Tumhe promotion aur hike kyu chahiye? \n Employee: Kyunki sir office me doosron ka aadha kaam toh main hi karta hoon, aur apna poora kaam waise bhi bhagwan bharose rehta hai!",True,LiveHindustan & Amar Ujala,https://www.livehindustan.com/lifestyle/story-office-work-funny-jokes-appraisal-corporate-chutkule.html
HJ-000062,office-work,monday-login,hinglish,monologue,"Corporate jeevan ka niyam: Somwar subah 9 baje laptop kholte hi screen par 'Welcome' likha aata hai, par andar ki aatma keh rahi hoti hai 'Bhaag jaa yahan se'!",True,LiveHindustan & Amar Ujala,https://www.livehindustan.com/lifestyle/story-office-work-funny-jokes-appraisal-corporate-chutkule.html
HJ-000063,office-work,working-hours,hinglish,dialogue,"Employee: Sir main 10 baje aata hoon aur 6 baje chala jaata hoon. \n Manager: Par company 24 ghante tumhari lagan chahti hai! \n Employee: Sir company ko boliye pehle battery backup lagwaye, main toh human body hoon!",True,LiveHindustan & Amar Ujala,https://www.livehindustan.com/lifestyle/story-office-work-funny-jokes-appraisal-corporate-chutkule.html
HJ-000064,boss-employee,bahubali-leave,hinglish,dialogue,"Employee: Sir, mujhe 4 din ki chhutti chahiye. \n Boss: Chhutti ek shart par milegi, ye batao ki Katappa ne Bahubali ko kyu maara tha? \n Employee: Sir ho sakta hai ki Bahubali ne Katappa ki chhutti reject kar di ho! \n Boss: Kitne din ki chhutti chahiye bolo?",True,LiveHindustan & Amar Ujala,https://www.amarujala.com/humour-jokes/boss-and-employee-funny-jokes-in-hindi-leave-chutkule
HJ-000065,boss-employee,wife-vacation-rejection,hinglish,dialogue,"Employee: Sir, meri patni chahti hai ki main uske saath 5 din ghoomne chalu, isliye chhutti chahiye thi. \n Boss: Bilkul nahi milegi! \n Employee: Thank you so much sir! Main jaanta tha ki musibat ke waqt aap hi mere kaam aayenge!",True,LiveHindustan & Amar Ujala,https://www.amarujala.com/humour-jokes/boss-and-employee-funny-jokes-in-hindi-leave-chutkule
HJ-000066,boss-employee,flattery-backfire,hinglish,dialogue,"Employee: Sir, aaj aap par shirt bohot suit kar rahi hai! \n Boss: Chhutti nahi milegi! \n Employee: Sir, maine sirf shirt ki tareef ki thi, chehra toh abhi bhi bandar jaisa hi lag raha hai!",True,LiveHindustan & Amar Ujala,https://www.amarujala.com/humour-jokes/boss-and-employee-funny-jokes-in-hindi-leave-chutkule
HJ-000067,boss-employee,office-late-arrival,hinglish,dialogue,Boss: Tum office hamesha aadha ghanta late kyu aate ho? \n Employee: Sir aap hi toh kehte hain ki 'Office ko apna ghar hi samjho'... toh ghar se nikalne me thoda aalas toh aa hi jaata hai!,True,LiveHindustan & Amar Ujala,https://www.amarujala.com/humour-jokes/boss-and-employee-funny-jokes-in-hindi-leave-chutkule
HJ-000068,doctor-patient,grave-digger-reward,hinglish,dialogue,"Doctor: Agar tum meri dawaai se theek ho gaye toh mujhe kya inaam doge? \n Mareez: Sahab main bohot gareeb aadmi hoon, qabr khodta hoon... aapki bilkul free me khod dunga! \n (Doctor behosh)",True,LiveHindustan & Amar Ujala,https://www.amarujala.com/humour-jokes/doctor-patient-funny-jokes-in-hindi-clinic-chutkule
HJ-000069,doctor-patient,cough-remedy,hinglish,dialogue,"Mareez: Doctor sahab, mujhe toh khansi thi aur aapne mujhe loose motion ki dawa kyu de di? \n Doctor: Beta ab tu khansne se pehle 10 baar sochega!",True,LiveHindustan & Amar Ujala,https://www.amarujala.com/humour-jokes/doctor-patient-funny-jokes-in-hindi-clinic-chutkule
HJ-000070,doctor-patient,consultation-fee,hinglish,dialogue,"Doctor: Dawa lene ke baad ab aapki tabiyat kaisi hai? \n Mareez: Doctor sahab, aapki fees ka bill dekhne ke baad toh aur zyada kharab ho gayi hai!",True,LiveHindustan & Amar Ujala,https://www.amarujala.com/humour-jokes/doctor-patient-funny-jokes-in-hindi-clinic-chutkule
HJ-000071,doctor-patient,walking-prescription,hinglish,dialogue,"Doctor: Aapko sehatmand rehne ke liye roz subah 5 kilometer paidal chalna chahiye. \n Mareez: Doctor sahab, 5 kilometer chala toh jaunga, par wapas ghar kaun layega?",True,LiveHindustan & Amar Ujala,https://www.amarujala.com/humour-jokes/doctor-patient-funny-jokes-in-hindi-clinic-chutkule
HJ-000072,doctor-patient,eyesight-check,hinglish,dialogue,"Mareez: Doctor sahab, meri aankhein bohot kamzor ho gayi hain. \n Doctor: Saamne wall par kya dikh raha hai? \n Mareez: Aapki fees 1000 rupaye likhi hai, aur wo ekdum HD clear dikh rahi hai!",True,LiveHindustan & Amar Ujala,https://www.amarujala.com/humour-jokes/doctor-patient-funny-jokes-in-hindi-clinic-chutkule
HJ-000073,engineer,plumber-fees,hinglish,dialogue,"Ghar ka nal theek karne ke baad plumber ne 800 rupaye maange. \n Engineer: Arre bhai, 1 ghante ki itni fees toh meri company bhi mujhe nahi deti! \n Plumber: Sir, jab main engineer tha, tab meri company bhi nahi deti thi!",True,Times of India & Jagran,https://timesofindia.indiatimes.com/humour/jokes/engineer-vs-plumber-btech-life-chutkule
HJ-000074,engineer,water-tank-goal,hinglish,dialogue,"Engineering student chhat par khada tha, tabhi pados ke uncle ne poochha: Toh beta, aage ka kya socha hai? \n Student: Bas uncle, tanki bharte hi motor band kar dunga!",True,Times of India & Jagran,https://timesofindia.indiatimes.com/humour/jokes/engineer-vs-plumber-btech-life-chutkule
HJ-000075,engineer,degree-exchange,hinglish,dialogue,Bhikari: Bhagwan ke naam par kuch de de babu... \n Student: Ye le meri degree rakh le! \n Bhikari: Bas kar bhai ab rulayega kya? Tu chahe toh meri engineering ki degree bhi le ja!,True,Times of India & Jagran,https://timesofindia.indiatimes.com/humour/jokes/engineer-vs-plumber-btech-life-chutkule
HJ-000076,engineer,exam-logic,hinglish,monologue,"Engineering exam ka shashwat satya: Jo padha usme se aadha samajh nahi aaya, jo samajh aaya usme se aadha yaad nahi raha, aur jo yaad raha usme se ek bhi sawal paper me nahi aaya!",True,Times of India & Jagran,https://timesofindia.indiatimes.com/humour/jokes/engineer-vs-plumber-btech-life-chutkule
HJ-000077,programmer-tech,production-crash,hinglish,dialogue,"Client: Sab kuch local host par toh first class chal raha tha, production par aate hi server kyu fat gaya? \n Developer: Sir wo... code shuruat me thoda shy aur emotional hai, use production ka aggressive mahoul raas nahi aa raha!",True,AajTak & Bobble AI,https://www.aajtak.in/lifestyle/humour/programmer-tech-bugs-and-developer-jokes
HJ-000078,programmer-tech,dark-mode-reason,hinglish,qa,Question: Software developers dark mode kyu pasand karte hain? \n Answer: Kyunki roshni dekh kar bugs (keede) aakar attract ho jaate hain!,True,AajTak & Bobble AI,https://www.aajtak.in/lifestyle/humour/programmer-tech-bugs-and-developer-jokes
HJ-000079,programmer-tech,our-documents,hinglish,dialogue,"Patni: Tum shaadi ke baad se bohot selfish ho gaye ho! \n Pati: Bhagwan ke liye batao toh hua kya hai? \n Patni: Jo tumhare laptop me folder hai, tum uska naam 'Our Documents' bhi toh rakh sakte the na, hamesha 'My Documents' kyu hota hai!",True,AajTak & Bobble AI,https://www.aajtak.in/lifestyle/humour/programmer-tech-bugs-and-developer-jokes
HJ-000080,programmer-tech,semicolon-stages,hinglish,monologue,"Programmer ka confidence level 4 stages me: \n 1. Main ye bug 2 minute me fix kar dunga. \n 2. Ye mujhse nahi hoga. \n 3. Shayad mujhe IT chhod kar kheti shuru kar deni chahiye. \n 4. Arre yaar, bas ek semi-colon missing tha!",True,AajTak & Bobble AI,https://www.aajtak.in/lifestyle/humour/programmer-tech-bugs-and-developer-jokes
HJ-000081,programmer-tech,bug-vs-feature,hinglish,dialogue,"QA Tester: Is app me 15 bugs hain! \n Developer: Wo bugs nahi hain, wo undocumented features hain jo user ke thrill ke liye design kiye gaye hain!",True,AajTak & Bobble AI,https://www.aajtak.in/lifestyle/humour/programmer-tech-bugs-and-developer-jokes
HJ-000082,mobile-internet,battery-panic,hinglish,monologue,"Insaan beemar hone par utni tezi se dawaai nahi dhoondhta, jitni tezi se phone ki battery 5% hone par charger dhoondhne lagta hai!",True,AajTak & Amar Ujala,https://www.aajtak.in/lifestyle/humour/mobile-battery-and-wifi-funny-chutkule
HJ-000083,mobile-internet,customer-care-internet,hinglish,dialogue,"Customer Care: Ji kahiye kya madad kar sakta hoon? \n Mahila: Pichhle teen ghante se internet nahi chal raha hai, main kya karu? \n Customer Care: Behenji, tab tak thoda kitchen me jaakar ghar ka kaam hi nipta lijiye!",True,AajTak & Amar Ujala,https://www.aajtak.in/lifestyle/humour/mobile-battery-and-wifi-funny-chutkule
HJ-000084,mobile-internet,yamraj-charger,hinglish,dialogue,"Yamraj: Beti kahan jaana pasand karogi, Swarg ya Narak? \n Ladki: Uncle bas dharti se mera smartphone aur fast charger manga dijiye, main dono jagah araam se adjust kar lungi! \n (Yamraj behosh)",True,AajTak & Amar Ujala,https://www.aajtak.in/lifestyle/humour/mobile-battery-and-wifi-funny-chutkule
HJ-000085,mobile-internet,wifi-mummy-mood,hinglish,monologue,"Ghar ka kadwa sach: Wi-Fi ka asli control router ke password me nahi, mummy ke mood aur padhai ke score par depend karta hai!",True,AajTak & Amar Ujala,https://www.aajtak.in/lifestyle/humour/mobile-battery-and-wifi-funny-chutkule
HJ-000086,social-media,contact-name-recharge,hinglish,monologue,Shyamu ne apni crush ka phone secretly check kiya toh apna saved contact name dekh kar dang reh gaya... Likh rakha tha: 'Free Recharge Wale Bhaiya'!,True,AajTak & MajedarJokes,https://www.aajtak.in/lifestyle/humour/instagram-reels-and-social-media-humour
HJ-000087,social-media,filter-vs-mirror,hinglish,dialogue,"Photo me itne filters laga kar post kiya ki jab shaam ko ladke ne aaine me apna asli chehra dekha toh aaina bol pada: 'Bhai tu kaun hai, theek se pehchan me nahi aa raha!'",True,AajTak & MajedarJokes,https://www.aajtak.in/lifestyle/humour/instagram-reels-and-social-media-humour
HJ-000088,social-media,reel-stress,hinglish,dialogue,"Doctor: Aapko itna high blood pressure aur stress kyu ho raha hai? \n Patient: Doctor sahab, reel upload kiye huye 3 ghante beet gaye hain aur abhi tak bas 14 likes aaye hain, wo bhi dosto se bheekh maang kar karwaye hain!",True,AajTak & MajedarJokes,https://www.aajtak.in/lifestyle/humour/instagram-reels-and-social-media-humour
HJ-000089,whatsapp,wifi-password-marriage,hinglish,dialogue,"Patni: Maine naya Wi-Fi lagwaya hai, password guess karo! Hamari shaadi ki anniversary date daalo. \n Pati ne date daali toh wrong password aa gaya. \n Patni: Password hai - 'WrongPassword'!",True,AajTak Humour,https://www.aajtak.in/lifestyle/humour/whatsapp-group-status-and-wifi-password-jokes
HJ-000090,whatsapp,blue-ticks-science,hinglish,monologue,"Blue ticks se bachne ka vigyaan: Message padh kar reply na karna ek kala hai, par message padhne se pehle phone ko Flight Mode par daalna ek higher science hai!",True,AajTak Humour,https://www.aajtak.in/lifestyle/humour/whatsapp-group-status-and-wifi-password-jokes
HJ-000091,whatsapp,sad-status-momos,hinglish,dialogue,"Ladke ka WhatsApp Status: 'Feeling completely broken, lonely, and ignored by the universe...' \n Neeche 2 minute me dost ka reply: 'Bhai dukh apni jagah hai, pehle bata shaam ko kurkure momos khane chalega kya?'",True,AajTak Humour,https://www.aajtak.in/lifestyle/humour/whatsapp-group-status-and-wifi-password-jokes
HJ-000092,whatsapp,morning-forwards,hinglish,monologue,"Family WhatsApp group ka niyam: Subah 5:30 baje Chamakate suraj aur gungunate phoolon ke saath 10 MB ka 'Suprabhat' video aana anivarya hai, chahe phone ki memory full kyu na ho jaye!",True,AajTak Humour,https://www.aajtak.in/lifestyle/humour/whatsapp-group-status-and-wifi-password-jokes
HJ-000093,shopping,free-dhaniya,hinglish,monologue,"Desi sabzi shopping ka ultimate niyam: 500 rupaye ki sabzi khareedne ke baad agar sabzi wale se muft me dhaniya aur do hari mirchi na li jaye, toh shopping safal nahi maani jaati!",True,ScoopWhoop & MensXP,https://www.scoopwhoop.com/humour/middle-class-habits-and-desi-shopping-jokes
HJ-000094,shopping,extreme-bargaining,hinglish,dialogue,"Customer: Bhaiya ye branded kurti kitne ki hai? \n Shopkeeper: 2500 rupaye ki ma'am. \n Customer: 400 me doge kya? \n Shopkeeper (hairaan): Madam, 400 me toh iska dupatta bhi nahi banta! \n Customer: Theek hai, toh 400 me dupatta hi pack kar do!",True,ScoopWhoop & MensXP,https://www.scoopwhoop.com/humour/middle-class-habits-and-desi-shopping-jokes
HJ-000095,shopping,delivery-fee-strike,hinglish,monologue,"Online shopping ka psychology: Cart me 3500 rupaye ke kapde add kiye, checkout par 49 rupaye ki delivery fee dekh kar dil toot gaya aur pura order hi cancel kar diya!",True,ScoopWhoop & MensXP,https://www.scoopwhoop.com/humour/middle-class-habits-and-desi-shopping-jokes
HJ-000096,money,salary-phases,hinglish,monologue,Monthly salary ka chaar-charni safar: \n 1st ko: Badshah Nawab. \n 10th ko: Aam Aadmi. \n 20th ko: Fakir Malang. \n 25th ke baad: 'Bhai bas 2 din me tere paise gpay karta hoon'!,True,ScoopWhoop & MensXP,https://www.scoopwhoop.com/humour/middle-class-habits-and-desi-shopping-jokes
HJ-000097,money,dad-money-breakdown,hinglish,dialogue,"Beta: Papa mujhe college trip ke liye 1000 rupaye chahiye the. \n Papa: 800? 600 ka kya karega? 400 bohot hote hain, ye le 200 aur 100 shaam ko wapas laana!",True,ScoopWhoop & MensXP,https://www.scoopwhoop.com/humour/middle-class-habits-and-desi-shopping-jokes
HJ-000098,money,empty-wallet,hinglish,monologue,Mahine ke aakhri hafte me wallet khol kar dekha toh bas do cheezein mili: Ek purana passport size photo aur chaar failed transaction ke ATM receipts!,True,ScoopWhoop & MensXP,https://www.scoopwhoop.com/humour/middle-class-habits-and-desi-shopping-jokes
HJ-000099,middle-class,toothpaste-belan,hinglish,monologue,"Middle class ghar ka toothpaste law: Jab tak tube par belan chala kar aur ant me use kainchi se kaat kar ungli se aakhri boond na nikaal li jaye, tab tak naya toothpaste packet kholna paap hai!",True,ScoopWhoop & MensXP,https://www.scoopwhoop.com/humour/middle-class-habits-and-desi-shopping-jokes
HJ-000100,middle-class,remote-battery-slap,hinglish,monologue,"TV remote ka cell jab down hota hai, toh middle class ghar me naya cell nahi aata... pehle remote ko sofa par thappad maarte hain, cell ko gol ghumate hain aur agle 6 mahine wahi chalate hain!",True,ScoopWhoop & MensXP,https://www.scoopwhoop.com/humour/middle-class-habits-and-desi-shopping-jokes
HJ-000101,middle-class,cloth-life-cycle,hinglish,monologue,"Desi middle class kapde ka jeevan chakra: Pehle shaadi-party me, phir normal ghoomne me, phir ghar par daily wear, phir night dress, aur ant me kitchen ya bike ka pocha!",True,ScoopWhoop & MensXP,https://www.scoopwhoop.com/humour/middle-class-habits-and-desi-shopping-jokes
HJ-000102,desi-life,chai-hospitality,hinglish,dialogue,"Desi mehmaannawazi ka niyam: Agar koi ghar par aaye aur puchhe 'Chai piyoge?' aur aap bol dein 'Nahi shukriya', toh wo phir bhi ek kadak cup bana kar saamne rakh denge aur bolenge: 'Thodi si pee lo, ab toh ban hi gayi hai'!",True,ScoopWhoop & MensXP,https://www.scoopwhoop.com/humour/middle-class-habits-and-desi-shopping-jokes
HJ-000103,desi-life,parental-alarm,hinglish,dialogue,"Indian parents ka special alarm clock: Subah 6:30 baje room me aakar ghadi dekh kar chillayenge: 'Utho jaldi! 8:30 baj gaye hain, poora din bistar me hi bitaoge kya?'",True,ScoopWhoop & MensXP,https://www.scoopwhoop.com/humour/middle-class-habits-and-desi-shopping-jokes
HJ-000104,desi-life,electronic-slap-repair,hinglish,monologue,"Desi technician principle: Duniya ka koi bhi electronic appliance ho - chahe TV, cooler ya remote - jab tak use upar se do thappad na padein, tab tak use pata hi nahi chalta ki use theek se chalna hai!",True,ScoopWhoop & MensXP,https://www.scoopwhoop.com/humour/middle-class-habits-and-desi-shopping-jokes
HJ-000105,marriage,wedding-butter-naan,hinglish,monologue,"Shaadi ke buffet me ladke ne daba-daba kar 10 butter naan pel diye. Aadhi raat ko pet me aisi aag lagi ki bathroom me baith kar bol pada: 'Hey bhagwan, ya toh jaan nikaal le, ya naan nikaal le!'",True,Times of India & Duniyahaigol,https://timesofindia.indiatimes.com/humour/jokes/wedding-naan-kundali-and-gym-funny-chutkule
HJ-000106,marriage,kundali-36-gun,hinglish,dialogue,"Pandit ji ne kundali milayi toh 36 ke 36 gun match ho gaye! Phir bhi ladke ke baap ne shaadi se saaf inkaar kar diya. \n Ladki wale (hairaan hokar): Jab 36 gun mil rahe hain toh mana kyu kar rahe hain? \n Ladke ka baap: Hamara beta toh poora nalayak aur awara hai, ab kya bahu bhi bilkul aisi hi le aayein!",True,Times of India & Duniyahaigol,https://timesofindia.indiatimes.com/humour/jokes/wedding-naan-kundali-and-gym-funny-chutkule
HJ-000107,marriage,wishing-well-wife,hinglish,monologue,"Pati aur patni mannat maangne wale kuye ke paas gaye. Pehle pati ne sikka daala, fir patni ne sikka daala toh uska pair phisla aur wo kuye me gir gayi! Pati ki aankho me aansu aa gaye aur hath jod kar bola: 'Hey bhagwan, itni fast delivery ki ummeed nahi thi!'",True,Times of India & Duniyahaigol,https://timesofindia.indiatimes.com/humour/jokes/wedding-naan-kundali-and-gym-funny-chutkule
HJ-000108,single-life,mutual-agreement,hinglish,dialogue,"Dost: Bhai tu itne saalon se single kyu betha hai? \n Single Boy: Dekh bhai, main single apni marzi se nahi hoon, balki shehar ki saari ladkiyon ki aapsi sehmati se hoon!",True,Times of India & Duniyahaigol,https://timesofindia.indiatimes.com/humour/jokes/wedding-naan-kundali-and-gym-funny-chutkule
HJ-000109,single-life,valentine-schedule,hinglish,monologue,"14th February ko couples ka schedule: Rose, Teddy, Candle light dinner aur 10,000 ka bill. \n Singles ka schedule: Subah 11 baje uthna, pet bhar rajma-chawal pelna aur blanket me ghus kar so jaana!",True,Times of India & Duniyahaigol,https://timesofindia.indiatimes.com/humour/jokes/wedding-naan-kundali-and-gym-funny-chutkule
HJ-000110,single-life,single-perks,hinglish,monologue,Single rehne ka sabse sukoon bhara faayda: Raat ko 11 baje phone ka charger dhoondhne ke alawa zindagi me koi doosra tension hi nahi hota!,True,Times of India & Duniyahaigol,https://timesofindia.indiatimes.com/humour/jokes/wedding-naan-kundali-and-gym-funny-chutkule
HJ-000111,love-dating,biological-attack,hinglish,dialogue,"Boyfriend: Jaan, main sach me tumhare bina ek pal bhi nahi jee sakta! \n Girlfriend: Achha ji? Toh abhi 5 minute saans rok kar dikhao! \n Boyfriend: Pagli, main romantic talk kar raha tha, tu toh seedha biological attack par utar aayi!",True,Times of India & Duniyahaigol,https://timesofindia.indiatimes.com/humour/jokes/wedding-naan-kundali-and-gym-funny-chutkule
HJ-000112,love-dating,first-date-salad,hinglish,dialogue,"First date par restaurant me: \n Boyfriend: Tum apne liye kya order karogi? \n Girlfriend: Main toh bas green tea aur cucumber salad leti hoon... \n Shaadi ke 6 mahine baad: 'Suno, aate waqt 2 plate chhole kulche aur 1 kilo gulab jamun lete aana, bhookh lag rahi hai!'",True,Times of India & Duniyahaigol,https://timesofindia.indiatimes.com/humour/jokes/wedding-naan-kundali-and-gym-funny-chutkule
HJ-000113,love-dating,crush-overthinking,hinglish,monologue,"Crush ne bas hallway me chalte huye ek second ke liye dekh kar halki si smile kya di... ladke ne dimaag me shaadi ka venue, 2 bachho ke naam aur future home loan tak plan kar liya!",True,Times of India & Duniyahaigol,https://timesofindia.indiatimes.com/humour/jokes/wedding-naan-kundali-and-gym-funny-chutkule
HJ-000114,food,biryani-elaichi,hinglish,monologue,"Biryani lovers ka dard: Dum Biryani khate waqt daant ke neeche elaichi ka aana bilkul waisa hi hai, jaise climax romantic scene ke beech me YouTube par 20 second ka non-skippable ad aa jaye!",True,Times of India & Duniyahaigol,https://timesofindia.indiatimes.com/humour/jokes/wedding-naan-kundali-and-gym-funny-chutkule
HJ-000115,food,diet-vs-golgappa,hinglish,monologue,"Desi dieting struggle: Subah se oats aur boiled egg khaye, shaam ko gali ke mod par golgappe wale ka thela dekh kar aatma ne bagawat kar di aur 4 plate teekhe paani-puri pel diye!",True,Times of India & Duniyahaigol,https://timesofindia.indiatimes.com/humour/jokes/wedding-naan-kundali-and-gym-funny-chutkule
HJ-000116,food,doctor-chai-cup,hinglish,dialogue,"Doctor: Health theek rakhni hai toh din bhar me bas ek chhota cup chai piya karo. \n Patient: Theek hai doctor sahab, maine market se 1 litre capacity wala beer mug khareed liya hai, ab usi me chai pita hoon!",True,Times of India & Duniyahaigol,https://timesofindia.indiatimes.com/humour/jokes/wedding-naan-kundali-and-gym-funny-chutkule
HJ-000117,fitness-gym,sore-toothpaste,hinglish,monologue,1st January ko high motivation ke sath 1 saal ki gym membership li. 2nd January ko pure shareer me itna khatarnak dard hua ki toothpaste ka dhakkan kholne ke liye bhi roommate ki madad leni padi!,True,Times of India & Duniyahaigol,https://timesofindia.indiatimes.com/humour/jokes/wedding-naan-kundali-and-gym-funny-chutkule
HJ-000118,fitness-gym,diet-samosa,hinglish,dialogue,Trainer: Weight loss karna hai toh roz 5 km running ke baad sugar-free green tea piyo. \n Client: Sir green tea ke saath do garam samose aur meethi chutney chalegi kya?,True,Times of India & Duniyahaigol,https://timesofindia.indiatimes.com/humour/jokes/wedding-naan-kundali-and-gym-funny-chutkule
HJ-000119,fitness-gym,gym-selfie-workout,hinglish,monologue,"Modern gym workout schedule: 5 minute cardio, 5 minute dumbbell, aur agle 50 minute tak gym ke bade mirror ke saamne biceps flex karke 100 selfies aur 4 reels shoot karna!",True,Times of India & Duniyahaigol,https://timesofindia.indiatimes.com/humour/jokes/wedding-naan-kundali-and-gym-funny-chutkule
HJ-000120,travel,train-ticket-proof,hinglish,dialogue,TT ne platform par pakad liya: Ticket dikhao! \n Yatri: Arre main train me baith kar aaya hi nahi! \n TT: Is baat ka kya saboot hai tumhare paas? \n Yatri: Saboot yahi hai sir ki mere paas ticket nahi hai!,True,Amar Ujala & LiveHindustan,https://www.amarujala.com/humour-jokes/train-traffic-exams-pappu-and-santa-banta-chutkule
HJ-000121,travel,upper-berth-sleep,hinglish,dialogue,Pappu: Yaar kal raat train me mujhe bilkul neend nahi aayi. Ek toh upper berth mili thi aur upar se garmi bohot thi. \n Dost: Arre toh neeche kisi se seat exchange kar leta na! \n Pappu: Kisse exchange karta bhai? Neeche wali seat par koi tha hi nahi!,True,Amar Ujala & LiveHindustan,https://www.amarujala.com/humour-jokes/train-traffic-exams-pappu-and-santa-banta-chutkule
HJ-000122,travel,paratha-suitcase-chain,hinglish,monologue,"Indian train journey ka niyam: Train platform chhodte hi pehle seat ke neeche lohe ki chain se suitcase lock karenge, aur theek 5 minute baad poora parivaar aloo ke parathe aur aam ka achaar khol kar khana shuru kar dega!",True,Amar Ujala & LiveHindustan,https://www.amarujala.com/humour-jokes/train-traffic-exams-pappu-and-santa-banta-chutkule
HJ-000123,driving-traffic,lucky-cycle-hit,hinglish,dialogue,"Cycle wale ne paidal ja rahe aadmi ko takkar maar di aur bola: 'Bhai sahab, aap bohot kismat wale ho!' \n Ghayal aadmi: 'Ek toh takkar maari aur upar se kehta hai kismat wala hoon?' \n Cycle wala: 'Haan bhai, kyu ki aaj meri truck ki chhutti thi, warna socho kya hota!'",True,Amar Ujala & LiveHindustan,https://www.amarujala.com/humour-jokes/train-traffic-exams-pappu-and-santa-banta-chutkule
HJ-000124,driving-traffic,traffic-police-yamraj,hinglish,dialogue,Traffic Police: Helmet kyu nahi pehna? \n Biker: Sir bas yahan saamne wali gali me hi jaa raha tha. \n Police: Toh kya Yamraj runway se flight leke aayenge? Wo bhi yahin saamne wali gali me hi ghoom rahe hain!,True,Amar Ujala & LiveHindustan,https://www.amarujala.com/humour-jokes/train-traffic-exams-pappu-and-santa-banta-chutkule
HJ-000125,driving-traffic,auto-meter-return,hinglish,dialogue,"Auto meter par 70 rupaye bane. \n Auto Driver: Sahab 120 rupaye de do. \n Passenger: Meter par toh 70 dikha raha hai! \n Auto Driver: Sahab aate waqt wahan se khaali aana padega, uska return fare kaun dega!",True,Amar Ujala & LiveHindustan,https://www.amarujala.com/humour-jokes/train-traffic-exams-pappu-and-santa-banta-chutkule
HJ-000126,exam-study,invigilator-cough,hinglish,dialogue,Teacher: Exam ke 3 ghante me student ka dimaag sabse tez aur active kab chalta hai? \n Student: Sir jab invigilator dusri taraf muh karke zordar khansi karta hai!,True,Amar Ujala & LiveHindustan,https://www.amarujala.com/humour-jokes/train-traffic-exams-pappu-and-santa-banta-chutkule
HJ-000127,exam-study,exam-feedback,hinglish,dialogue,"Student exam hall se haste hue seeti bajate bahar aaya. \n Dost: Bhai paper kaisa gaya? \n Student: Ekdum zabardast! Pehla sawal chhoot gaya, doosra aata nahi tha, teesre me galat likh diya, baaki sab first class!",True,Amar Ujala & LiveHindustan,https://www.amarujala.com/humour-jokes/train-traffic-exams-pappu-and-santa-banta-chutkule
HJ-000128,exam-study,supplement-sheet,hinglish,monologue,"Exam hall ke aakhri 15 minute: Jo bachha poore 2 ghante se ceiling fan ko dekh raha tha, wo achanak chillata hai: 'Sir supplement sheet lao jaldi!' Aur usme Bollywood movie ki kahani pel deta hai!",True,Amar Ujala & LiveHindustan,https://www.amarujala.com/humour-jokes/train-traffic-exams-pappu-and-santa-banta-chutkule
HJ-000129,pappu-style,india-gate-rice,hinglish,dialogue,"Teacher: Pappu batao, India Gate kya hai? \n Pappu: Sir, India Gate best quality ke basmati chawal hain! \n Teacher (hairaan): Aur Charminar kya hai? \n Pappu: Sir wo bohot mashhoor beedi ka brand hai!",True,Amar Ujala & LiveHindustan,https://www.amarujala.com/humour-jokes/train-traffic-exams-pappu-and-santa-banta-chutkule
HJ-000130,pappu-style,dry-hair-shampoo,hinglish,dialogue,"Pappu dukaan par gaya: Bhaiya ek shampoo ka bottle dena. \n Dukaanwale ne bottle di. \n Pappu: Is par likha hai 'For Dry Hair'... mere baal toh abhi paani se bheege hain, koi geele baalon wala shampoo dikhao!",True,Amar Ujala & LiveHindustan,https://www.amarujala.com/humour-jokes/train-traffic-exams-pappu-and-santa-banta-chutkule
HJ-000131,pappu-style,morning-walk-futility,hinglish,dialogue,"Doctor: Pappu, tum roz subah jogging kyu nahi karte? \n Pappu: Doctor sahab, jab pairon ko achhe se pata hai ki ghoom-fir kar wapas yahin aana hai, toh faltu me petrol kyu jalana!",True,Amar Ujala & LiveHindustan,https://www.amarujala.com/humour-jokes/train-traffic-exams-pappu-and-santa-banta-chutkule
HJ-000132,santa-banta-style,empty-stomach-banana,hinglish,dialogue,Banta: Santa tu khaali pet kitne kele kha sakta hai? \n Santa: Main 6 kele kha sakta hoon. \n Banta: Galat! Pehla kela khane ke baad pet khaali kahan bacha! Isliye tu bas ek hi kela kha sakta hai. \n Santa ghar gaya aur biwi se poochha: Tu khaali pet kitne kele kha sakti hai? \n Biwi: Main 4 kha sakti hoon. \n Santa: Dhhatt teri ki! Agar 6 bolti toh ek mast joke sunata!,True,Amar Ujala & LiveHindustan,https://www.amarujala.com/humour-jokes/train-traffic-exams-pappu-and-santa-banta-chutkule
HJ-000133,santa-banta-style,always-500-petrol,hinglish,dialogue,"Banta: Yaar Santa, petrol itna zyada mehenga ho gaya hai, desh me kitna aakrosh hai! \n Santa: Mujhe toh koi farak nahi padta bhai. Main pehle bhi 500 ka hi dalwata tha, aur aaj bhi 500 ka hi dalwata hoon!",True,Amar Ujala & LiveHindustan,https://www.amarujala.com/humour-jokes/train-traffic-exams-pappu-and-santa-banta-chutkule
HJ-000134,santa-banta-style,screen-cross-hammer,hinglish,dialogue,"Santa computer institute gaya. \n Teacher: Agar window band karni ho toh kone me bane red cross par click karo. \n Santa ne seedhe monitor par hathoda maar diya: 'Sir screen tod di hai, ab batao mouse kahan ghumaun?'",True,Amar Ujala & LiveHindustan,https://www.amarujala.com/humour-jokes/train-traffic-exams-pappu-and-santa-banta-chutkule
HJ-000135,question-answer,lemon-tree-river,hinglish,dialogue,"Question: Nadi ke beech me nimbu ka ped laga hai, nimbu kaise todoge? \n Answer: Chidiya ban kar ud kar todunga! \n Question: Par tumhe chidiya kaun banayega? \n Answer: Wahi jo nadi ke beech me nimbu ka ped lagayega!",True,ScoopWhoop & Quora & Amar Ujala,https://www.scoopwhoop.com/humour/17-good-bad-hindi-puns-and-desi-wordplay
HJ-000136,question-answer,doctor-lawyer-discount,hinglish,qa,"Question: Doctor aur Vakil ke peshe me kya bada antar hai? \n Answer: Vakil chahta hai aap musibat me faso aur doctor chahta hai aap beemar pado, par dono me ek badi similarity hai: Dono ki fees par 1 rupaye ka bhi discount nahi milta!",True,ScoopWhoop & Quora & Amar Ujala,https://www.scoopwhoop.com/humour/17-good-bad-hindi-puns-and-desi-wordplay
HJ-000137,question-answer,mosquito-party,hinglish,qa,"Question: Ek machhar doosre machhar se weekend par kya bolta hai? \n Answer: Chalo kisi badi wedding party me chalte hain, aaj raat sabka meetha khoon peeyenge!",True,ScoopWhoop & Quora & Amar Ujala,https://www.scoopwhoop.com/humour/17-good-bad-hindi-puns-and-desi-wordplay
HJ-000138,wordplay,jaw-simran,hinglish,dialogue,"Dentist Simran ka daant nikaalne ke baad muskura kar bola: 'JAW Simran JAW, jee le apni zindagi!'",True,ScoopWhoop & Quora & Amar Ujala,https://www.scoopwhoop.com/humour/17-good-bad-hindi-puns-and-desi-wordplay
HJ-000139,wordplay,vocabulary-cab,hinglish,qa,Question: How do you say 'She is calling an Uber cab' in just one English word? \n Answer: 'VOCABULARY' (Vo cab bula rahi)!,True,ScoopWhoop & Quora & Amar Ujala,https://www.scoopwhoop.com/humour/17-good-bad-hindi-puns-and-desi-wordplay
HJ-000140,wordplay,diplomacy-maasi,hinglish,qa,Question: How do you politely request your Maasi to take a holy dip in the river? \n Answer: 'DIPLOMACY' (Dip lo Maasi)!,True,ScoopWhoop & Quora & Amar Ujala,https://www.scoopwhoop.com/humour/17-good-bad-hindi-puns-and-desi-wordplay
HJ-000141,puns,casio-calculator,hinglish,qa,Question: What did one scientific calculator say to the other calculator in the morning? \n Answer: 'CASIO!' (Kaisi ho?),True,ScoopWhoop & Quora & Amar Ujala,https://www.scoopwhoop.com/humour/17-good-bad-hindi-puns-and-desi-wordplay
HJ-000142,puns,excel-battery,hinglish,dialogue,"Pati: Main laptop par PowerPoint presentation bana raha hoon. \n Patni: Remote ka cell down ho gaya hai, market se ek EXCEL leke aana!",True,ScoopWhoop & Quora & Amar Ujala,https://www.scoopwhoop.com/humour/17-good-bad-hindi-puns-and-desi-wordplay
HJ-000143,puns,koi-bath-nahi,hinglish,dialogue,"Dost: Bhai sardi bohot hai, maine pichhle teen din se nahaya nahi hai! \n Me: Arre chinta mat kar bhai, 'Koi BATH nahi'!",True,ScoopWhoop & Quora & Amar Ujala,https://www.scoopwhoop.com/humour/17-good-bad-hindi-puns-and-desi-wordplay
HJ-000144,puns,learnt-my-lehsun,hinglish,monologue,"Last night I ate super fiery spicy garlic chutney with parathas. This morning in the bathroom, I finally learnt my 'LEHSUN'!",True,ScoopWhoop & Quora & Amar Ujala,https://www.scoopwhoop.com/humour/17-good-bad-hindi-puns-and-desi-wordplay
HJ-000145,sarcasm,google-connection,hinglish,monologue,"Mera dimaag bilkul Google Search Engine ki tarah hi superfast hai, bas jab exam hall me baithta hoon tab screen par 'No Internet Connection' dikha deta hai!",True,ScoopWhoop & Quora & Amar Ujala,https://www.scoopwhoop.com/humour/17-good-bad-hindi-puns-and-desi-wordplay
HJ-000146,sarcasm,hero-look-bgm,hinglish,dialogue,"Dost: Naye kapde pehne hain, sach bata main kaisa lag raha hoon? \n Me: Bilkul Bollywood ka action hero lag raha hai bhai, bas background me thoda dukh bhara music bajna chahiye!",True,ScoopWhoop & Quora & Amar Ujala,https://www.scoopwhoop.com/humour/17-good-bad-hindi-puns-and-desi-wordplay
HJ-000147,sarcasm,money-not-everything,hinglish,monologue,Duniya ke gyaani log kehte hain ki 'Paisa sab kuch nahi hota'... par jab mahine ke end me wallet kholo toh pata chalta hai ki wahi sach me sab kuch hota tha!,True,ScoopWhoop & Quora & Amar Ujala,https://www.scoopwhoop.com/humour/17-good-bad-hindi-puns-and-desi-wordplay
HJ-000148,dad-jokes,surprise-test,hinglish,dialogue,"Dad: Beta kal school kyu nahi gaya tha? \n Son: Papa teacher ne bola tha ki kal class me 'Surprise Test' hoga. Agar main school chala jaata toh becharon ka surprise kharab ho jaata na! \n Dad: Wah beta, itne nek vichaar ke liye ye flying chappal gift me le lo!",True,ScoopWhoop & Quora & Amar Ujala,https://www.scoopwhoop.com/humour/17-good-bad-hindi-puns-and-desi-wordplay
HJ-000149,dad-jokes,water-delivery-dad,hinglish,dialogue,Dad sofa par baithe hue: Beta zara ek glass paani lana. \n Beta paani laata hai. \n Dad: Thanda nahi hai. \n Beta fridge se laata hai. \n Dad: Thoda normal mix kar de. \n Beta: Papa seedhe bol do na ki aalas aa raha tha aur mujhe exercise karwani thi!,True,ScoopWhoop & Quora & Amar Ujala,https://www.scoopwhoop.com/humour/17-good-bad-hindi-puns-and-desi-wordplay
HJ-000150,clean-family-friendly,geography-prayer,hinglish,monologue,"Chhote bachhe ne mandir me haath jod kar prarthana ki: 'Hey bhagwan ji, bas is baar Geography ke paper me Delhi ko Japan ki capital bana do, main answer sheet me wahi likh kar aaya hoon!'",True,ScoopWhoop & Quora & Amar Ujala,https://www.scoopwhoop.com/humour/17-good-bad-hindi-puns-and-desi-wordplay
HJ-000151,clean-family-friendly,pilot-ambition,hinglish,dialogue,"Chintu: Mummy, main bada hokar pilot banunga aur hawa me plane udaunga! \n Mummy: Beta pehle homework khatam kar le, warna papa ke purane scooter par poora shehar ghoomna padega!",True,ScoopWhoop & Quora & Amar Ujala,https://www.scoopwhoop.com/humour/17-good-bad-hindi-puns-and-desi-wordplay
HJ-000152,clean-family-friendly,prasad-equality,hinglish,dialogue,"Dadi: Beta prasad me kya loge, motichoor laddoo ya kaju katli? \n Pappu: Dadi bhagwan ke ghar me bhedbhav nahi karte, dono barabar-barabar meri plate me daal do!",True,ScoopWhoop & Quora & Amar Ujala,https://www.scoopwhoop.com/humour/17-good-bad-hindi-puns-and-desi-wordplay
HJ-000153,festival,soan-papdi-circle,hinglish,dialogue,"Padosi: Bhaisahab, ye lijiye Diwali ki shubhkaamnaayein aur ye meetha tohfa! \n Hum (dabba dekh kar man me): Arre nahi! Ye toh wahi Soan Papdi ka dabba hai jo pichhle saal maine Sharma ji ko diya tha, Sharma ji ne Verma ji ko aur Verma ji ne inko diya tha!",True,Times of India & Jagran,https://timesofindia.indiatimes.com/humour/jokes/diwali-soan-papdi-circulation-and-gully-cricket-rules
HJ-000154,festival,soan-papdi-pass,hinglish,monologue,"Diwali par Soan Papdi koi mithaai nahi hai, balki wo ek circulating football hai jise har parivaar doosre ke paale me pass karne ke liye hi khareedta hai!",True,Times of India & Jagran,https://timesofindia.indiatimes.com/humour/jokes/diwali-soan-papdi-circulation-and-gully-cricket-rules
HJ-000155,festival,holi-old-clothes,hinglish,monologue,"Holi ka niyam: Subah aisi t-shirt pehno jise pichhle 5 saal se pocha banane ki koshish ki ja rahi ho, taaki rang lagne ke baad fenkte waqt aatma ko shanti mile!",True,Times of India & Jagran,https://timesofindia.indiatimes.com/humour/jokes/diwali-soan-papdi-circulation-and-gully-cricket-rules
HJ-000156,cricket,gully-cricket-batting,hinglish,monologue,"Gully cricket ka samvidhanik niyam: Jis ladke ka bat hoga, pehli batting usi ki hogi... chahe pehli ball par clean bowled ho jaye, wo use trial ball bol kar dobara khelega!",True,Times of India & Jagran,https://timesofindia.indiatimes.com/humour/jokes/diwali-soan-papdi-circulation-and-gully-cricket-rules
HJ-000157,cricket,drain-ball-dead,hinglish,dialogue,"Bowler: Bhai catch le liya, tu out hai! \n Batsman: Arre pagal ho gaya hai kya? Gully ke rule ke hisaab se agar ball naali me girne ke baad pakdi jaye toh wo 'Dead Ball' hoti hai, out nahi!",True,Times of India & Jagran,https://timesofindia.indiatimes.com/humour/jokes/diwali-soan-papdi-circulation-and-gully-cricket-rules
HJ-000158,cricket,aunty-gamla-fear,hinglish,monologue,Gully cricket me sabse bada khauf bowling ya bouncer ka nahi hota... balki us saamne wale ghar ki aunty ka hota hai jinke terrace par ball jaate hi ball zapt ho jaati hai!,True,Times of India & Jagran,https://timesofindia.indiatimes.com/humour/jokes/diwali-soan-papdi-circulation-and-gully-cricket-rules
HJ-000159,bollywood-pop-culture,gabbar-kalia-dialogue,hinglish,dialogue,"Gabbar: Arre o Kalia, kitne aadmi the? \n Kalia: Sarkar, poore do aadmi the! \n Gabbar: Toh khaali haath kyu laut aaye? \n Kalia: Wo sarkaar, aapke dialogue maarte-maarte dono hero bike start karke nikal gaye!",True,CuttingTheChai & FilmyQuotes,https://www.cuttingthechai.com/humour/bollywood-sholay-gabbar-and-dialogue-jokes
HJ-000160,bollywood-pop-culture,dhanno-horse-fatigue,hinglish,dialogue,"Basanti: Bhaag Dhanno bhaag, aaj teri Basanti ki izzat ka sawal hai! \n Dhanno (ghodi): Arre Basanti, izzat toh teri bach jayegi, par pichhle 5 kilometer se daud-daud kar meri tangon me fracture ho jayega!",True,CuttingTheChai & FilmyQuotes,https://www.cuttingthechai.com/humour/bollywood-sholay-gabbar-and-dialogue-jokes
HJ-000161,bollywood-pop-culture,thakur-hands-washing,hinglish,dialogue,"Gabbar: Ye haath mujhe de de Thakur! \n Thakur: Le le bhai bina dare le le, par pehle ye bata ki jab bartan dhone ki baari aayegi toh kaun dhoega!",True,CuttingTheChai & FilmyQuotes,https://www.cuttingthechai.com/humour/bollywood-sholay-gabbar-and-dialogue-jokes
HJ-000162,daily-life,morning-alarm-snooze,hinglish,monologue,"Daily morning routine: Subah 6:00 baje alarm baje toh Snooze kiya, 6:15 par Snooze, 6:30 par Snooze... achanak aankh khuli toh 8:45 baj chuke the aur baaki ka routine 100 meter Olympic sprint ban gaya!",True,Lotpot & BeFunky & LiveHindustan,https://www.lotpot.com/humour/kids-chintu-and-relatable-daily-life-chutkule
HJ-000163,daily-life,three-essentials-door,hinglish,monologue,"Ghar ka darwaza lock karte waqt ki pavitra prathmikta: Phone, Wallet, aur Chabi... agar inme se ek bhi jeb me na mile toh darwaze se wapas bhaagna hi param shanti hai!",True,Lotpot & BeFunky & LiveHindustan,https://www.lotpot.com/humour/kids-chintu-and-relatable-daily-life-chutkule
HJ-000164,relatable,barber-haircut-approval,hinglish,dialogue,"Barber baal kaatne ke baad mirror dikhata hai: 'Bhaiya theek hai na?' \n Chahe usne baalon ka pineapple bana diya ho, dil se bas ek hi jhooth nikalta hai: 'Haan bhaiya, ekdum perfect!'",True,Lotpot & BeFunky & LiveHindustan,https://www.lotpot.com/humour/kids-chintu-and-relatable-daily-life-chutkule
HJ-000165,relatable,menu-reading-paneer,hinglish,monologue,"Desi restaurant rule: Restaurant me baith kar 10 minute tak Chinese, Continental aur Italian ka poora menu padhenge... aur ant me waiter aate hi bolenge: 'Bhaiya ek Paneer Butter Masala aur 3 Butter Naan le aao!'",True,Lotpot & BeFunky & LiveHindustan,https://www.lotpot.com/humour/kids-chintu-and-relatable-daily-life-chutkule
HJ-000166,kids,photographer-chintu,hinglish,dialogue,"Photographer 6 saal ke Chintu se bola: Beta camera ki taraf dekho, abhi isme se kabootar niklega! \n Chintu: Bewakoofon jaisi baatein mat kar uncle, lighting dekh, portrait mode laga, ISO 200 par rakh aur 4K me click kar!",True,Lotpot & BeFunky & LiveHindustan,https://www.lotpot.com/humour/kids-chintu-and-relatable-daily-life-chutkule
HJ-000167,kids,tiffin-lauki-refusal,hinglish,dialogue,"Mummy: Aaj school ke tiffin me lauki ki sabzi di thi, kha kar kyu nahi aaya? \n Chintu: Mummy maine bohot koshish ki, par lauki tiffin box se bahar aane ke liye taiyyar hi nahi hui!",True,Lotpot & BeFunky & LiveHindustan,https://www.lotpot.com/humour/kids-chintu-and-relatable-daily-life-chutkule
HJ-000168,kids,report-card-rent,hinglish,dialogue,"Papa: Beta tera report card kahan hai? \n Chintu: Papa wo maine dost ko kiraye par de diya hai. \n Papa: Kiraye par kyu? \n Chintu: Uska report card achha aa gaya tha, aur aaj uska papa se maar khane ka mood ho raha tha!",True,Lotpot & BeFunky & LiveHindustan,https://www.lotpot.com/humour/kids-chintu-and-relatable-daily-life-chutkule
HJ-000169,adult-clean,age-weather-forecast,hinglish,monologue,Adult life ka sach: 30 ki umra paar karte hi shareer ke joints weather forecast center ban jaate hain... barish shuru hone se aadha ghanta pehle hi kamar aur ghutna bol padta hai!,True,Lotpot & BeFunky & LiveHindustan,https://www.lotpot.com/humour/kids-chintu-and-relatable-daily-life-chutkule
HJ-000170,adult-clean,home-loan-loyalty,hinglish,monologue,"30 saal ke home loan lene ke baad insaan jitni wafadaari aur obedience bank manager ko dikhata hai, utni toh pet dog bhi apne maalik ko nahi dikhata!",True,Lotpot & BeFunky & LiveHindustan,https://www.lotpot.com/humour/kids-chintu-and-relatable-daily-life-chutkule
HJ-000171,adult-clean,aadhar-vs-body-feel,hinglish,dialogue,"Doctor: Aapki age kya hai? \n Patient: Doctor sahab, Aadhar Card par 31 likha hai, par subah so kar uthte waqt feel bilkul 70 saal ke pensioner jaisa hota hai!",True,Lotpot & BeFunky & LiveHindustan,https://www.lotpot.com/humour/kids-chintu-and-relatable-daily-life-chutkule
HJ-000172,other,extra-sukhi-papdi,hinglish,monologue,Golgappe wale bhaiya se paani-puri khatam hone ke baad hath aage karke 'Bhaiya ek extra sukhi papdi dena masala daal ke' maangna har bhartiya ka samvidhanik adhikar hai!,True,Lotpot & BeFunky & LiveHindustan,https://www.lotpot.com/humour/kids-chintu-and-relatable-daily-life-chutkule
HJ-000173,other,chai-tapri-geopolitics,hinglish,monologue,"Chai ki tapri par 10 rupaye ki cutting chai haath me lekar do desi dost poori duniya ki geopolitics, Indian cricket team selection aur share market ka mustaqbil 7 minute me decide kar dete hain!",True,Lotpot & BeFunky & LiveHindustan,https://www.lotpot.com/humour/kids-chintu-and-relatable-daily-life-chutkule
HJ-000174,husband-wife,diamond-necklace-dream,hinglish,dialogue,"Patni neend se uthte hi romantic hokar boli: Sunte ho ji? Mujhe abhi sapna aaya ki aap mere liye heeron ka chamchamata haar leke aaye ho! \n Pati: Theek hai, toh jaldi se wapas so jao aur pehan kar ghoomo!",True,Amar Ujala & LiveHindustan,https://www.amarujala.com/humour-jokes/pati-patni-doctor-pappu-and-santa-banta-new-chutkule
HJ-000175,husband-wife,tea-bag-taweez,hinglish,dialogue,"Pati (gusse me shaq karte hue): Tune meri chai me taweez kyu daal rakha hai? Mujhe vash me karne ke liye? \n Patni: Pagal ho gaye ho kya, ye taweez nahi, Green Tea ka Tea-Bag hai!",True,Amar Ujala & LiveHindustan,https://www.amarujala.com/humour-jokes/pati-patni-doctor-pappu-and-santa-banta-new-chutkule
HJ-000176,husband-wife,tv-company-maayka,hinglish,dialogue,"Patni: Tum har ladai me mere maayke walo ko beech me kyu kheench laate ho? \n Pati: Dekho, jab TV me koi technical kharab aati hai toh TV ko thodi dosh dete hain, gaali toh company walo ko hi padti hai!",True,Amar Ujala & LiveHindustan,https://www.amarujala.com/humour-jokes/pati-patni-doctor-pappu-and-santa-banta-new-chutkule
HJ-000177,husband-wife,one-badam-taste,hinglish,dialogue,"Pati badam kha raha tha. \n Biwi: Suno na, mujhe bhi taste karao! \n Pati ne jeb se ek badam nikaal kar biwi ko de diya. \n Biwi: Bas ek hi badam doge? \n Pati: Haan, kyu ki baaki sabka bhi taste bilkul aisa hi hai!",True,Amar Ujala & LiveHindustan,https://www.amarujala.com/humour-jokes/pati-patni-doctor-pappu-and-santa-banta-new-chutkule
HJ-000178,husband-wife,mouth-watering-dish,hinglish,dialogue,"Pati: Yaar bohot pyaas lagi hai, ek glass paani le aao. \n Patni: Kyu na aaj main tumhare liye matar paneer aur shahi pulao banau? \n Pati: Waah! Muh me paani aa gaya! \n Patni: Bas aa gaya na paani? Usi se kaam chala lo!",True,Amar Ujala & LiveHindustan,https://www.amarujala.com/humour-jokes/pati-patni-doctor-pappu-and-santa-banta-new-chutkule
HJ-000179,teacher-student,lizard-bournvita,hinglish,dialogue,"Teacher: Pappu batao, chipkali kise kehte hain? \n Pappu: Chipkali ek bohot gareeb magarmachh hai sir, jise bachpan me Bournvita wala doodh nahi mila, isliye bechari kuposhan ka shikar ho gayi!",True,Amar Ujala & LiveHindustan,https://www.amarujala.com/humour-jokes/pati-patni-doctor-pappu-and-santa-banta-new-chutkule
HJ-000180,teacher-student,sun-lecture-sunstroke,hinglish,dialogue,"Teacher: Kal main class me sooraj (sun) par lecture dene jaa rahi hoon, koi class miss mat karna. \n Pappu: Madam main nahi aa paunga. \n Teacher: Kyu? \n Pappu: Wo kya hai na madam, meri mummy mujhe itni dhoop me itni door jaane hi nahi dengi!",True,Amar Ujala & LiveHindustan,https://www.amarujala.com/humour-jokes/pati-patni-doctor-pappu-and-santa-banta-new-chutkule
HJ-000181,teacher-student,ghazal-vs-bhashan,hinglish,dialogue,"Teacher: Hindi me Ghazal aur Bhashan me kya antar hai? \n Pappu: Sir, parayi aurat ka har shabd ghazal lagta hai aur apni biwi ka har shabd bhashan!",True,Amar Ujala & LiveHindustan,https://www.amarujala.com/humour-jokes/pati-patni-doctor-pappu-and-santa-banta-new-chutkule
HJ-000182,doctor-patient,temple-chappal-stress,hinglish,dialogue,"Doctor: Jab tum depression aur stress me hote ho, toh kya karte ho? \n Mareez: Ji main mandir chala jaata hoon. \n Doctor: Waah, wahan jaakar dhyaan aur dhyan-lagate ho? \n Mareez: Ji nahi, mandir ke baahar sab logo ke joote-chappal aapas me mix kar deta hoon... phir un logo ko gusse me pareshaan dekh kar mera stress chhoo-mantar ho jaata hai!",True,Amar Ujala & LiveHindustan,https://www.amarujala.com/humour-jokes/pati-patni-doctor-pappu-and-santa-banta-new-chutkule
HJ-000183,doctor-patient,afterlife-disease-query,hinglish,dialogue,"Doctor marne ke baad upar swarg pahuncha, wahan use apna purana mareez mil gaya. \n Mareez: Doctor sahab, ab toh hum dono mar chuke hain, ab toh sach bata do... aakhir mujhe beemari kya thi?!",True,Amar Ujala & LiveHindustan,https://www.amarujala.com/humour-jokes/pati-patni-doctor-pappu-and-santa-banta-new-chutkule
HJ-000184,doctor-patient,wife-sleeping-pills,hinglish,dialogue,"Pappu: Doctor sahab, koi badhiya dawaai dijiye, bohot zordar sar dard ho raha hai! \n Doctor: Is waqt aapko aaraam aur shaanti ki sabse zyada zaroorat hai. Main neend ki goliya likh raha hoon, roz raat ko apni biwi ko doodh me mila kar pila dena!",True,Amar Ujala & LiveHindustan,https://www.amarujala.com/humour-jokes/pati-patni-doctor-pappu-and-santa-banta-new-chutkule
HJ-000185,santa-banta-style,doctor-taxi-fare,hinglish,dialogue,"Santa clinic gaya: Doctor sahab, ghar aakar patient check karne ki kya fees hai? \n Doctor: 300 rupaye. \n Santa: Theek hai chaliye. \n Doctor apni gaadi se Santa ke ghar pahuncha aur poochha: Mareez kahan hai? \n Santa: Arre koi mareez nahi hai doctor sahab, taxi wala 500 maang raha tha aur aap 300 me chhod aaye!",True,Amar Ujala & LiveHindustan,https://www.amarujala.com/humour-jokes/pati-patni-doctor-pappu-and-santa-banta-new-chutkule
HJ-000186,santa-banta-style,target-practice-divorce,hinglish,dialogue,"Santa: Mujhe apni biwi se talak chahiye, wo roz bartan phenk kar maarti hai. \n Banta: Ye toh pichhle 3 saal se phenk rahi hai, ab achanak talak kyu? \n Santa: Kyu ki ab uska nishana pakka ho gaya hai!",True,Amar Ujala & LiveHindustan,https://www.amarujala.com/humour-jokes/pati-patni-doctor-pappu-and-santa-banta-new-chutkule
HJ-000187,santa-banta-style,elephant-grave-digger,hinglish,dialogue,"Banta ko phoot-phoot kar rota dekh Santa ne poochha: Tu itna kyu ro raha hai bhai, kya padosi ke haathi se bohot pyaar karta tha? \n Banta: Pyaar nahi karta tha bhai, mujhe uski qabr khodne ka theka mila hai!",True,Amar Ujala & LiveHindustan,https://www.amarujala.com/humour-jokes/pati-patni-doctor-pappu-and-santa-banta-new-chutkule
HJ-000188,school-college,semester-system-humiliation,hinglish,dialogue,"Professor: Semester system se students ko kya asar padta hai? \n Student: Fayda toh pata nahi sir, par saal me ek ki jagah do baar beizzati jhelne ki aadat pad jaati hai!",True,Amar Ujala & LiveHindustan,https://www.amarujala.com/humour-jokes/college-viva-exam-semester-and-student-chutkule
HJ-000189,school-college,viva-newton-law,hinglish,dialogue,"External Viva Examiner: Newton ka teesra niyam (Third Law) kya hai? \n Student: Sir shuruat ki lines toh bhool gaya, bas aakhri line pakki yaad hai. \n Examiner: Chalo aakhri line hi suna do! \n Student: '...aur isi ko Newton ka teesra niyam kehte hain!'",True,Amar Ujala & LiveHindustan,https://www.amarujala.com/humour-jokes/college-viva-exam-semester-and-student-chutkule
HJ-000190,school-college,history-definition-kand,hinglish,dialogue,"Teacher: Sanju batao, 'Itihaas' (History) kise kehte hain? \n Sanju: Sir jab purane jamane ke log kand karke mar jaate hain aur unki galtiyon ki saza exam me hume yaad karke bhugtani padti hai, use itihaas kehte hain!",True,Amar Ujala & LiveHindustan,https://www.amarujala.com/humour-jokes/college-viva-exam-semester-and-student-chutkule
HJ-000191,school-college,save-trees-cancel-exams,hinglish,dialogue,"Teacher: Pedon aur jungle ki katai rokne ka koi solid upay batao. \n Student: Sir saare school aur college exams cancel kar do, hazaro ton paper bachega aur jungle bach jayenge!",True,Amar Ujala & LiveHindustan,https://www.amarujala.com/humour-jokes/college-viva-exam-semester-and-student-chutkule
HJ-000192,office-work,companies-chasing-hike,hinglish,dialogue,"Employee: Sir, mujhe turant 30% salary hike chahiye, kyu ki aaj kal do bohot badi companiyan mere peeche lagi hui hain! \n Boss (hairaan hokar): Kaun si companiyan? \n Employee: Ek bijli ke bill wali aur doosri paani ke bill wali!",True,LiveHindustan & Corporate Humour,https://www.livehindustan.com/lifestyle/story-office-salary-hike-and-corporate-meeting-jokes.html
HJ-000193,office-work,car-emi-hike-cycle,hinglish,dialogue,"Employee: HR ma'am, meri salary thodi aur badha dijiye. \n HR: Par pichhle mahine hi toh tumhe hike mili thi! \n Employee: Ma'am wo hike toh maine us nayi car ki EMI bharne ke liye li thi jo maine pichhli hike milne ki khushi me khareed li thi!",True,LiveHindustan & Corporate Humour,https://www.livehindustan.com/lifestyle/story-office-salary-hike-and-corporate-meeting-jokes.html
HJ-000194,office-work,meeting-purpose-meeting,hinglish,monologue,"Corporate office meeting ka ajeeb dukh: 1 ghante ki meeting me sirf 5 minute kaam ki baat hoti hai, aur baaki 55 minute ye decide karne me nikal jaate hain ki agali meeting kab aur kis time par rakhni hai!",True,LiveHindustan & Corporate Humour,https://www.livehindustan.com/lifestyle/story-office-salary-hike-and-corporate-meeting-jokes.html
HJ-000195,brother-sister,rakhi-gpay-demand,hinglish,dialogue,"Bhai (Raksha Bandhan par baithkar): Behna ab aarti utar kar rakhi baandh bhi de! \n Behen: Kalai peeche karo bhaiya, pehle 5000 rupaye GPay karo, screenshot verified dekhne ke baad hi dori bandhegi!",True,AajTak & LiveHindustan,https://www.aajtak.in/lifestyle/humour/bhai-behen-rakhi-demands-and-wifi-bill-chutkule
HJ-000196,brother-sister,wifi-bill-threat,hinglish,dialogue,"Bhai: Tu itni der se kamre ka darwaza band karke kisse ghanto baat kar rahi hai? \n Behen: Jisse bhi karu, tujhe kya matlab? \n Bhai: Achha theek hai, toh agle mahine ka Wi-Fi recharge bhi usi se karwa lena, main password badal raha hoon!",True,AajTak & LiveHindustan,https://www.aajtak.in/lifestyle/humour/bhai-behen-rakhi-demands-and-wifi-bill-chutkule
HJ-000197,brother-sister,crush-rakhi-disaster,hinglish,dialogue,Ladka: Bhai aaj poori himmat juta kar college me crush ko rose dekar propose kiya tha! \n Dost: Phir kya hua bhai? \n Ladka: Us chudail ne bag se rakhi nikaal kar meri kalai par baandh di aur boli 'I love you mere pyare bhaiya'!,True,AajTak & LiveHindustan,https://www.aajtak.in/lifestyle/humour/bhai-behen-rakhi-demands-and-wifi-bill-chutkule
HJ-000198,middle-class,bag-of-bags-heritage,hinglish,monologue,"Desi middle class kitchen ki parampara: Har ghar me ek aisi 'Mahabali Plastic Thaili' hoti hai jiske pet ke andar pichhle 5 saalon ki 200 aur thailiyan thhuns kar rakhi hoti hain, taaki aane wali agali teen peedhiyon ko kabhi polythene ki kami na ho!",True,ScoopWhoop & MensXP,https://www.scoopwhoop.com/humour/desi-middle-class-habits-bag-of-bags-and-parle-g-chai
HJ-000199,middle-class,parle-g-martyrdom,hinglish,monologue,"Zindagi me ek desi insaan ko sabse gehra dukh tab hota hai, jab garam chai me duboya hua Parle-G biscuit muh tak pahunchne se theek ek second pehle pyali ke andar toot kar shaheed ho jata hai!",True,ScoopWhoop & MensXP,https://www.scoopwhoop.com/humour/desi-middle-class-habits-bag-of-bags-and-parle-g-chai
HJ-000200,cricket,drain-ball-retrieval,hinglish,monologue,"Gully cricket ka niyam no. 7: Agar batsman ke zordar shot se ball saamne wali naali me chali gayi, toh batsman out nahi hoga... par naali me ghus kar ball nikaalne aur use paani se dhone ki saza usi batsman ki hogi!",True,Times of India & Gully Cricket Chronicles,https://timesofindia.indiatimes.com/humour/jokes/gully-cricket-drain-ball-and-wall-six-rules
HJ-000201,cricket,wall-six-veranda-out,hinglish,dialogue,"Gully cricket boundary rule: Deewar ko direct ball lagi toh six run... par agar ball deewar taap kar padosi Sharma ji ke veranda me giri toh batsman out, aur Sharma ji se daant kha kar ball wapas laane ka risk bhi usi ka!",True,Times of India & Gully Cricket Chronicles,https://timesofindia.indiatimes.com/humour/jokes/gully-cricket-drain-ball-and-wall-six-rules
HJ-000202,teacher-student,web-curated,hinglish,dialogue,"char: kal main sooraj par laikchar dene jaa rahi hoon, tum log class mis mat karana. Pappu: lekin main nahi aa paoonga Madam.. Teacher: kyoon Pappu: woh kya hai ki meri Mummy mujhe itani door nahi jane dengi. 🤣",True,HindiKathaKosh Curated Jokes,https://hindikathakosh.com/best-hindi-jokes-funny-chutkule/
HJ-000203,teacher-student,web-curated,hinglish,dialogue,"beemar Pappu ko dekhane uski Teacher uske ghar aaeen. Teacher ne dekha ki monu bistar par sir ke bal khada huaa hai . Teacher: mainne suna tha ki tum beemar ho par tum toh sheershasan kar rahe ho! Pappu: maim beemar hi hoon. abhi siradard kee goli khaayi hai, kaheen galati se pet mein na chali jae, isalie sir ke bal khada hoon! 🤣",True,HindiKathaKosh Curated Jokes,https://hindikathakosh.com/best-hindi-jokes-funny-chutkule/
HJ-000204,teacher-student,web-curated,hinglish,dialogue,"Teacher gusse mein: Pappu yahan main padha rahi hoon aur tum bate kar rahe ho? Pappu, Teacher se: yahan hum baten kar rahe hain aur aap humein padhane mein lagi hain! 🤣",True,HindiKathaKosh Curated Jokes,https://hindikathakosh.com/best-hindi-jokes-funny-chutkule/
HJ-000205,teacher-student,web-curated,hinglish,dialogue,"Student paper de raha tha, paper mein pucha gaya ki — anuvad karen angreji mein –“santosh aam khata hai !” Student: Ek Student ne anuvad kiya , jise padhakar aapki hi nahi angreji kee bhi aatma kanp gayi satisfaction is a general account!! 🤣",True,HindiKathaKosh Curated Jokes,https://hindikathakosh.com/best-hindi-jokes-funny-chutkule/
HJ-000206,teacher-student,web-curated,hinglish,dialogue,Teacher: apane Papa ka nam angreji mein bolo? stoodent: byootiphul red andaraviyar! Teacher: kya bakavas hai hindi mein batao? stoodent: sundar lal chaddha…🤣,True,HindiKathaKosh Curated Jokes,https://hindikathakosh.com/best-hindi-jokes-funny-chutkule/
HJ-000207,teacher-student,web-curated,hinglish,dialogue,"Teacher: batao tumhar homavark kahan hai… Pappu: Madam Facebook par chek karie, mainne skreenashot apalod kar diye hain aur aapko taig bhi kar diya hai. 🤣",True,HindiKathaKosh Curated Jokes,https://hindikathakosh.com/best-hindi-jokes-funny-chutkule/
HJ-000208,teacher-student,web-curated,hinglish,dialogue,Ek Master ji ne Student se pucha – Master ji: gajal aur bhashan mein kya antar hai ? Student: paraayi aurat ka har shabd gajal hai auraapani beebi ka har shabd bhashan !! 🤣,True,HindiKathaKosh Curated Jokes,https://hindikathakosh.com/best-hindi-jokes-funny-chutkule/
HJ-000209,teacher-student,web-curated,hinglish,dialogue,"Teacher: Sanju, batao “itihas” kise kahate hain? Sanju: Sir, jab purane jamane ke log kand karake mar jaate the aur humein ab unhe yad karna padata hai, usi ko itihas kahate hain. Teacher: chup kar! gadhe kaheen ke. 🤣",True,HindiKathaKosh Curated Jokes,https://hindikathakosh.com/best-hindi-jokes-funny-chutkule/
HJ-000210,teacher-student,web-curated,hinglish,dialogue,Teacher: kaun si jati ke log acche nagarik hote hain ? Student: banie ! Teacher: woh kaise ? Student: kyonki Sir har jagah likha hota hai desh ke acche nagarik “banie “. 🤣,True,HindiKathaKosh Curated Jokes,https://hindikathakosh.com/best-hindi-jokes-funny-chutkule/
HJ-000211,teacher-student,web-curated,hinglish,dialogue,"Teacher: Pappu, chalo ab mujhe votar ka phormoola batao… Pappu: HIJKLMNO Teacher: gadhe! yeh kya bakavas hai… Pappu: aapane hi toh votar ka phormoola H to O bataya tha. 🤣",True,HindiKathaKosh Curated Jokes,https://hindikathakosh.com/best-hindi-jokes-funny-chutkule/
HJ-000212,teacher-student,web-curated,hinglish,dialogue,Master ji: sabase zyada nasha kisamen hota hai? Student: kitab mein Master ji: kaise? Student: kyonki kitab kholate hi neend aa jaati hai 🤣,True,HindiKathaKosh Curated Jokes,https://hindikathakosh.com/best-hindi-jokes-funny-chutkule/
HJ-000213,teacher-student,web-curated,hinglish,dialogue,Teacher: golu tum kaayi dinon se school nahi aa rahe the kahan the ? golu: bard phlu ho gaya tha Teacher: tumhe bard phlu yeh toh bard ko hota hai… golu: aapane mujhe insan samajha hi kahan roz toh murga banate ho !!! 🤣,True,HindiKathaKosh Curated Jokes,https://hindikathakosh.com/best-hindi-jokes-funny-chutkule/
HJ-000214,teacher-student,web-curated,hinglish,dialogue,"Teacher: dekho beta,juaa nahi khelate. yeh aisi aadat hai ki yadi isamen aaj jeetoge toh kal haroge, parso jeetoge toh usse agale din har jaoge. bigadail stoodent: bus, Madam! main samajh gaya, aage se main Ek din chhodakar khela karoonga. 🤣",True,HindiKathaKosh Curated Jokes,https://hindikathakosh.com/best-hindi-jokes-funny-chutkule/
HJ-000215,teacher-student,web-curated,hinglish,dialogue,"teetu: Sir, log hindi ya inglish mein hi kyu bolate hain. maiths mein kyu nahi? Teacher: zyada 3 -5 mat karo , 9 -2 -11 ho jao , nahi toh 5 -7 kheench kar doonga toh 6 ke 36 najar aaenge aur 32 ke 32 bahar nikal aaenge. teetu: bus sara…samajh gaya, hindi inglish hi theek hai ,maiths kee bhasha toh badi khauphanak hai. 🤣",True,HindiKathaKosh Curated Jokes,https://hindikathakosh.com/best-hindi-jokes-funny-chutkule/
HJ-000216,teacher-student,web-curated,hinglish,dialogue,Teacher: tum padhane mein dhyan kyu nahi dete ho ? teetu: kyonki padhaayi sirph Do vajah se kee jaati hai. pahala karan hai dar aur doosara karan shauk bina vajah ke shauk hum palate nahi aur darate toh hum kisi ke Baap se nahi 🤣,True,HindiKathaKosh Curated Jokes,https://hindikathakosh.com/best-hindi-jokes-funny-chutkule/
HJ-000217,teacher-student,web-curated,hinglish,dialogue,"shikshak: chhatron 15 phalon ke nam batao… Student: aam ! shikshak: shabash, bahut acche… Student: amarud shikshak: gud… Student: seb shikshak: vairi gud, Teen ho gaye — banki 12 aur batao ? Student: 1 darjan kele !! 🤣",True,HindiKathaKosh Curated Jokes,https://hindikathakosh.com/best-hindi-jokes-funny-chutkule/
HJ-000218,teacher-student,web-curated,hinglish,dialogue,"Teacher: ghar kee parabhasha batao . teetu: jo ghar hausale se banaye jaate hain use “haoos” kahate hain jin gharon mein hom-havan hote hain unhe “hom” kahate hain jin gharon mein hava zyada chalati hai unhe “haveli""kahate hain jin gharon mein deevaron ke bhi kan hote hain unhe “makan” kahate hain jin gharon ke loan ke instolament bharate-bharate aadmi let jaata hai unhe “phlait” kahate hain aur jin gharon mein yeh bhi na pata ho ki bagal ke ghar mein kaun rahata hai unhe “bangala” kahate hain teetu ko student of the year chuna gaya 🤣",True,HindiKathaKosh Curated Jokes,https://hindikathakosh.com/best-hindi-jokes-funny-chutkule/
HJ-000219,teacher-student,web-curated,hinglish,dialogue,"Teacher: kya baat hai aaj tum pahali baar class mein baat kar rahi ho ? hamesha tum najaren jhuka kar meri baten bade dhyan se sunati thi ! aaj tumhe kya ho gaya hai ? pinki: Sir ji ,aaj mera net paik khatm ho gaya hai !! 🤣",True,HindiKathaKosh Curated Jokes,https://hindikathakosh.com/best-hindi-jokes-funny-chutkule/
HJ-000220,teacher-student,web-curated,hinglish,dialogue,Teacher: jo bewakoof hai woh khada ho jae teetu: khada ho gaya Teacher: tum bewakoof ho ? teetu: nahi Madam aap akeli khadi theen mujhe accha nahi laga 🤣,True,HindiKathaKosh Curated Jokes,https://hindikathakosh.com/best-hindi-jokes-funny-chutkule/
HJ-000221,teacher-student,web-curated,hinglish,dialogue,Teacher: 4 aur 4 kitne hote hain? teetu: 10 hote hain. Teacher: 8 hote hain…nalayak teetu: hum diladar ghar se hain… 2 mainne apane khud ke bhi dale hain. 🤣,True,HindiKathaKosh Curated Jokes,https://hindikathakosh.com/best-hindi-jokes-funny-chutkule/
HJ-000222,teacher-student,web-curated,hinglish,dialogue,"Ek Student hom vark nahi karake laya toh Teacher ne pucha ki hom vark kyu nahi kiya ? Student: lait nahi thi Teacher: momabatti jala lete Student: sara,machis nahi thi ! Teacher: machis kyu nahi thi ? Student: pooja ghar mein rakhi hui thi ! Teacher: toh vahan se le aate ! Student: nahaya huaa nahi tha ! Teacher: nahaya huaa kyu nahi tha ? Student: paani nahi tha ! Teacher: paani kyu nahi tha ? Student: Sir motar nahi chal rahi thi ! Teacher: motar kyu nahi chal rahi thi ? Student: ullu ke patthe —bataya toh tha lait nahi thi ! 🤣",True,HindiKathaKosh Curated Jokes,https://hindikathakosh.com/best-hindi-jokes-funny-chutkule/
HJ-000223,teacher-student,web-curated,hinglish,dialogue,"Teacher: tumane kabhi koi accha, nek kam kiya hai ? Student: han Sir kal hi toh Ek bujurg, dheere -dheere apane ghar jaa rahe the mainne unke peechhe kutta laga diya woh bahut jaldi ghar pahunch gaye !! 🤣",True,HindiKathaKosh Curated Jokes,https://hindikathakosh.com/best-hindi-jokes-funny-chutkule/
HJ-000224,teacher-student,web-curated,hinglish,dialogue,"Teacher: 10 nanbar ke Ek prashna ka jawab Do Student : Sir prashna poochho.. Teacher: batao sabase zyada nakal kahan hoti hai? Student: Sir, WhatsApp par Teacher: shabash, lo 10 mein 10 nanbar 🤣",True,HindiKathaKosh Curated Jokes,https://hindikathakosh.com/best-hindi-jokes-funny-chutkule/
HJ-000225,teacher-student,web-curated,hinglish,dialogue,shikshak: bachcho yeh batao ki bhagavan ram vanavas ke liye kitne baje nikale the ? Student: Sir 9:15 baje shikshak: aisa kaise kah sakte ho ? Student: Sir “vanavas ” ko ulta kar ke padhie – sava nav shikshak uske bad ram katha sunana chalu kar diya hai. 🤣,True,HindiKathaKosh Curated Jokes,https://hindikathakosh.com/best-hindi-jokes-funny-chutkule/
HJ-000226,teacher-student,web-curated,hinglish,dialogue,"Teacher: 14 phalon ke nam batao Pappu: seb, aam Teacher: yeh toh bus Do hain, 14 puche the Pappu: Ek darjan kele 🤣",True,HindiKathaKosh Curated Jokes,https://hindikathakosh.com/best-hindi-jokes-funny-chutkule/
HJ-000227,teacher-student,web-curated,hinglish,dialogue,shikshak: chhoti madhumakkhi tumhe kya deti hai ? Student: shahad ! shikshak: kali bakari? Student: doodh– ! shikshak: aur moti bhains ? Student: homavark de thappad de thappada. 🤣,True,HindiKathaKosh Curated Jokes,https://hindikathakosh.com/best-hindi-jokes-funny-chutkule/
HJ-000228,teacher-student,web-curated,hinglish,dialogue,"Teacher: Ek din aisa aaega jab prithvi par paani nahi rahega . sab jeev nasht ho jayenge . prithvi tabah ho jaegi . Santa: Madam ji, us din tyooshan aana hai kya ? 🤣",True,HindiKathaKosh Curated Jokes,https://hindikathakosh.com/best-hindi-jokes-funny-chutkule/
HJ-000229,teacher-student,web-curated,hinglish,dialogue,Teacher: jab machchhar kate toh kya karna chahiye Pappu: Sir chupachap khuja kar vapas so jaana chahiye Teacher: kyu Pappu: Sir ab aap rajaneekant toh ho nahi jo machchhar se sori bulava loge 🤣,True,HindiKathaKosh Curated Jokes,https://hindikathakosh.com/best-hindi-jokes-funny-chutkule/
HJ-000230,teacher-student,web-curated,hinglish,dialogue,"Teacher: bachchon koi aisa vaky sunao, jisamen urdu, hindi, panjabi aur angreji teeno aati ho Pappu: ishq dee gali vich No Entry Teacher: behosh 🤣",True,HindiKathaKosh Curated Jokes,https://hindikathakosh.com/best-hindi-jokes-funny-chutkule/
HJ-000231,teacher-student,web-curated,hinglish,dialogue,"Teacher: ladakiyon ka peechha nahi karoge! Bacche: nahi karenge. Teacher: ladakiyon se dosti nahi karoge! Bacche: nahi karenge. Teacher: vatan ke liye jan de doge! de denge, phir aisi jindagi ko ji kar karenge bhi kya 😜",True,HindiKathaKosh Curated Jokes,https://hindikathakosh.com/best-hindi-jokes-funny-chutkule/
HJ-000232,teacher-student,web-curated,hinglish,dialogue,"Teacher: sab apani kopi nikal kar rakho sabaki dayari mein khud homavark likhoongi. Bacche: theek hai Madam ji. Teacher chelaram se: aaj toh tumane kam kiya nahi? agar kal kam nahi kiya toh murga banaoongi. chelaram: Madam par main toh murga nahi khata, aap matar paneer bana lena. 😜",True,HindiKathaKosh Curated Jokes,https://hindikathakosh.com/best-hindi-jokes-funny-chutkule/
HJ-000233,teacher-student,web-curated,hinglish,dialogue,"Teacher: Ek aurat Ek ghante me 50 roti bana leti hai, toh Teen auraten 1 ghante mein kitni roti banaengi… Baccha: Ek bhi nahi, kyonki teenon milakar sirph chugali karengi Bacche kee baat sun Teacher behosh 😜",True,HindiKathaKosh Curated Jokes,https://hindikathakosh.com/best-hindi-jokes-funny-chutkule/
HJ-000234,teacher-student,web-curated,hinglish,dialogue,"Teacher: semestar sistam se kya phayada hai, batao? stoodent: phayada toh pata nahi, par beijjati sal mein Do baar ho jaati hai. 😜",True,HindiKathaKosh Curated Jokes,https://hindikathakosh.com/best-hindi-jokes-funny-chutkule/
HJ-000235,friends,web-curated,hinglish,one-liner,yeh Dost har khushi teri taraph mod doon. tere liye chand tare tak tod doon. khushiyon ke darwaje tere liye khol doon. itana kafi hai ya Do-Chaar jhooth aur bol doon. 🤣,True,HindiKathaKosh Curated Jokes,https://hindikathakosh.com/best-hindi-jokes-funny-chutkule/
HJ-000236,friends,web-curated,hinglish,dialogue,"prashna: kya main yeh joks WhatsApp par sheyar kar sakta hoon? uttar: bilkul! aap in joks ko kopi karake apane doston aur parivar ke saath WhatsApp, Facebook ya Instagram par aasani se sheyar kar sakte hain.",True,HindiKathaKosh Curated Jokes,https://hindikathakosh.com/best-hindi-jokes-funny-chutkule/
HJ-000237,husband-wife,web-curated,hinglish,dialogue,"Teacher: batao Pati aur Patni mein bada kaun hota hai ? moni: Madam ,Patni badi hoti hai Teacher: accha , batao kaise ? moni: Madam ,Pati mein ” i ” kee matra aati hai evan Patni mein badi “i ” kee matra aati hai ! (Madam ne moni ko class moneetar bana diya hai ) 🤣",True,HindiKathaKosh Curated Jokes,https://hindikathakosh.com/best-hindi-jokes-funny-chutkule/
HJ-000238,husband-wife,web-curated,hinglish,dialogue,"chintu: duniya mein Do tarah ke netavark hi sabase tej hain. pintu: kaun-kaun se? chintu: Ek eemel aur doosara pheemel, Ek minat mein idhar kee baat udhar pahuncha deti hain. chintu kee yeh baat uski Patni sun rahi thi. phir kya Chaar din tak chintu Ek hi pair se chal raha hai. 🤣",True,HindiKathaKosh Curated Jokes,https://hindikathakosh.com/best-hindi-jokes-funny-chutkule/
HJ-000239,husband-wife,web-curated,hinglish,dialogue,"Pati Patni se priye, main tumse bahut pyar karta hu. Patni: toh kya main aapko nahi karti? main toh aapke liye sari duniya se lad sakti hoon. Pati: lekin tum toh din-raat mujhse hi ladati rahati ho. Patni: janu aap hi toh meri duniya ho !!! 😜",True,HindiKathaKosh Curated Jokes,https://hindikathakosh.com/best-hindi-jokes-funny-chutkule/
HJ-000240,husband-wife,web-curated,hinglish,dialogue,"sahib meri Biwi gum ho gayi hai main kya karoon? post Master: andhe yeh post office hai, police station jaa idhar kyu aaya hai? Pati: maf keejiyega sahib, khushi ke mare samajh nahi aa raha kidhar jaoon!! 😜",True,HindiKathaKosh Curated Jokes,https://hindikathakosh.com/best-hindi-jokes-funny-chutkule/
HJ-000241,husband-wife,web-curated,hinglish,dialogue,"Pati: are suno, munna ro raha hai chup karao ise Patni gusse mein main kam karoon ya Bacche sanbhalu , main ise dahez mein nahi layi thi, khud hi chup kara lo. Pati: phir rone de main kaun sa ise barat mein lekar gaya tha 😜",True,HindiKathaKosh Curated Jokes,https://hindikathakosh.com/best-hindi-jokes-funny-chutkule/
HJ-000242,husband-wife,web-curated,hinglish,dialogue,"Pati: neend nahi aa rahi, Patni: kichan mein bartan pade hai, vahi dho dalo Pati: main toh neend mein bol raha hu pagali….!!! 😜",True,HindiKathaKosh Curated Jokes,https://hindikathakosh.com/best-hindi-jokes-funny-chutkule/
HJ-000243,husband-wife,web-curated,hinglish,dialogue,"Patni: aji sunate ho, hamari shaadi karane vale Pandit ji ka dehant ho gaya. Pati: isamen mera kya kasoor? main toh pahale hi kahata tha ki Ek na Ek din use uske papon kee saja jaroor milegi! 😂",True,HindiKathaKosh Curated Jokes,https://hindikathakosh.com/best-hindi-jokes-funny-chutkule/
HJ-000244,husband-wife,web-curated,hinglish,one-liner,"Ek aadmi ne apani Biwi ko sunami mein aayi badh mein kho diya, Ek din samundar kinare daru peekar tun khada tha..! laharen uske pairon ko chhu rahi thi achanak woh bol pada…. dekho samundar Bhai ! ab tum kitne bhi pair pakado, main apani Biwi ko vapis lene vala nahi hoon tumhari galati thi ab tum hi nipato 😜",True,HindiKathaKosh Curated Jokes,https://hindikathakosh.com/best-hindi-jokes-funny-chutkule/
HJ-000245,husband-wife,web-curated,hinglish,dialogue,"Pati: kaisa khana banaya hai tumane, gobar jaisa! Patni: he bhagavan is aadmi ne har cheez chakh rakhi hai!!! 😜",True,HindiKathaKosh Curated Jokes,https://hindikathakosh.com/best-hindi-jokes-funny-chutkule/
HJ-000246,husband-wife,web-curated,hinglish,dialogue,"Patni kuchh bhi kahen toh ! gardan ko Do baar oopar se niche karen yeh sarvashreshth yog hai yeh yog aapke khushahal jeevan kee kunji hai not: gardan ko kabhi daen baen na ghumaye, yeh janaleva ho sakta hai. 😜",True,HindiKathaKosh Curated Jokes,https://hindikathakosh.com/best-hindi-jokes-funny-chutkule/
HJ-000247,husband-wife,web-curated,hinglish,dialogue,"Pati: kal mere khvab mein Ek, Ladki aayi thi, vah! kya Ladki thi, Patni: akeli aayi hogi, Pati: tumako kaise pata ? Patni: uska Pati mere khvab mein aaya tha !!! 😜",True,HindiKathaKosh Curated Jokes,https://hindikathakosh.com/best-hindi-jokes-funny-chutkule/
HJ-000248,husband-wife,web-curated,hinglish,dialogue,"mayake se Patni ka phone aaya Patni: aapke bina ji nahi lagata hai Pati: are pagali Zee nahi lagata toh, Star aur Sony laga kar dekh liya kar, woh bhi acche chainal hai.. 😜",True,HindiKathaKosh Curated Jokes,https://hindikathakosh.com/best-hindi-jokes-funny-chutkule/
HJ-000249,husband-wife,web-curated,hinglish,dialogue,"Pati: aaj sabji mein namak kyu nahi hai? Patni: woh kya hai na, sabji thodi jal gayi thi. Pati: toh namak kyu nahi dala? Patni: kyonki hamare shastr kahate hain ki jale par namak nahi chhidakana chahiye! 😜",True,HindiKathaKosh Curated Jokes,https://hindikathakosh.com/best-hindi-jokes-funny-chutkule/
HJ-000250,husband-wife,web-curated,hinglish,dialogue,Patni: aap bahut bhole hain aapko koi bhi bewakoof bana deta hai Pati: shuruaat toh tere Baap ne kee thi…!! 😜,True,HindiKathaKosh Curated Jokes,https://hindikathakosh.com/best-hindi-jokes-funny-chutkule/
HJ-000251,husband-wife,web-curated,hinglish,one-liner,patniyan mayake jakar Pati ko roz phone kyu karti hai? Very Simple taki patiyon ko yad rahe museebat tali nahi hai phir aane vali hai….!!! 😜,True,HindiKathaKosh Curated Jokes,https://hindikathakosh.com/best-hindi-jokes-funny-chutkule/
HJ-000252,husband-wife,web-curated,hinglish,one-liner,yeh beeviyan bhi bahut ajeeb hoti hai…! 364 din Pati ko jeene nahi deti aur 1 din karava chauth ka vrat kar marane bhi nahi deti. 😜,True,HindiKathaKosh Curated Jokes,https://hindikathakosh.com/best-hindi-jokes-funny-chutkule/
HJ-000253,husband-wife,web-curated,hinglish,dialogue,"Biwi suno ji aaj office se jaldi aa jaana movie dekhane chalenge Pati: nahi aaya toh !!! Biwi: agar time se aaye toh BJP ke chunav chinh se swagat karungi. aur der kari, toh phir, Congress ke chunav chinh se..! aur zyada der kari toh phir… Kejriwal ka chunav chinh darwaje ke peechhe rakha hai… dhyan rahe 😜",True,HindiKathaKosh Curated Jokes,https://hindikathakosh.com/best-hindi-jokes-funny-chutkule/
HJ-000254,husband-wife,web-curated,hinglish,one-liner,"Pati kee 5 mis kol ho toh..! Patni sochati hai, pata nahi kya huaa hoga? Patni kee 5 mis kol ho toh…! Pati sochata hai, pata nahi aaj mere saath kya hoga? 😜",True,HindiKathaKosh Curated Jokes,https://hindikathakosh.com/best-hindi-jokes-funny-chutkule/
HJ-000255,husband-wife,web-curated,hinglish,dialogue,"Patni: suno ji ! aapko aarati yad hai na! Pati: han ! woh “patali si”, “kali aankhon vali” “sundar si” vahi na ! phir kya tha ! pahale Pati kee pooja… phir bhagavan kee…!!! 😜",True,HindiKathaKosh Curated Jokes,https://hindikathakosh.com/best-hindi-jokes-funny-chutkule/
HJ-000256,husband-wife,web-curated,hinglish,dialogue,"Patni: shaadi ke pahale tum, bahut mandir jaate the, ab kya ho gaya? Pati: phir tumse shaadi ho gayi aur mera bhagavan par se bharosa hi uth gaya…!! 😜",True,HindiKathaKosh Curated Jokes,https://hindikathakosh.com/best-hindi-jokes-funny-chutkule/
HJ-000257,husband-wife,web-curated,hinglish,dialogue,"Patni: main aapse baat nahi karungi. Pati: theek hai!!! Patni: kya tum karan nahi janana chahate? Pati: nahi, main tumhare phaisale kee ijjat karta hoon. 😜",True,HindiKathaKosh Curated Jokes,https://hindikathakosh.com/best-hindi-jokes-funny-chutkule/
HJ-000258,husband-wife,web-curated,hinglish,dialogue,"Patni: agar meri shaadi kisi rakshas se bhi ho jaati, toh main itani pareshan nahi hoti jitani tumhare saath hoon ! Pati: pagali khoon ke rishte mein shadiyan kahan hoti hai….!! 😜",True,HindiKathaKosh Curated Jokes,https://hindikathakosh.com/best-hindi-jokes-funny-chutkule/
HJ-000259,husband-wife,web-curated,hinglish,one-liner,belan Ek aisa yantr hai jisase roti gol hoti hai aur Pati seedha…!!! 😜,True,HindiKathaKosh Curated Jokes,https://hindikathakosh.com/best-hindi-jokes-funny-chutkule/
HJ-000260,husband-wife,web-curated,hinglish,dialogue,"Patni: “agar main aapko 4-5 din na dikhoon toh kaisa lagega? Pati khush hokar: bahut accha lagega ! phir toh Patni use somavar ko na dikhi, mangalavar ko na dikhi, budhavar ko na dikhi, guruvar ko na dikhi, shukravar ko jab aankh kee soojan jara si kam hui tab thodi-thodi dikhaayi dena shuru hui !!! 😜",True,HindiKathaKosh Curated Jokes,https://hindikathakosh.com/best-hindi-jokes-funny-chutkule/
HJ-000261,husband-wife,web-curated,hinglish,dialogue,"Sharabi daru peene ke bad, apani Patni se: aap kaun ho? Patni: pagal ho gaye ho kya? apani Biwi ko bhool gaye! Sharabi: nasha har gam bhula deta hai Behen ji…. !!! 😜",True,HindiKathaKosh Curated Jokes,https://hindikathakosh.com/best-hindi-jokes-funny-chutkule/
HJ-000262,husband-wife,web-curated,hinglish,dialogue,"Patni: darling, dekho na mene ise pichhale 5 sal se nahi pahana phir bhi iski phiting vaisi kee vaisi hi hai Pati: kuchh toh bhagavan se dar yeh shol hai….!!! 😜",True,HindiKathaKosh Curated Jokes,https://hindikathakosh.com/best-hindi-jokes-funny-chutkule/
HJ-000263,husband-wife,web-curated,hinglish,dialogue,"shaadi ke bad pahali baar Bahu resipi buk dekhakar khana bana rahi thi… phrij kholate hue Saas: Bahu yeh mandir ka ghanta phrij mein kyu rakha hai? Bahu: ji, buk mein likha hai ki in cheejon ko milakar 1 ghanta phrij mein rakhen 😜",True,HindiKathaKosh Curated Jokes,https://hindikathakosh.com/best-hindi-jokes-funny-chutkule/
HJ-000264,husband-wife,web-curated,hinglish,one-liner,Vakeel- hatya kee raat tumhare Pati ke antim shabd? mahila- mera chashma kahan hai sangeeta? Vakeel- toh isamen marane vali kya baat thi? mahila- mera nam ranjana hai!mahila ke is bayan ke bad poora kort khamosh ho gaya 😜,True,HindiKathaKosh Curated Jokes,https://hindikathakosh.com/best-hindi-jokes-funny-chutkule/
HJ-000265,husband-wife,web-curated,hinglish,dialogue,prashna: sabase majedar joks kaun se hote hain? uttar: aamataur par Santa-Banta aur Pati-Patni ke joks sabase zyada pasand kiye jaate hain kyonki yeh har kisi kee jindagi se jude hote hain.,True,HindiKathaKosh Curated Jokes,https://hindikathakosh.com/best-hindi-jokes-funny-chutkule/
HJ-000266,clean-family-friendly,web-curated,hinglish,one-liner,kuchh ladakiyan toh itani lipastik lagati hai kee unak muhan ghar kee deevaron par ragad diya jaye toh NEROLAC pent jaisi kampaniyan band ho jaye!!! 😜,True,HindiKathaKosh Curated Jokes,https://hindikathakosh.com/best-hindi-jokes-funny-chutkule/
HJ-000267,clean-family-friendly,web-curated,hinglish,dialogue,"nasa ne mintu ko chand par bhejane ka phaisala kiya par mintu aadhe raste se hi vapas aa gaya… nasa: mintu tum vapas kyu aaye? mintu: raste mein yad aaya ki aaj amavas hai, chand hoga hi nahi 😜",True,HindiKathaKosh Curated Jokes,https://hindikathakosh.com/best-hindi-jokes-funny-chutkule/
HJ-000268,clean-family-friendly,web-curated,hinglish,dialogue,"monu – ped par kya kar rahe ho? chelaram : jamun kha raha hoon. monu : yeh toh aam ka ped hai. chelaram : toh kya huaa, jamun ghar se laya hoon. 😜",True,HindiKathaKosh Curated Jokes,https://hindikathakosh.com/best-hindi-jokes-funny-chutkule/
HJ-000269,clean-family-friendly,web-curated,hinglish,one-liner,"teeti ne pintu ko pletaphorm par rok liya. teeti ne kaha- jaldi ticket dikhao pintu- are main toh train mein aaya hi nahi teeti- kya saboot hai tumhare paas? pintu- are teeti sahab, saboot yahi hai ki mere paas ticket hi nahi 😜",True,HindiKathaKosh Curated Jokes,https://hindikathakosh.com/best-hindi-jokes-funny-chutkule/
HJ-000270,clean-family-friendly,web-curated,hinglish,dialogue,"Papa: Beta 5 ke bad kya aata hai? Beta: 6 aur 7 Papa Papa: shabash Beta mera toh bahut inteleejent hai accha toh 6, 7 ke bad Beta: 8, 9, 10 Papa: aur uske bad? Beta: aur uske bad gulam, begam aur badashah! 😜",True,HindiKathaKosh Curated Jokes,https://hindikathakosh.com/best-hindi-jokes-funny-chutkule/
HJ-000271,clean-family-friendly,web-curated,hinglish,one-liner,"hansi ke in rangon mein hamare saath bane rahane ke liye aapka dhanyavada. jindagi kee bhagadaud aur tanav ke beech, muskurahat ke kuchh pal kisi taji hava ke jhonke kee tarah hote hain. hamara uddeshy keval chutakule sunana nahi, balki aapke vyast jeevan mein thahakon ke jarie thodi rahat pahunchana hai. kyonki hum manate hain ki ‘hansi Ek aisi dava hai, jo bina kisi keemat ke har marj ka ilaj karti hai.’ shabdon ke in gudagudate saphar mein aapka saath hi hamari prerana hai. hum aasha karte hain ki in lateephon ne na keval aapke chehare par muskan bikheri hogi, balki aapke din ko thoda aur khushanuma bana diya hoga. hasy aur manoranjan ke is silasile ko jari rakhane ke liye humse jude rahen. yad rakhie, muskurate rahie—kyonki aapki Ek muskan duniya ko aur bhi sundar banati hai!",True,HindiKathaKosh Curated Jokes,https://hindikathakosh.com/best-hindi-jokes-funny-chutkule/
HJ-000272,pappu-style,web-curated,hinglish,dialogue,"Pappu: mainne sabun se apani shart dhoi aur woh chhoti ho gayi hai. natakhat pintu: tum bhi usi sabun se naha lo, phir woh shart tumhe phit ho jaegi! 😜",True,HindiKathaKosh Curated Jokes,https://hindikathakosh.com/best-hindi-jokes-funny-chutkule/
HJ-000273,pappu-style,web-curated,hinglish,dialogue,"Pita: Beta bachat karna seekho, bachat se bhavishy surakshit rahata hai. Pappu: tabhi toh Papa, main is baar phel ho gaya taki aapko kitaben na khareedani pade. 😜",True,HindiKathaKosh Curated Jokes,https://hindikathakosh.com/best-hindi-jokes-funny-chutkule/
HJ-000274,pappu-style,web-curated,hinglish,dialogue,natakhat pintu: agar nadi mein neenbu ka ped hai toh tum usse neenbu kaise todoge? chideeya banake. Pappu: tumhe chidiya kaun banaega? natakhat pintu: vahi jisane nadi mein neenbu ka ped lagaya hai! 😜,True,HindiKathaKosh Curated Jokes,https://hindikathakosh.com/best-hindi-jokes-funny-chutkule/
HJ-000275,pappu-style,web-curated,hinglish,dialogue,Pappu ne apani garlaphrend se kaha: “tum bilakul chand jaisi ho… kyonki tumamen bhi dag hai aur tum bhi mujhse koson door ho!” 😜,True,HindiKathaKosh Curated Jokes,https://hindikathakosh.com/best-hindi-jokes-funny-chutkule/
HJ-000276,pappu-style,web-curated,hinglish,dialogue,"Pappu: chaiting kise kahate hain? gappu: pata nahi, tum hi batao! Pappu: jo Ek doosare ka thobada dekhe bina hi Ek doosare ko pakate hain, aadhunik samaj mein use hi chaiting kahate hain! 😜",True,HindiKathaKosh Curated Jokes,https://hindikathakosh.com/best-hindi-jokes-funny-chutkule/
HJ-000277,pappu-style,web-curated,hinglish,dialogue,Pappu ke paas Ek anajan nanbar se kol aaya helo aap shadeeshuda ho? Pappu: nahi aur aap? jawab aaya: ghar aao batati hoon! 😜,True,HindiKathaKosh Curated Jokes,https://hindikathakosh.com/best-hindi-jokes-funny-chutkule/
HJ-000278,doctor-patient,web-curated,hinglish,dialogue,"chintu aur mintu sawal-jawab kar rahe the chintu: Yaar, yeh Doctor log opareshan se pahale Mareez ko behosh kyu karte hain? mintu: sinpal hai Bhai, agar Mareez log opareshan karna seekh gaye toh doktaron kee vat lag jaegi 😜",True,HindiKathaKosh Curated Jokes,https://hindikathakosh.com/best-hindi-jokes-funny-chutkule/
HJ-000279,doctor-patient,web-curated,hinglish,dialogue,"aapki kamajori ka ilaj mil gaya hai, bus roz ‘hansi’ kee khurak len. Mareez: Doctor sahab, woh pados vali hansi toh man hi nahi rahi! 😜",True,HindiKathaKosh Curated Jokes,https://hindikathakosh.com/best-hindi-jokes-funny-chutkule/
HJ-000280,doctor-patient,web-curated,hinglish,dialogue,"Doctor: main aapko garanti deta hoon, opareshan ke bad aap ghar chalakar jaoge. Pappu: matalab mere paas riksha karane ke bhi paise nahi bachenge. 😜",True,HindiKathaKosh Curated Jokes,https://hindikathakosh.com/best-hindi-jokes-funny-chutkule/
HJ-000281,doctor-patient,web-curated,hinglish,dialogue,"Doctor: kal raat ko kya khaya tha? Ladki: bargar, pijja aur kok! Doctor: dekho yeh Facebook nahi hai, sach batao Ladki: ji… basi roti aur tinde kee sabji! 😜",True,HindiKathaKosh Curated Jokes,https://hindikathakosh.com/best-hindi-jokes-funny-chutkule/
HJ-000282,santa-banta-style,web-curated,hinglish,dialogue,"Santa ne Banta se pucha: tumhari beti kee sagaayi 2 sal pahale hui thi, shaadi kyu nahi kee ab tak? Banta ne kaha: yeh sab ladake kee vajah se hai. ladaka Ek Vakeel hai, toh jaise hi shaadi kee tareekh paas aati hai, woh koi na koi bahana karake tareekh aage badha deta hai. 😜",True,HindiKathaKosh Curated Jokes,https://hindikathakosh.com/best-hindi-jokes-funny-chutkule/
HJ-000283,santa-banta-style,web-curated,hinglish,dialogue,"saikal se Santa ne Ek aadmi ko takkar mar dee aur bola: aap bahut laki ho. ghayal vyakti: oe, Ek toh mujhe takkar mari aur oopar se kah raha hai ki main laki hoon, kaise? Santa: aaj meri chhutti hai, nahi toh main trak chalata hoon. 😜",True,HindiKathaKosh Curated Jokes,https://hindikathakosh.com/best-hindi-jokes-funny-chutkule/
HJ-000284,santa-banta-style,web-curated,hinglish,dialogue,"Banta: tum khali pet hone par kitne kele kha sakte ho? Santa (kuchh pal sochakar kaha): main 6 kele kha sakta hoon. Banta ne hanste hue jawab diya: galat jawab Dost, pahala kela kha lene ke bad tumhara pet khali kahan rahega? isalie khali pet hone par tum keval Ek hi kela kha sakte ho. 😜",True,HindiKathaKosh Curated Jokes,https://hindikathakosh.com/best-hindi-jokes-funny-chutkule/
HJ-000285,santa-banta-style,web-curated,hinglish,dialogue,"Santa ka Beta banti ne Banta ke bete Pappu se pucha: Yaar, tumane school aana kyu chhod diya? Pappu: mere Papa kah rahe the ki, Ek jagah baar-baar jane se ijjat kam ho jaati hai. 😜",True,HindiKathaKosh Curated Jokes,https://hindikathakosh.com/best-hindi-jokes-funny-chutkule/
HJ-000286,santa-banta-style,web-curated,hinglish,dialogue,"Santa Banta se bola: jab tere paas mobile hai aur mere paas bhi mobile hai, toh toone letar kyu bheja? Banta: oe, mainne tujhako kol kiya tha… toh kisi deedi ne uthaya aur boleen pleej tray letar 😜",True,HindiKathaKosh Curated Jokes,https://hindikathakosh.com/best-hindi-jokes-funny-chutkule/
HJ-000287,santa-banta-style,web-curated,hinglish,dialogue,"prashna: kya yeh Santa Banta joks naye hain? uttar: ji han, humne yahan 2026 ke sabase naye aur vayaral Santa Banta joks ka sangrah diya hai.",True,HindiKathaKosh Curated Jokes,https://hindikathakosh.com/best-hindi-jokes-funny-chutkule/
HJ-000288,santa-banta-style,web-curated,hinglish,one-liner,"jab bhi hindi chutakulon aur komedi kee baat aati hai, toh sabase pahala nam jo dimag mein aata hai, woh hai—santa aur Banta (Santa Banta joks) . Santa-Banta keval nam nahi, balki bharateey hasy jagat ke Do aise kiradar hain jinhonne dashakon se humein hansaya hai. unki masoomiyat, duniya ko dekhane ka unka apana alag najariya aur unke atapate tark kisi ke bhi udas chehare par muskan la sakte hain. aaj kee bhagadaud bhari jindagi mein tanav ko door karane ke liye hansi se behatar koi dava nahi hai. isalie, humne is pej par Santa Banta joks (Santa Banta Funny Jokes) ka Ek vishal sangrah taiyar kiya hai. chahe aap ghar par hon, office ke brek mein hon ya doston ke saath mahaphil jamae baithe hon, yeh joks aapki mahaphil mein Chaar chand laga denge. neeche diye gaye chutakulon ko padhen aur khulakar hansen!",True,HindiKathaKosh Santa Banta,https://hindikathakosh.com/hindi-chutkule-santa-banta-jokes-hindi/
HJ-000289,santa-banta-style,web-curated,hinglish,dialogue,"Santa ped par ulte latake hue tha, Banta ne pucha : kya ho gaya? Santa : kuchh nahi, sir dard kee goli khaayi hai, kaheen pet mein na chali jae.!!! 😜",True,HindiKathaKosh Santa Banta,https://hindikathakosh.com/hindi-chutkule-santa-banta-jokes-hindi/
HJ-000290,santa-banta-style,web-curated,hinglish,dialogue,"Santa bada pareshan tha, bechare kee shaadi jo nahi ho rahi thi. har baar shaadi hote hote toot jati. sare doston se poochh liya, lekin koi samadhan nahi mila. bechara Ek din Ek Pandit ji ke paas pahunch gaya aur bola: Pandit ji koi upay batae meri shaadi nahi ho rahi hamesha toot jaati hai. Pandit ji ne kaha: shaadi ho jaegi, lekin sabase pahale tum logo se sada sukhi hone ka aasheervad lena band karo. 😜",True,HindiKathaKosh Santa Banta,https://hindikathakosh.com/hindi-chutkule-santa-banta-jokes-hindi/
HJ-000291,santa-banta-style,web-curated,hinglish,dialogue,"jab aspatal ke opareshan room se bhag aaya santa. Santa: nars baar:baar kah rahi thi, daro mat kuchh nahi hoga himmat rakho, kuchh nahi hoga… yeh toh bus Ek chhota sa opareshan hai. Banta: toh is mein darane kee kya baat hai? sahi toh kah rahi thi! Santa: abe, woh mujhse nahi deaktar se kah rahi thi! 😜",True,HindiKathaKosh Santa Banta,https://hindikathakosh.com/hindi-chutkule-santa-banta-jokes-hindi/
HJ-000292,santa-banta-style,web-curated,hinglish,dialogue,Banta ne makkhi ke pair tod kar kaha… “jaa ud jaa”!… lekin makkhi nahi udi…. Banta: isse sabit hota hai ki makkhi ke pair tod diye jaen toh makkhi sun nahi sakti.!! 😜,True,HindiKathaKosh Santa Banta,https://hindikathakosh.com/hindi-chutkule-santa-banta-jokes-hindi/
HJ-000293,santa-banta-style,web-curated,hinglish,dialogue,"Santa: Mummy, tumhare liye meri kya keemat hai? man: Santa tu toh karodon ka hai… Santa: toh usi karodon me se 25000 rupaye dena, gova ghoomane jaana hai!!! phir man ne kee chappalon kee barasata. 😜",True,HindiKathaKosh Santa Banta,https://hindikathakosh.com/hindi-chutkule-santa-banta-jokes-hindi/
HJ-000294,santa-banta-style,web-curated,hinglish,dialogue,"Santa sharab peekar nanbar dial karta hai, tabhi Ladki kee aavaz aati hai… Call karane ke liye aapke paas paryapt Balance nahi hai , kripaya recharge karavaen Santa : bus janeman tumse baat ho jaati hai yeh hi kaphi hai mere liye… 😜",True,HindiKathaKosh Santa Banta,https://hindikathakosh.com/hindi-chutkule-santa-banta-jokes-hindi/
HJ-000295,santa-banta-style,web-curated,hinglish,dialogue,Santa mobile kampani mein naukari lene gaya to. pahale hi sawal ka jawab dene par usko bhaga diya gaya! sawal : sabase bada netavark kaun sa hai? Santa : kartoon netavark! 😜,True,HindiKathaKosh Santa Banta,https://hindikathakosh.com/hindi-chutkule-santa-banta-jokes-hindi/
HJ-000296,santa-banta-style,web-curated,hinglish,dialogue,"Santa : Doctor sahab 2 sal pahale mujhe bukhar aaya tha. Doctor : toh ab kya? Santa : aapane nahane ko mana kiya tha, aaj idhar se gujar raha tha toh socha ki poochhata chalu…""ab naha loon kya”? 😜",True,HindiKathaKosh Santa Banta,https://hindikathakosh.com/hindi-chutkule-santa-banta-jokes-hindi/
HJ-000297,santa-banta-style,web-curated,hinglish,dialogue,"Santa ne apani beti ke kamare mein sigaret dekhi… Santa: he bhagavan, yeh chori-chhipe sigaret peeti hai! phir biyar kee botal dekhi… Santa: he bhagavan, yeh sharab bhi peeti hai! phir Santa ne vahan Ek ladake ko dekha… Santa: shukr hai bhagavan ka… toh yeh sab is ladake ka hai! 😜",True,HindiKathaKosh Santa Banta,https://hindikathakosh.com/hindi-chutkule-santa-banta-jokes-hindi/
HJ-000298,santa-banta-style,web-curated,hinglish,one-liner,"Santa udas baithe paani me patthar mar raha tha.. Ek medhak nikal kar bola.. “paani me aa teri udasi utaru sale, apani vali ke chakkar me meri vali ka sir phod diya.” 😜",True,HindiKathaKosh Santa Banta,https://hindikathakosh.com/hindi-chutkule-santa-banta-jokes-hindi/
HJ-000299,santa-banta-style,web-curated,hinglish,dialogue,"Santa ke hath mein naya phone dekhakar Banta bola : naya phone kab khareeda? Santa : naya nahi, garlaphrend ka hai! Banta : garlaphrend ka phone kyoon le aaya? Santa : roz kahati thi, mera phone nahi uthate..! aaj mauka mila, toh utha laya!! 😜",True,HindiKathaKosh Santa Banta,https://hindikathakosh.com/hindi-chutkule-santa-banta-jokes-hindi/
HJ-000300,santa-banta-style,web-curated,hinglish,dialogue,"Santa andaraviyar lene dukaan par gaya. Dukandar ne use 300 rupaye ka andaraviyar dikhaya. paise sunakar Santa bola : Yaar roz pahanane vala dikhao, parteeviyar nahi chahie. 😜",True,HindiKathaKosh Santa Banta,https://hindikathakosh.com/hindi-chutkule-santa-banta-jokes-hindi/
HJ-000301,santa-banta-style,web-curated,hinglish,dialogue,"Santa aur Banta sharab ke nashe mein dhutt hokar rel kee patariyon ke beechon-beech jaa rahe the… Santa : he bhagavan, mainne itani seedhiyan pahale kabhi nahi chadheen Banta : are seedhiyan toh theek hain, main toh is baat ko lekar hairan hoon ki hath se pakadane ke liye reling kitni neeche lagi hui hain 😜",True,HindiKathaKosh Santa Banta,https://hindikathakosh.com/hindi-chutkule-santa-banta-jokes-hindi/
HJ-000302,santa-banta-style,web-curated,hinglish,dialogue,"Santa: Bhai aaj hum bade dinon bad mile. Banta: Yaar kaisa hai tu ? Santa: maje mein hoon. Banta: aur padhaayi kaisi chal rahi hai ? Santa: sale Dost hai aur Dost kee tarah raho, yeh rishtedaron vali harakaten mat kiya kara. 😜",True,HindiKathaKosh Santa Banta,https://hindikathakosh.com/hindi-chutkule-santa-banta-jokes-hindi/
HJ-000303,santa-banta-style,web-curated,hinglish,dialogue,"Ek motarasaikil vale ne pata poochhane ke liye Santa se pucha… Excuse me… mujhe “lal kila” jaana hai ? Santa : toh jaa na Bhai, aise har kisi ko batate batate jaega toh pahunchega kab? 😜",True,HindiKathaKosh Santa Banta,https://hindikathakosh.com/hindi-chutkule-santa-banta-jokes-hindi/
HJ-000304,santa-banta-style,web-curated,hinglish,dialogue,"Banta wife ko English sikha raha tha. dopahar mein Wife boli, “Dinner lo ji”….. Banta : jahil aurat yeh Dinner nahi Lunch hai….” Wife : jahil tu, tera sara khanadan karamaphoote…, yeh raat ka bacha huaa khana hai…, dimag mat dauda, roti charale. 😜",True,HindiKathaKosh Santa Banta,https://hindikathakosh.com/hindi-chutkule-santa-banta-jokes-hindi/
HJ-000305,santa-banta-style,web-curated,hinglish,dialogue,Santa ka Sir phat gaya… Doctor : yeh kaise huaa? Santa : main eent se patthar tod raha tha. Ek aadmi ne mujhse kaha : “kabhi khopadi ka istemal bhi kar liya kara.” 😜,True,HindiKathaKosh Santa Banta,https://hindikathakosh.com/hindi-chutkule-santa-banta-jokes-hindi/
HJ-000306,santa-banta-style,web-curated,hinglish,dialogue,"Santa ko Ek lavaris bandar mila toh woh use police station lekar gaya! inspektar ne kaha isko “chidiya ghar” le jao. Santa doosare din bandar ke saath bus stap par khada tha! inspektar ne dekha toh pucha, “ise chidiya ghar lekar nahi gaye? “Santa: kal gaya tha, khoob ghoome aur bada maja aaya! aaja""kutub meenar” jaa rahe hain! 😜",True,HindiKathaKosh Santa Banta,https://hindikathakosh.com/hindi-chutkule-santa-banta-jokes-hindi/
HJ-000307,santa-banta-style,web-curated,hinglish,one-liner,"Santa Ek baar double decker vali bus mein chadh gaya, kandaktar ne use oopar bhej diya, Santa thodi hi der mein bhagata huaa vapis aaya aur bola “sale maravaega kya?, oopar toh draivar hi nahi hai” 😜",True,HindiKathaKosh Santa Banta,https://hindikathakosh.com/hindi-chutkule-santa-banta-jokes-hindi/
HJ-000308,santa-banta-style,web-curated,hinglish,dialogue,Santa ne Ek halavaayi kee dukaan par aadha kilo jalebi lekar khaayi aur bina paise diye jane laga. Dukandar bola : are jalebi ke paise toh diye jaa… Santa : paise toh hai naheen. is par dookanadar ne apane naukar ko bula kar Santa kee bharapoor pitaayi karava di. pitane ke bad Santa utha aur hath pair jhadate hue bola : isi bhav par Ek kilo aur taul de… 😜,True,HindiKathaKosh Santa Banta,https://hindikathakosh.com/hindi-chutkule-santa-banta-jokes-hindi/
HJ-000309,santa-banta-style,web-curated,hinglish,dialogue,Bhikhari: Beta kuchh de de. Santa: de doonga toh mujhe kya milega. Bhikhari: Beta tujhe svarg milega. Santa: toh chalo main tumhe dilli deta hoon. Bhikhari: abe dilli kya teri hai jo mujhe de raha hai. Santa: toh svarg tere Baap ka hai kya jo plot kat raha hai. 😜,True,HindiKathaKosh Santa Banta,https://hindikathakosh.com/hindi-chutkule-santa-banta-jokes-hindi/
HJ-000310,santa-banta-style,web-curated,hinglish,dialogue,"Santa ne amarud liye toh usamen se keeda nikala. Santa amarud vale se: isamen toh keeda hai! amarud vala: yeh kismat kee baat hai, kya pata agali baar motarasaikil nikal jae. Santa : 2 kilo aur de do. 😜",True,HindiKathaKosh Santa Banta,https://hindikathakosh.com/hindi-chutkule-santa-banta-jokes-hindi/
HJ-000311,santa-banta-style,web-curated,hinglish,dialogue,Santa ne eyaratel ke office mein phone kiya. Santa : mere phone ka bil bahut zyada aaya hai. itani toh mainne baat bhi nahi kee hai. Banta (eyaratel se) : accha aapka plan kya hai ? Santa : abhi toh markit aaya huaa hoon. shaam ko daaru pioonga…aap apana bataiye. 😜,True,HindiKathaKosh Santa Banta,https://hindikathakosh.com/hindi-chutkule-santa-banta-jokes-hindi/
HJ-000312,santa-banta-style,web-curated,hinglish,dialogue,"Santa pahali baar 5 star hotel mein gaya… jhijhakate hue chai ka aardar diya…. kuchh hi minat mein Ek saja dhaja vetar Ek ketali mein garm paani, Ek ketali mein doodh, Ek chai patti ka pauch aur thode cheeni ke kyoob dekar chala gaya… Santa ne jaise taise chai bana kar pi lee… thodi der bad vetar aaya aur pucha : would u like to have anything more, sir? Santa bola : ichchha toh birayani khane kee bhi thi, par rahane Do … mujhe banana nahi aata !!! 😜",True,HindiKathaKosh Santa Banta,https://hindikathakosh.com/hindi-chutkule-santa-banta-jokes-hindi/
HJ-000313,santa-banta-style,web-curated,hinglish,dialogue,"Banta jaise hi jaikit pahan ke ghar se nikala!! Papa : idhar aa tu bada badamash hota jaa raha hai! Banta : are mainne ab kya kiya? Papa : la teri jaikit kee talashi leta hoon, Ladki ka nanbar mila, movie kee 2 ticket, sigaret ka paikit, beeyar!! Papa : kameene kab se karta hai tu yeh sab!! Banta : par Papa yeh toh aapki jaikit hai, main toh pahan ke bahar jaa raha tha !! 😜",True,HindiKathaKosh Santa Banta,https://hindikathakosh.com/hindi-chutkule-santa-banta-jokes-hindi/
HJ-000314,santa-banta-style,web-curated,hinglish,dialogue,Banta: sabase bada chailenj kya hai? Banta ka Beta: egjam mein paper khali chhodakar last mein likh dena ki himmat hai toh paas karake dikha! 😜,True,HindiKathaKosh Santa Banta,https://hindikathakosh.com/hindi-chutkule-santa-banta-jokes-hindi/
HJ-000315,santa-banta-style,web-curated,hinglish,dialogue,"Santa (naukar se) : jara dekh toh, bahar sooraj nikala ya nahi? naukar : bahar toh andhera hai! Santa : are toh torch jalakar dekh le kamachor 😜",True,HindiKathaKosh Santa Banta,https://hindikathakosh.com/hindi-chutkule-santa-banta-jokes-hindi/
HJ-000316,santa-banta-style,web-curated,hinglish,dialogue,"Santa: sahab, brek phel ho gaya hai, gaadi rook hi nahi rahi hai…! kya karoon…? Banta- pahale tu meetar band kar de… 😜",True,HindiKathaKosh Santa Banta,https://hindikathakosh.com/hindi-chutkule-santa-banta-jokes-hindi/
HJ-000317,santa-banta-style,web-curated,hinglish,dialogue,Santa roti ka Ek nivala khud kha raha tha aur Ek paas baithi murgi ko khila raha tha… Banta : “yeh kya kar raha hai?” Santa : “chikan ke saath roti kha raha hoon” 😜,True,HindiKathaKosh Santa Banta,https://hindikathakosh.com/hindi-chutkule-santa-banta-jokes-hindi/
HJ-000318,husband-wife,web-curated,hinglish,dialogue,"Santa: Bhai kal sarkas dekhane chalenge Banta: main apani Biwi ko bhi laoonga Santa: agar teri Biwi aur sali donon sher ke pinjare mein gir gayi toh kise bachaega Banta: Bhai main toh sher ko bachaoonga, aakhir duniya mein sher bache hi kitne hain. 😜",True,HindiKathaKosh Santa Banta,https://hindikathakosh.com/hindi-chutkule-santa-banta-jokes-hindi/
HJ-000319,husband-wife,web-curated,hinglish,dialogue,"Banta: tum khali pet hone par kitne kele kha sakte ho? Santa (kuchh pal sochakar kaha): main 6 kele kha sakta hoon. Banta ne hansate hue jawab diya: galat jawab Dost, pahala kela kha lene ke bad tumhara pet khali kahan rahega ? isalie khali pet hone par tum keval Ek hi kela kha sakte ho. Santa ghar pahuncha aur jaate hi Biwi se sawal kiya tum khali pet hone par kitne kele kha sakti ho? Biwi: main 4 kele kha sakti hoon. Santa (nirash svar mein bola): agar 6 kahati toh Ek mast ka Joke sunata tujhe 😜",True,HindiKathaKosh Santa Banta,https://hindikathakosh.com/hindi-chutkule-santa-banta-jokes-hindi/
HJ-000320,husband-wife,web-curated,hinglish,dialogue,Santa : hum Pati-Patni tamil seekhana chahate hain! Banta : woh kyu? Santa : humne Ek tamil Baccha god liya hai! hum sochate hain jab woh bolane lage toh usse pahale pahale hum tamil seekh len! 😜,True,HindiKathaKosh Santa Banta,https://hindikathakosh.com/hindi-chutkule-santa-banta-jokes-hindi/
HJ-000321,husband-wife,web-curated,hinglish,dialogue,Santa kisi beeyar baar mein gaya. usne Ek skoch ka paig mangavaya. paig peene ke bad apani kameej kee jeb mein dekha aur skoch ka Ek aur paig mangavaya. isi tarah baar-baar woh apani jeb dekhata aur skoch ka ordar deta. baar ka vetar yeh dekhakar pareshan ho gaya. vetar: Dost! main tumhe poori raat sharab pilaoonga par tum mujhe bus itana bata Do ki drink mangane se pahale apani jeb mein kya dekh rahe ho? Santa: main apani Patni kee photo ko dekh raha hoon . jab woh mujhe acchi dikhane lagegi tab main samajhoonga kee ab ghar jane ka samay ho gaya hai.!! 😜,True,HindiKathaKosh Santa Banta,https://hindikathakosh.com/hindi-chutkule-santa-banta-jokes-hindi/
HJ-000322,husband-wife,web-curated,hinglish,dialogue,"Santa taliyan baja-baja kar apani shaadi ka vidiyo dekh raha tha. Biwi ne kichan se aavaj lagakar pucha: itana halla kyu kar rahe ho? Santa bola: hamari shaadi ka vidiyo dekh raha hoon. Biwi: kya baat hai ji, toh isalie itane khush ho rahe ho! Santa: han… vidiyo rivars karake dekh raha hoon! 😜",True,HindiKathaKosh Santa Banta,https://hindikathakosh.com/hindi-chutkule-santa-banta-jokes-hindi/
HJ-000323,husband-wife,web-curated,hinglish,dialogue,"Biwi : suno ji, jab hamari nayi nayi shaadi hui thi, toh jab main khana bana kar lati thi toh tum khud kam khate the, mujhe zyada khilate the. Santa : toh? Biwi : toh ab aisa kyu nahi karte? Santa : kyoonki ab tum accha khana banana seekh gayi ho… 😜",True,HindiKathaKosh Santa Banta,https://hindikathakosh.com/hindi-chutkule-santa-banta-jokes-hindi/
HJ-000324,teacher-student,web-curated,hinglish,dialogue,Santa: oye lo paji mithaayi khao! Banta: kis khushi mein? Santa: are mera Beta farst class mein aaya hai! Banta: accha kisame? Santa: rajadhani eksapres mein! 😜,True,HindiKathaKosh Santa Banta,https://hindikathakosh.com/hindi-chutkule-santa-banta-jokes-hindi/
HJ-000325,teacher-student,web-curated,hinglish,dialogue,"Santa aur Banta donon Bhai eka. hi class mein padhate the. adhyapika: tum donon ne apane Papa ka nam alag-alag kyu likha? Santa: Madam phir aap kahoge naqal mari hai, iseelie. 😜",True,HindiKathaKosh Santa Banta,https://hindikathakosh.com/hindi-chutkule-santa-banta-jokes-hindi/
HJ-000326,doctor-patient,web-curated,hinglish,dialogue,"santa ne apana eks-re keravaya. Doctor-banta aap ke eks-re mein aap kee haddi tooti hui hai. santa: chalo shukr hai ki eks-re mein hi tooti hai, agar asal mein tuti hoti toh kaphi kharcha hota.. 😜",True,HindiKathaKosh Santa Banta,https://hindikathakosh.com/hindi-chutkule-santa-banta-jokes-hindi/
HJ-000327,teacher-student,web-curated,hinglish,one-liner,"hum sabhi ke jeevan mein school ke din sabase yadagar hote hain. klasaroom kee woh shararaten, homavark se bachane ke bahane aur Teacher ke savalon par stoodents ke ajeebo-gareeb javaba—yahi sab milakar banate hain behatareen Teacher-stoodent joks (Teacher Student Jokes). chahe woh Pappu (Pappu) kee hajirajavabi ho ya Master ji ka gussa, yeh chutakule humein purane dinon kee yad dila dete hain. aaj ke dijital yug mein, yeh joks na keval manoranjan ka sadhan hain, balki soshal meediya par sabase zyada sheyar kiye jane vale kantent mein se Ek hain. is pej par humne klasaroom komedi ka Ek aisa sangrah taiyar kiya hai, jise padhakar aap apani hansi nahi rok paenge. toh chalie, school kee ghanti bajate hain aur shuru karte hain hansi ka yeh saphar!",True,HindiKathaKosh Teacher Student,https://hindikathakosh.com/hindi-jokes-teacher-student-jokes-funny/
HJ-000328,teacher-student,web-curated,hinglish,dialogue,Teacher stoodent se: yeh batao ki nadi mein neenbu ka ped laga hai toh use kaise todoge? stoodent: chidiya banakara. Teacher: tumhe chidiya kaun banaega? stoodent: jo nadi mein neenbu ka ped lagaega. 😜,True,HindiKathaKosh Teacher Student,https://hindikathakosh.com/hindi-jokes-teacher-student-jokes-funny/
HJ-000329,teacher-student,web-curated,hinglish,dialogue,"Ek baar Teacher ka Student se prashna ! shikshak: jindagi mein yadi koi aapse kahe ” kya khoya aur kya paya “?? Student :- toh main poore vishvas ke saath kahoonga, ki jisase barphi banati hai woh khoya hai aur jo khat mein neeche Chaar dande khade hain woh paya hai ! 😜",True,HindiKathaKosh Teacher Student,https://hindikathakosh.com/hindi-jokes-teacher-student-jokes-funny/
HJ-000330,teacher-student,web-curated,hinglish,dialogue,"Teacher: nyootan ka niyam batao… Ladka: Sir poori lain toh yad nahi,, last ka yad hai Teacher: chalo last ka hi sunao Ladka: …aur ise hi nyootan ka niyam kahate hain. 😜",True,HindiKathaKosh Teacher Student,https://hindikathakosh.com/hindi-jokes-teacher-student-jokes-funny/
HJ-000331,teacher-student,web-curated,hinglish,dialogue,"Teacher: batao ” aayi lav yu ” shabd ka aavishkar kis desh mein huaa ? Student: chaina mein Teacher: woh kaise ? Student: isamen sare chaineej gun hain na koi garanti,na koi varanti chale toh chand tak, na chale toh shaam tak !! 😜",True,HindiKathaKosh Teacher Student,https://hindikathakosh.com/hindi-jokes-teacher-student-jokes-funny/
HJ-000332,teacher-student,web-curated,hinglish,dialogue,"Teacher: Sanju, “oont ke munh mein jeera” muhavare ka arth batao? Sanju: Sir, bahut aasan hai… oont ko jab bhookh lage aur aap use sirph Ek jeera khane ko den. Teacher: gadhe! iska matalab hota hai – jaroorat se bahut kam milana. Sanju: Sir, baat toh Ek hi hui na! ab oont ka pet jeere se toh nahi bharega! 😜",True,HindiKathaKosh Teacher Student,https://hindikathakosh.com/hindi-jokes-teacher-student-jokes-funny/
HJ-000333,teacher-student,web-curated,hinglish,dialogue,"Teacher: bijali kahan se aati hai? Pappu : mamaji ke yahan se. Teacher: woh kaise? Pappu : jab bhi bijali jaati hai, Papa kahate hain salon ne phir bijali kat dee 😜",True,HindiKathaKosh Teacher Student,https://hindikathakosh.com/hindi-jokes-teacher-student-jokes-funny/
HJ-000334,teacher-student,web-curated,hinglish,dialogue,"Teacher stoodent se kahata hai: tum akele Ek jangal mein ho aur vahan Ek bhayankar sher aa jae tab tum kya karoge stoodent bola: Sir, main bhag kar ped par chadh jaoonga. Teacher stoodent se: woh vahan bhi aa gaya toh Baccha stoodent: Sir is baar toh main paani mein kood jaoonga Teacher stoodent se: aur woh paani mein bhi aa gaya toh Student gusse mein: Sir ji, aap pahale yeh bataiye sher kya aapka koi rishtedar lagata hai jo aap har baar usi kee said liye jaa rahe ho…😕",True,HindiKathaKosh Teacher Student,https://hindikathakosh.com/hindi-jokes-teacher-student-jokes-funny/
HJ-000335,teacher-student,web-curated,hinglish,dialogue,"Teacher stoodento ko galatiyon ke bare mein samajha rahi thi. class mein Ek stoodent se pucha, Pappu agar galati se tumhara Ek pair boodhi mahila ke lag gaya toh aap kya karoge? stoodent bola: Madam mein sori boloonga . Teacher: agar woh khush hokar tumhe Ek chakalet de de phir aap kya karogen. stoodent Teacher se: phir kya karna hai jhat se doosare pair par chadh jaoonga taki mujhe Ek aur chakalet mil sake… 😜",True,HindiKathaKosh Teacher Student,https://hindikathakosh.com/hindi-jokes-teacher-student-jokes-funny/
HJ-000336,teacher-student,web-curated,hinglish,dialogue,"Teacher: Pappu, mainne kal ‘pradooshan’ par nibandh likhane ko kaha tha, tumane khali paper kyu jama kiya? Pappu: Sir, kya karoon… jaise hi likhane baitha, itana pradooshan badh gaya ki mujhe paper par kuchh dikhaayi hi nahi diya! 😜",True,HindiKathaKosh Teacher Student,https://hindikathakosh.com/hindi-jokes-teacher-student-jokes-funny/
HJ-000337,teacher-student,web-curated,hinglish,dialogue,"Teacher: agar tumhare paas 5 aam hain aur main tumse 2 le loon, toh kitne bachenge? Pappu: Sir, 5 hi bachenge Teacher: kyu? Pappu: kyonki main apane aam kisi ko nahi doonga! 😜",True,HindiKathaKosh Teacher Student,https://hindikathakosh.com/hindi-jokes-teacher-student-jokes-funny/
HJ-000338,teacher-student,web-curated,hinglish,dialogue,"Teacher : Pappu yamuna nadi kahan bahati hai? Pappu : jameen par Teacher : nakshe mein batao kahan bahati hai? Pappu : nakshe mein kaise bah sakti hai, naksha gal nahi jaega 😜",True,HindiKathaKosh Teacher Student,https://hindikathakosh.com/hindi-jokes-teacher-student-jokes-funny/
HJ-000339,teacher-student,web-curated,hinglish,dialogue,Teacher : tum parindo ke bare mein sab janate ho? Pappu : han Teacher : accha yeh batao kaun sa parinda ud nahi sakta? Pappu : mara huaa parinda bhag pagal kaheen ka 😜,True,HindiKathaKosh Teacher Student,https://hindikathakosh.com/hindi-jokes-teacher-student-jokes-funny/
HJ-000340,teacher-student,web-curated,hinglish,dialogue,"Teacher (Pappu se): aaj mujhe badi khushi hai ki tum class mein pareeksha mein pratham aaye ho. aasha hai aage bhi tum aise hi pratham aate rahog . Pappu: ji Sir, bilakul, yadi aap aage bhi mere pitaji kee pres mein hi chhapavaen… 😜",True,HindiKathaKosh Teacher Student,https://hindikathakosh.com/hindi-jokes-teacher-student-jokes-funny/
HJ-000341,teacher-student,web-curated,hinglish,dialogue,"Teacher stoodenton se: batao bachcho java se milate julate koi Teen shabd batao Pappu: Sir ji, toh sunie pahala marajava, doosara mitajava aur teesara sajkejava… Teacher abhi tak vihosh hai 😜",True,HindiKathaKosh Teacher Student,https://hindikathakosh.com/hindi-jokes-teacher-student-jokes-funny/
HJ-000342,teacher-student,web-curated,hinglish,dialogue,"Teacher Pappu se: batao, akabar ne kab se kab tak shasan kiya tha Pappu Teacher se: ji maim, bahut lanba shasan kiya tha Teacher: ave yeh bata kab se kab tak Pappu: ji maim, pej nambar 18 se 26 tak… 😜",True,HindiKathaKosh Teacher Student,https://hindikathakosh.com/hindi-jokes-teacher-student-jokes-funny/
HJ-000343,teacher-student,web-curated,hinglish,dialogue,"Teacher : Ek tokari mein 10 aam hai , usamen se 2 aam sad gaye, batao kitne aam bache? Pappu : Sir , 10 aam Teacher : woh kaise ? Pappu : sadane ke bad bhi aam toh aam hi rahega na, kele toh ban nahi jaenge aaj Pappu Ek Vakeel hai 😜",True,HindiKathaKosh Teacher Student,https://hindikathakosh.com/hindi-jokes-teacher-student-jokes-funny/
HJ-000344,teacher-student,web-curated,hinglish,dialogue,"Teacher: batao stoodento doodh ko kharab hone se kaise bachayenge Pappu: Sir ji, use pi lena chahiye… 😜",True,HindiKathaKosh Teacher Student,https://hindikathakosh.com/hindi-jokes-teacher-student-jokes-funny/
HJ-000345,teacher-student,web-curated,hinglish,dialogue,"Teacher (stoodenton se): batao stoodenton aap logo ka pankha mel hai ya pheemel? stoodent (adhyapak se): mem, bajaj ka hai toh mel aur oosha ka hai toh pheemel… 😜",True,HindiKathaKosh Teacher Student,https://hindikathakosh.com/hindi-jokes-teacher-student-jokes-funny/
HJ-000346,teacher-student,web-curated,hinglish,dialogue,Teacher : vaky ko angreji mein transalet karo ‘vasant ne mujhe mukka mara’ Sanju : vasantapanchami 😜,True,HindiKathaKosh Teacher Student,https://hindikathakosh.com/hindi-jokes-teacher-student-jokes-funny/
HJ-000347,teacher-student,web-curated,hinglish,dialogue,Teacher stoodento se: Ek accha insan woh hai jo doosaron ke kam aaye. stoodent: lekin pareeksha ke vakt na toh aap khud insan banati ho aur na doosaron ko insan banane deti ho… 😜,True,HindiKathaKosh Teacher Student,https://hindikathakosh.com/hindi-jokes-teacher-student-jokes-funny/
HJ-000348,teacher-student,web-curated,hinglish,dialogue,Teacher: nalayak padh le kabhi tune apani koi buk khol ke dekhi hai? Sanju : han main roz kholata hoon Ek buk! Teacher : kaun si? Sanju : Facebook 😜,True,HindiKathaKosh Teacher Student,https://hindikathakosh.com/hindi-jokes-teacher-student-jokes-funny/
HJ-000349,teacher-student,web-curated,hinglish,dialogue,"bhavishy kal Teacher: “mainne chori kee thi”, iska bhavishy kal (Future Tense) kya hoga? stoodent: Sir, iska seedha sa bhavishy kal hai—""aap jel jaenge!” 😜",True,HindiKathaKosh Teacher Student,https://hindikathakosh.com/hindi-jokes-teacher-student-jokes-funny/
HJ-000350,teacher-student,web-curated,hinglish,one-liner,"poori javani nikali jaa rahi hai, isi intajar mein… milenge agar school ke Teacher toh poochhoonga jaroor… yeh saeen theeta, kos theeta aur ten theeta ka upayog kab karna hai…? 😜",True,HindiKathaKosh Teacher Student,https://hindikathakosh.com/hindi-jokes-teacher-student-jokes-funny/
HJ-000351,teacher-student,web-curated,hinglish,dialogue,Teacher: class mein ladaayi kyu nahi karani chahiye..? Sanju: kyonki pata nahi egjam mein kab kisake peechhe baithana pad jae..! 😜,True,HindiKathaKosh Teacher Student,https://hindikathakosh.com/hindi-jokes-teacher-student-jokes-funny/
HJ-000352,teacher-student,web-curated,hinglish,dialogue,"Teacher : main jo poochhungi uska jawab phataphat dena Sanju : ji Sir, Teacher : bharat kee rajadhani batao? Sanju : phataphat 😜",True,HindiKathaKosh Teacher Student,https://hindikathakosh.com/hindi-jokes-teacher-student-jokes-funny/
HJ-000353,teacher-student,web-curated,hinglish,dialogue,"Teacher: 10 kilo cheeni aur 5 kilo namak ko mila den toh kya banega? stoodent: Sir, cheentiyon kee party! 😜",True,HindiKathaKosh Teacher Student,https://hindikathakosh.com/hindi-jokes-teacher-student-jokes-funny/
HJ-000354,teacher-student,web-curated,hinglish,dialogue,"Teacher (mona se kahati hai): aaj tumane school me let aane par kya naya bahana dhoondha hai mona: maim, aaj mai bahut tej daud kar aayi ki sochane ko bahana hi nahi mila… 😜",True,HindiKathaKosh Teacher Student,https://hindikathakosh.com/hindi-jokes-teacher-student-jokes-funny/
HJ-000355,teacher-student,web-curated,hinglish,dialogue,"Teacher: tum kaise pata karoge ki sag-patte khane vale kee nigahen tej hoti hai stoodent: Sir, aaj tak aapane kisi bakari ya ghode ko chashma pahane dekha hai kya… 😜",True,HindiKathaKosh Teacher Student,https://hindikathakosh.com/hindi-jokes-teacher-student-jokes-funny/
HJ-000356,teacher-student,web-curated,hinglish,dialogue,"Teacher: tum bade murkh ho stoodent, jab mai tumhari umr ka tha toh me acchi tarah kitab padh leta tha| stoodent: Sir ji, aapko Ek accha Master mil gaya hoga… 😜",True,HindiKathaKosh Teacher Student,https://hindikathakosh.com/hindi-jokes-teacher-student-jokes-funny/
HJ-000357,teacher-student,web-curated,hinglish,dialogue,prashna: sabase acche Teacher-stoodent joks kahan milenge? uttar: hamari vebasait par aapko klasaroom masti aur Teacher-stoodent ke letest 2026 chutakulon ka phresh kalekshan milega.,True,HindiKathaKosh Teacher Student,https://hindikathakosh.com/hindi-jokes-teacher-student-jokes-funny/
HJ-000358,teacher-student,web-curated,hinglish,dialogue,"prashna: sabase majedar joks kaun se hote hain? uttar: ji han, hamare sabhi Teacher-stoodent joks parivarik aur ‘Clean Humor’ shreni mein aate hain, jinhen Bacche bhi padh sakte hain.",True,HindiKathaKosh Teacher Student,https://hindikathakosh.com/hindi-jokes-teacher-student-jokes-funny/
HJ-000359,husband-wife,web-curated,hinglish,dialogue,"school me Ek din Teacher Sanju se… tum bade hokar kya banoge? Sanju : mem mai bada hokar si. e (CA) banoonga, sabhi mahanagaron me mera bijanes chalega, hamesha havaayi yatra karoonga… hamesha 5 star hotel me thaharoonga, hamesha 10 naukar mere aasapas rahenge, mere paas sabase mahangi car hogi, mere paas sabase mahange… Teacher : bus Sanju bus!! bachchon aap sab ko itana lamba jawab dene kee aavashyakata nahi hai, sirph Ek lain me jawab dena… …accha pinki tum batao tum badi hokar kya banogi? pinki : Sanju kee Patni… 😜",True,HindiKathaKosh Teacher Student,https://hindikathakosh.com/hindi-jokes-teacher-student-jokes-funny/
HJ-000360,husband-wife,web-curated,hinglish,dialogue,adhyapak Student se : batao tum itihas puroosh mein sab se zyada kisase napharat karte ho? Baccha : raja ram mohan ray se adhyapak : kyu? Baccha : usi ne bal vivah band karavaya tha varana aaj hum bhi Biwi Bacche vale hote! 😜,True,HindiKathaKosh Teacher Student,https://hindikathakosh.com/hindi-jokes-teacher-student-jokes-funny/
HJ-000361,pappu-style,web-curated,hinglish,dialogue,"Pappu: Sir, humne college mein Ek aisi cheej banaayi hai… jisaki sahayata se aap deevar ke aar-par dekh sakte hain Sir (khush hote hue): vah! kya baat hai…kya cheej hai woh? Pappu: chhed… Sir : de thappad… de thappad… 😜",True,HindiKathaKosh Teacher Student,https://hindikathakosh.com/hindi-jokes-teacher-student-jokes-funny/
HJ-000362,doctor-patient,web-curated,hinglish,dialogue,"Mareez: Doctor sahab, kya yeh mera pahala opareshan hai? Doctor: ghabarao mat, yeh mera bhi pahala hi opareshan hai. jo hoga, donon saath dekhenge! Mareez: nars, meri chappalen kahan hain? mujhe bhagana hai! 😜",True,HindiKathaKosh Doctor Patient,https://hindikathakosh.com/hindi-chutkule-doctor-patient-jokes/
HJ-000363,doctor-patient,web-curated,hinglish,dialogue,"doktara(mareej se) : janate ho, bachapan mein main chahata tha ki, bada hokar daku banoon..!! Mareez (bada bil📝 dekhate hue) : aap bahut kismat vale hain Doctor️ sahab, varna is duniya me kisake sapane poore hote hain..!! 😜",True,HindiKathaKosh Doctor Patient,https://hindikathakosh.com/hindi-chutkule-doctor-patient-jokes/
HJ-000364,doctor-patient,web-curated,hinglish,dialogue,Sardar : daktar sahab main chashma lagakar padh toh sakoonga na? daktar : han han bilkul Sardar : thaink yu daktar sahab aapane anapadh aadmi kee jindagi bana dee 😜,True,HindiKathaKosh Doctor Patient,https://hindikathakosh.com/hindi-chutkule-doctor-patient-jokes/
HJ-000365,doctor-patient,web-curated,hinglish,dialogue,"Doctor : Mareez ko 1 ghante pahale late toh hum ise bacha lete, Pappu: sale 10 minat pahale toh eksident huaa, 1 ghante pahale kya jabaradasti thok late…! 😜",True,HindiKathaKosh Doctor Patient,https://hindikathakosh.com/hindi-chutkule-doctor-patient-jokes/
HJ-000366,doctor-patient,web-curated,hinglish,one-liner,"Doctor ne Mareez ko rojana das kilomeetar chalane ko kaha.. sal bhar bad Mareez ne Doctor ko phone kiya..!! “aphaganistan pahunch gaya hoon, yaheen ruk jaoon ya roos kee taraph nikal jaoon” 😜",True,HindiKathaKosh Doctor Patient,https://hindikathakosh.com/hindi-chutkule-doctor-patient-jokes/
HJ-000367,doctor-patient,web-curated,hinglish,dialogue,pagal: Doctor️ sahab main bahut pareshan hoon main jab bhi nahata hoon geela ho jaata hoon. .. .. Doctor: oke agali baar se nal band karake nahana. 😜,True,HindiKathaKosh Doctor Patient,https://hindikathakosh.com/hindi-chutkule-doctor-patient-jokes/
HJ-000368,doctor-patient,web-curated,hinglish,dialogue,"Doctor : aaj kya khaya tha..?? ladaqi : I ate French Fries, Burger, Coke and Pizza…! Doctor : jara itarao kam, yeh hospital hai, Facebook ya Whatsapp nahi..! janch mein sab samane aa jaega ab sahi sahi batao..!! Ladki : chai ke saath basi roti tel chupad ke..!! 😜",True,HindiKathaKosh Doctor Patient,https://hindikathakosh.com/hindi-chutkule-doctor-patient-jokes/
HJ-000369,doctor-patient,web-curated,hinglish,one-liner,"jidangi mein kitne bhi dukh milen, gam milen, apane aansu bah jane dena unhe rokana mat kyonki..!! rooke hue paani mein hi dengu vale machchhar ande dete hain..!! 😜",True,HindiKathaKosh Doctor Patient,https://hindikathakosh.com/hindi-chutkule-doctor-patient-jokes/
HJ-000370,doctor-patient,web-curated,hinglish,dialogue,"Mareez: Doctor sahab, kya aapko yakeen hai ki mujhe maleriya hi hai? Doctor: kyu? daraasal, mainne Ek Mareez ke bare mein padha tha ki Doctor uska maleriya ka ilaj karte rahe… ant mein jab woh mara toh pata chala ki use tayaphoid tha.. Doctor: chinta mat karo, hamare aspatal mein aisa kabhi nahi hota hum agar kisi ka maleriya ka ilaj karte hain toh woh maleriya se hi marata hai !!! 😜",True,HindiKathaKosh Doctor Patient,https://hindikathakosh.com/hindi-chutkule-doctor-patient-jokes/
HJ-000371,doctor-patient,web-curated,hinglish,one-liner,pahale julmi ne pakadi kalaayi phir chupake se oongali dabaayi phir… phir… kya zor se sui chubhaayi maleriya ka blad test aise hi hota hai Bhai!! 😜,True,HindiKathaKosh Doctor Patient,https://hindikathakosh.com/hindi-chutkule-doctor-patient-jokes/
HJ-000372,doctor-patient,web-curated,hinglish,one-liner,"Ek hote hai jhola chhap Doctor phir aate hain speshalist Doctor phir aate hain, apani babu kee phoonk marake chot theek karane vale..!! 😜",True,HindiKathaKosh Doctor Patient,https://hindikathakosh.com/hindi-chutkule-doctor-patient-jokes/
HJ-000373,doctor-patient,web-curated,hinglish,dialogue,"Doctor: tumhe davaayi 10 baje lene ko bola hai tum 5 baje heen kyu le lete ho? .. Sardar: dushman pe tab var kiya jaana chahiye, jab woh taiyar na ho .. Doctor behosh 😜",True,HindiKathaKosh Doctor Patient,https://hindikathakosh.com/hindi-chutkule-doctor-patient-jokes/
HJ-000374,doctor-patient,web-curated,hinglish,dialogue,Doctor : motape ka Ek hi ilaj hai. chintu : kya Doctor? Doctor : tum roz Ek roti khao. chintu : yeh Ek roti khane ke bad khani hai ya khane se pahale? 😜,True,HindiKathaKosh Doctor Patient,https://hindikathakosh.com/hindi-chutkule-doctor-patient-jokes/
HJ-000375,doctor-patient,web-curated,hinglish,dialogue,Doctor: tum kaun-sa sabun istemal karte ho? Mareez: dova ka sabuna. Doctor: pest? Mareez: dova ka pest? Doctor: shaimpu? Mareez: dova ka shaimpu. Doctor: yeh dova kahan kee kanpani hai? Mareez: dova mera room met hai. 😜,True,HindiKathaKosh Doctor Patient,https://hindikathakosh.com/hindi-chutkule-doctor-patient-jokes/
HJ-000376,doctor-patient,web-curated,hinglish,dialogue,"Dr. sahab main bahut khush rahata hoon neend bhi shukoon se aati hai, jindagi mein aman hi aman hai, har kam mein dil bhi lagata hai, koi pareshani nahi hai. aisa kyoon hai …? Doctor️: main aap kee beemari samajh gaya hoon. aap kee zindagi mein vitamin “She” kee kami hai.” 😜",True,HindiKathaKosh Doctor Patient,https://hindikathakosh.com/hindi-chutkule-doctor-patient-jokes/
HJ-000377,doctor-patient,web-curated,hinglish,dialogue,Mareez: opareshan sahi se kariyega. Doctor: aisa kyu kaha? Mareez: kyonki sarjan aur visarjan mein thoda sa hi phark hai. yadi opareshan sahi se ho gaya toh aap sarjan aur yadi aapka hath hil gaya toh phir mera visarjana. 😜,True,HindiKathaKosh Doctor Patient,https://hindikathakosh.com/hindi-chutkule-doctor-patient-jokes/
HJ-000378,doctor-patient,web-curated,hinglish,dialogue,"dentist : aapka dant nikalana padega. shalini : kitne paise lagenge? dentist : 200 rupaye. shalini : yeh lo 50 rupaye. dant thoda sa dheela kar Do, nikal main khud loongi . 😜",True,HindiKathaKosh Doctor Patient,https://hindikathakosh.com/hindi-chutkule-doctor-patient-jokes/
HJ-000379,doctor-patient,web-curated,hinglish,dialogue,Bunty: daktar sahab dast ne behal kar rakha hai…!! Doctor: kitna patala aata hai…?? Bunty: yeh samajh lo ki aap us se kulla kar sakte ho…!! 😜,True,HindiKathaKosh Doctor Patient,https://hindikathakosh.com/hindi-chutkule-doctor-patient-jokes/
HJ-000380,doctor-patient,web-curated,hinglish,dialogue,"Doctor: kaise ho? sharab peena band kiya ya nahi? Mareez: ji Doctor sahab, bilkul chhod diya hai. bus koi zyada rikvest karta hai toh pi leta hoon. Doctor: bahut badhiya…aur yeh tumhare saath kaun Bhai sahab hain? Mareez: ji inako rikvest karane ke liye rakha huaa hai. 😜",True,HindiKathaKosh Doctor Patient,https://hindikathakosh.com/hindi-chutkule-doctor-patient-jokes/
HJ-000381,doctor-patient,web-curated,hinglish,dialogue,"Doctor: jab tum tanav mein hote ho kya karte ho? Mareez: ji, mandir chala jaata hoon! Doctor: bahut badhiya, dhyan vyan lagate ho vahan? Mareez: ji nahi, logon ke joote chappal miks kar deta hoon! phir un logo ko dekhata rahata hoon, unko tanav mein dekh kar mera tanav dur ho jaata hai. 😜",True,HindiKathaKosh Doctor Patient,https://hindikathakosh.com/hindi-chutkule-doctor-patient-jokes/
HJ-000382,doctor-patient,web-curated,hinglish,dialogue,Doctor: raat mein tenshan lekar nahi sona chahie. mataru: toh phir kya mayake bhej den? 😜,True,HindiKathaKosh Doctor Patient,https://hindikathakosh.com/hindi-chutkule-doctor-patient-jokes/
HJ-000383,doctor-patient,web-curated,hinglish,one-liner,"shukr hai ki Doctor log aisa nahi kahate ki, khulle nahi hain kaho toh, Ek injekshan aur laga doon. 😜",True,HindiKathaKosh Doctor Patient,https://hindikathakosh.com/hindi-chutkule-doctor-patient-jokes/
HJ-000384,doctor-patient,web-curated,hinglish,dialogue,"Doctor: kahan dard hai? Mareez: agar phees kam karte ho toh batau, varana khud dhoondho 😜",True,HindiKathaKosh Doctor Patient,https://hindikathakosh.com/hindi-chutkule-doctor-patient-jokes/
HJ-000385,doctor-patient,web-curated,hinglish,dialogue,prashna: sabase vayaral Doctor jok kaun sa hai? uttar: aamataur par phees aur opareshan ke dar vale joks soshal meediya par sabase zyada vayaral hote hain.,True,HindiKathaKosh Doctor Patient,https://hindikathakosh.com/hindi-chutkule-doctor-patient-jokes/
HJ-000386,santa-banta-style,web-curated,hinglish,dialogue,"Santa pareshan se Doctor ke paas gaya..!! Santa : Doctor sahab main subah 6 baje susu karta hu..!! phir 7 baje potti karta hoon..!! Doctor : han toh phir dikkat kya hain..?? Santa : par Doctor, aankh toh 8 baje khulati hai na..!! 😜",True,HindiKathaKosh Doctor Patient,https://hindikathakosh.com/hindi-chutkule-doctor-patient-jokes/
HJ-000387,santa-banta-style,web-curated,hinglish,dialogue,Santa : aapane nars bahut changi rakhi hai uske hath lagate hi mein theek ho gaya Doctor: ha mujhe malum hai … thappad kee aavaj bahar tak aayi thi..!! 😜,True,HindiKathaKosh Doctor Patient,https://hindikathakosh.com/hindi-chutkule-doctor-patient-jokes/
HJ-000388,santa-banta-style,web-curated,hinglish,dialogue,Doctor: aapka vajan kitna hai? Santa: chashme ke saath 75 kilo. Doctor: aur bina chashme ke? Santa: woh toh chashme ke bina mujhe dikhata hi naheen. 😜,True,HindiKathaKosh Doctor Patient,https://hindikathakosh.com/hindi-chutkule-doctor-patient-jokes/
HJ-000389,santa-banta-style,web-curated,hinglish,dialogue,"Doctor: aapki beemari kee asal vajah meri samajh mein nahi aa rahi, ho sakta hai, sharab peene kee vajah se aisa ho raha ho. Santa: koi baat nahi Doctor sahab, jab aapki utar jae tab main chek-ap ke liye dobara aa jaoonga. 😜",True,HindiKathaKosh Doctor Patient,https://hindikathakosh.com/hindi-chutkule-doctor-patient-jokes/
HJ-000390,santa-banta-style,web-curated,hinglish,dialogue,"Santa kee shaadi Ek nars se ho gayi, Banta: aur Santa, kaisi kat rahi hai…? Santa: poochh mat Yaar, jab tak sistar na kaho bolati hi nahi..!! 😜",True,HindiKathaKosh Doctor Patient,https://hindikathakosh.com/hindi-chutkule-doctor-patient-jokes/
HJ-000391,santa-banta-style,web-curated,hinglish,dialogue,"Doctor: tumhari Ek kidani phel ho gayi hai. Santa: pahale toh bahut roya, phir aansu ponchhakar bola sahab yeh bhi bata deejie ki kitne nanbar se phel hui hai? Doctor bahosh 😜",True,HindiKathaKosh Doctor Patient,https://hindikathakosh.com/hindi-chutkule-doctor-patient-jokes/
HJ-000392,husband-wife,web-curated,hinglish,dialogue,"Pappu: Doctor sahab koi acchi davaayi de deejie, sir dard ho raha hai bahuta. Doctor (janch karane ke bad): is samay aapko aaram kee sabase zyada jarurat hai. main neend kee goliyan de raha hoon, inhen raat ko apani Biwi ko khila ke sona. 😜",True,HindiKathaKosh Doctor Patient,https://hindikathakosh.com/hindi-chutkule-doctor-patient-jokes/
HJ-000393,husband-wife,web-curated,hinglish,dialogue,"Doctor : mubarak ho, aap ke ghar Ladka paida huaa hai! Santa : are, yeh toh kamaal kee teknolaji hai Biwi meri hospital mein hai aur Baccha ghar mein paida huaa hai 😜",True,HindiKathaKosh Doctor Patient,https://hindikathakosh.com/hindi-chutkule-doctor-patient-jokes/
HJ-000394,husband-wife,web-curated,hinglish,dialogue,"Doctor: aapke Teen dant kaise toot gaye? Mareez: Patni ne kadak roti banaayi thi. Doctor: toh khane se inakar kar dete. Mareez: ji, vahi toh kiya tha. 😜",True,HindiKathaKosh Doctor Patient,https://hindikathakosh.com/hindi-chutkule-doctor-patient-jokes/
HJ-000395,teacher-student,web-curated,hinglish,dialogue,prashna: kya Doctor-Mareez joks tanav kam karane mein madad karte hain? uttar: hamari vebasait par aapko klasaroom masti aur Teacher-stoodent ke letest 2026 chutakulon ka phresh kalekshan milega.,True,HindiKathaKosh Doctor Patient,https://hindikathakosh.com/hindi-chutkule-doctor-patient-jokes/
HJ-000396,clean-family-friendly,heloplus-curated,hinglish,dialogue,"nirasha, Ek aisi beemari hai jisaki chapet mein Ek baar koi aa gaya toh uska ubharana bahut hi mushkil ho jaata hai. hasana svasthy ke liye behad phayademand hota hai. agar aap subah-shaam hansane kee aadat dal len toh koi bhi beemari, chahe manasik ho ya shareerik aapke paas bhi nahi aaegi. aaj hum aapke saath shear kar rahe hain majedar joks Jokes in Hindi jo aapko khoob hansaenge.",True,HeloPlus Jokes,https://www.heloplus.com/quotes/jokes-in-hindi/
HJ-000397,clean-family-friendly,heloplus-curated,hinglish,dialogue,"man – Beta kya kar rahe ho? Beta – padh raha hu man.. man – shabash! kya padh rahe ho? Beta – aapki hone vali bahu ke SMS. de thappad, de thappad!",True,HeloPlus Jokes,https://www.heloplus.com/quotes/jokes-in-hindi/
HJ-000398,clean-family-friendly,heloplus-curated,hinglish,dialogue,"Ladki vale beti ke liye Ladka dekhane gaye, Ladki vale- kitna kama lete ho? Ladka- is maheene Do karod kamaya. Ladki vale- phir kya huaa? Ladka- bus, phir mobile mein Teen patti heng ho gaya, aur sari kamaayi chali gayi.",True,HeloPlus Jokes,https://www.heloplus.com/quotes/jokes-in-hindi/
HJ-000399,clean-family-friendly,heloplus-curated,hinglish,dialogue,"phadar: agar is baar tum imtihan me phail hue toh, mujhe Papa mat kahana. imtihan ke bad, phadar: How is Your Result? san: dimag ka dahi mat kar baboolal tu Baap kahalane ka hak kho chooka hai.",True,HeloPlus Jokes,https://www.heloplus.com/quotes/jokes-in-hindi/
HJ-000400,clean-family-friendly,heloplus-curated,hinglish,dialogue,"arj hai: roz roz vajan napakar kya karna hai, Ek din toh sabane marana hai, Chaar din kee hai jindagi, kha lo ji bhar ke, agala janm phir 3 kilo se shuru karna hai !",True,HeloPlus Jokes,https://www.heloplus.com/quotes/jokes-in-hindi/
HJ-000401,clean-family-friendly,heloplus-curated,hinglish,dialogue,"vaeeph: pleej baik tej na chalao, mujhe dar lag raha hai. Sardar: agar tujhe bhi dar lag raha hai, toh meri tarah aankhen band kar le.",True,HeloPlus Jokes,https://www.heloplus.com/quotes/jokes-in-hindi/
HJ-000402,clean-family-friendly,heloplus-curated,hinglish,dialogue,"Papa beti se:- beti pahale toh tum mujhe Papa kahati thi, lekin ab tum mujhe daid kahati ho, kyu? beti:- oh daid, Papa kahane se lipastik kharab hoti hai.",True,HeloPlus Jokes,https://www.heloplus.com/quotes/jokes-in-hindi/
HJ-000403,clean-family-friendly,heloplus-curated,hinglish,one-liner,"is matalabi duniya mein, Ek pan vala hi hai, jo poochh kar chuna lagata hai !",True,HeloPlus Jokes,https://www.heloplus.com/quotes/jokes-in-hindi/
HJ-000404,clean-family-friendly,heloplus-curated,hinglish,dialogue,hariyanavi Ladki: pasaport saij photo kheench de. aur usamen meri nayi chappal bhi aani chahiye photographar bhi hariyanavi tha. bolya tatti vali stail mein baith jaa.,True,HeloPlus Jokes,https://www.heloplus.com/quotes/jokes-in-hindi/
HJ-000405,clean-family-friendly,heloplus-curated,hinglish,one-liner,"agar aapka Beta “Hello Hello” karte hue, room se bahar nikal jae, toh samajh jaana kee, aapki hone vali bahu ka fon hai !",True,HeloPlus Jokes,https://www.heloplus.com/quotes/jokes-in-hindi/
HJ-000406,clean-family-friendly,heloplus-curated,hinglish,dialogue,"LKG ke Bacche ke paper me 0 aaya. gusse se Pita: yeh kya hai? Baccha: pitaji, shikshak ke paas star khatm ho ho gaye the isaliye usne moon de diya.",True,HeloPlus Jokes,https://www.heloplus.com/quotes/jokes-in-hindi/
HJ-000407,clean-family-friendly,heloplus-curated,hinglish,dialogue,"Ek party mein Ek sundar si Ladki Ek ladake ke paas gayi, Ladki: sunie, mere Ek hath mein gilas aur doosare mein plet hai, aap mere chehare se Ek cheez hata denge! Ladka: han han kyu nahi, kya cheez hatani hai? Ladki: apani kutte jaisi nazar!",True,HeloPlus Jokes,https://www.heloplus.com/quotes/jokes-in-hindi/
HJ-000408,clean-family-friendly,heloplus-curated,hinglish,dialogue,"san: mom, Papa bahut shareeph hai, mom: woh kaise Beta, san: Papa jab bhi kisi ladaki ko dekhate hai, toh apani Ek aankh band kar lete hai.",True,HeloPlus Jokes,https://www.heloplus.com/quotes/jokes-in-hindi/
HJ-000409,clean-family-friendly,heloplus-curated,hinglish,one-liner,"vaeeph TV par mech dekh rahi thi, hasaband smart banake aaya aur bola, “darling mai kaisa lag raha hun?” tabhi vaeeph jorase chillaayi, chhakka!",True,HeloPlus Jokes,https://www.heloplus.com/quotes/jokes-in-hindi/
HJ-000410,clean-family-friendly,heloplus-curated,hinglish,dialogue,garament shop mein Ladki:andaraviyar dikhana pleez. Sardar thoda sharamakar: ji aaj nahi pehani.,True,HeloPlus Jokes,https://www.heloplus.com/quotes/jokes-in-hindi/
HJ-000411,clean-family-friendly,heloplus-curated,hinglish,dialogue,"Papa aur 15 sal ka Beta Ek hotel mein gaye, Papa – vetar Ek biyar aur Ek aaeesakreem lao, Beta – aaeesakreem kyu Papa, aap bhi biyar leejiye na, de.. chappal.. pe.. chappal!",True,HeloPlus Jokes,https://www.heloplus.com/quotes/jokes-in-hindi/
HJ-000412,clean-family-friendly,heloplus-curated,hinglish,dialogue,"Baap: mere 4 Bacche hai, pahila MBA, doosara MCA, teesara PHD, chautha Chor hai. phrend: Chor ko ghar se nikalate kyu nahi? Baap: vahi toh kamata hai, baki sab berozagar hai.",True,HeloPlus Jokes,https://www.heloplus.com/quotes/jokes-in-hindi/
HJ-000413,clean-family-friendly,heloplus-curated,hinglish,dialogue,"manohar: kya Ek vaeeph apane hasaband ko lakhapati bana sakti hai? gajodhar: ha, par hasaband karodapati hona chahiye.",True,HeloPlus Jokes,https://www.heloplus.com/quotes/jokes-in-hindi/
HJ-000414,clean-family-friendly,heloplus-curated,hinglish,one-liner,"ghar samay se pahuncho, toh khana garm aur gharavali thandi milegi. aur der se pahuncho, toh khana thanda aur gharavali garm!",True,HeloPlus Jokes,https://www.heloplus.com/quotes/jokes-in-hindi/
HJ-000415,clean-family-friendly,heloplus-curated,hinglish,dialogue,"man: so jaa varana gabbar aa jayega, Baccha: pahale 100 rupaye de Do, man: kyu? Baccha: varana mai Papa ko bata doonga kee roz raat ko yahan gabbar aata hai.",True,HeloPlus Jokes,https://www.heloplus.com/quotes/jokes-in-hindi/
HJ-000416,clean-family-friendly,heloplus-curated,hinglish,one-liner,"India ke aadhe ameer jade apane Baap ko nahi janate.. They Just keep Asking Other, “tu janata hai mera Baap kaun hai?”",True,HeloPlus Jokes,https://www.heloplus.com/quotes/jokes-in-hindi/
HJ-000417,clean-family-friendly,heloplus-curated,hinglish,dialogue,"Ek Ladka, Ladki dekhane gaya, bahut der se soosu rok ke rakhe hue tha, bad mein Ladki se bola, soosu karane kee jagah dikhao, Ladki (sharamakar): nahi, pahale aap dikhao.",True,HeloPlus Jokes,https://www.heloplus.com/quotes/jokes-in-hindi/
HJ-000418,clean-family-friendly,heloplus-curated,hinglish,dialogue,"murgi : Ek anda dena, shopakeepar : anda toh tum deti ho murgi : ha par mere pati ne kaha hai kee 4 ru ke liye kyu apana phigar kharab kar rahi ho !",True,HeloPlus Jokes,https://www.heloplus.com/quotes/jokes-in-hindi/
HJ-000419,clean-family-friendly,heloplus-curated,hinglish,dialogue,"jab ghar mein Baccha paida hota hai, man – iski nak toh mujh par gayi hai, Baap – iski aankhe mujh par gayi hai, chacha – iske bal mujh par gaye hai, man – iski smail mujh par gayi hai, aur vahi Baccha javan hokar jab Ladki chhedata hai, toh sab bolate hai, pata nahi haramakhor kis par gaya hai.",True,HeloPlus Jokes,https://www.heloplus.com/quotes/jokes-in-hindi/
HJ-000420,clean-family-friendly,heloplus-curated,hinglish,dialogue,"sirph mark jukarabarg hi duniya ka aisa akela insan hai.. jisaki man bolati hai, Beta time-paas chhod, Facebook aur Whatsapp par dhyan de.",True,HeloPlus Jokes,https://www.heloplus.com/quotes/jokes-in-hindi/
HJ-000421,clean-family-friendly,heloplus-curated,hinglish,one-liner,"jaruri nahi kee kutta hi vaphadar nikale.. vakt aane par, aapka vaphadar bhi kutta nikal sakta hai!",True,HeloPlus Jokes,https://www.heloplus.com/quotes/jokes-in-hindi/
HJ-000422,clean-family-friendly,heloplus-curated,hinglish,dialogue,"Sardar Ladki valon ke yahan rishta lekar pahuncha, man-Baap bole: hamari beti abhi padh rahi hai, Sardar bola: koi baat nahi ji, hum Ek-Do ghante bad aa jayenge.",True,HeloPlus Jokes,https://www.heloplus.com/quotes/jokes-in-hindi/
HJ-000423,clean-family-friendly,heloplus-curated,hinglish,dialogue,"pappu bahoot der se Ek Ladki ko ghur raha tha, Ladki :- tere ghar mein man Behen nahi hai kya? pappu :- hai na tabhi toh dekh raha hun, kyonki man ko Bahu aur Behen ko bhabhi chahiye.",True,HeloPlus Jokes,https://www.heloplus.com/quotes/jokes-in-hindi/
HJ-000424,clean-family-friendly,heloplus-curated,hinglish,dialogue,"san: Papa, sarkas dekhane chale? Papa: main beeji hoon. san: Papa, usame Ek Ladki bina kapadon ke sher pe savari karti hai.. Papa: bahoot ziddi ho, chalo, bahut din ho gaye, sher nahi dekha.",True,HeloPlus Jokes,https://www.heloplus.com/quotes/jokes-in-hindi/
HJ-000425,clean-family-friendly,heloplus-curated,hinglish,dialogue,After Falling In love: jeene laga hoon… pahale se zyada! After Breakup: peene laga hoon… pahale se zyada !,True,HeloPlus Jokes,https://www.heloplus.com/quotes/jokes-in-hindi/
HJ-000426,clean-family-friendly,heloplus-curated,hinglish,dialogue,"Ek vyakti nadi mein doob raha tha, vyakti: bachao ganesh ji bachao.. ganesh ji aaye aur nachane lage, vyakti: aap nach kyu rahe ho? ganesh ji: tu bhi mere visarjan mein bohot nachata hai.",True,HeloPlus Jokes,https://www.heloplus.com/quotes/jokes-in-hindi/
HJ-000427,clean-family-friendly,heloplus-curated,hinglish,dialogue,"pinki bahut teji se skuti chala rahi thi, aur usne red lait kros kar dee.. traiphik police: chalo skuti said mein khadi karo, tumhara chalan katega. pinki: Sir mujhe maph kar Do This Is My First Time. traiphik police: tumhe red lait nahi dikhi thi kya? pinki: dikhi toh thi par aap nahi dikhe, na jane kaha chhup kar baithe the.",True,HeloPlus Jokes,https://www.heloplus.com/quotes/jokes-in-hindi/
HJ-000428,clean-family-friendly,heloplus-curated,hinglish,dialogue,"kamavali: malakeen aapki purani sadi mujhe nahi chahiye. malakeen : kyu? kamavali : aapki sadi pahanane ke bad sahab mere paas bhi nahi aate, aur draivar pareshan karta hai.",True,HeloPlus Jokes,https://www.heloplus.com/quotes/jokes-in-hindi/
HJ-000429,clean-family-friendly,heloplus-curated,hinglish,one-liner,"aajakal Do cheej sirph kismat valo ko hi milati hai.. Ek toh jangal mein ghumata saphed hathi..! aur, dusara bina apheyar vala jeevan sathi.",True,HeloPlus Jokes,https://www.heloplus.com/quotes/jokes-in-hindi/
HJ-000430,clean-family-friendly,heloplus-curated,hinglish,one-liner,"aaj phir Ek Sardar ne kamaal kar diya, Ek Sardar bank me aakar so gaya, janate ho kyu? bank ke board pe likha tha, sone pe loan milega.",True,HeloPlus Jokes,https://www.heloplus.com/quotes/jokes-in-hindi/
HJ-000431,clean-family-friendly,heloplus-curated,hinglish,one-liner,"aapane kabhi socha hai, kee pati aur chai kee patti mein kya samanata hai? donon ke naseeb mein jalana aur ubalana likha hai aur woh bhi aurato ke hath se.",True,HeloPlus Jokes,https://www.heloplus.com/quotes/jokes-in-hindi/
HJ-000432,clean-family-friendly,heloplus-curated,hinglish,dialogue,"Baccha medeekal vale se : ankal, gora karane vali koi kreem hai? medikal vala : han hai.. shararati Baccha : toh sale, lagata kyu nahi? roz tera munh dekhakar dar jaata hoon !",True,HeloPlus Jokes,https://www.heloplus.com/quotes/jokes-in-hindi/
HJ-000433,clean-family-friendly,heloplus-curated,hinglish,one-liner,"bhaeesahab aajakal kee janareshan kee contact list dekhakar dar hi lagata hai… ‘Mummy New’, ‘Papa 2’ yeh kya hai Bhai?",True,HeloPlus Jokes,https://www.heloplus.com/quotes/jokes-in-hindi/
HJ-000434,clean-family-friendly,heloplus-curated,hinglish,one-liner,"savadhan indiya! mere hisab se duniya me, satark insan vahi hai, jo toilet me baithane se pahale, paani ka nal chala kar dekh le, kee, paani aa raha hai kee nahi.",True,HeloPlus Jokes,https://www.heloplus.com/quotes/jokes-in-hindi/
HJ-000435,clean-family-friendly,heloplus-curated,hinglish,dialogue,"Girl :- apane bal toh dekho jaise ghas ugi ho.. Boy :- iseelie itani der se soch raha hoon ke, mere paas bhais kyu khadi hai !",True,HeloPlus Jokes,https://www.heloplus.com/quotes/jokes-in-hindi/
HJ-000436,clean-family-friendly,heloplus-curated,hinglish,one-liner,tum kya jano gam kya hota hai? Tu tum kya jano gam kise kahate hai? tum kya jano gam kya cheej hoti hai? tumane toh hamesha Fevicol yooj kiya hai!,True,HeloPlus Jokes,https://www.heloplus.com/quotes/jokes-in-hindi/
HJ-000437,clean-family-friendly,heloplus-curated,hinglish,dialogue,"itani haseen hai aap, khud ko duniya kee najaron se bachaya karo! aakho mein kajal lagana kaphi nahi! gale mein linbu-mirchi bhi latakaya karo.",True,HeloPlus Jokes,https://www.heloplus.com/quotes/jokes-in-hindi/
HJ-000438,clean-family-friendly,heloplus-curated,hinglish,one-liner,"jab dekha unhone tirachhi najar se, toh hum madahosh ho gaye. par jab pata chala kee najar hi tirachhi hai, toh hum behosh ho gaye !",True,HeloPlus Jokes,https://www.heloplus.com/quotes/jokes-in-hindi/
HJ-000439,clean-family-friendly,heloplus-curated,hinglish,dialogue,"Beta: Papa aap sharab mat piya karo.. Papa: pine de Beta, saath kya lekar jaana hai? Beta: aap isi tarah peete rahe toh chhodakar bhi kya jaoge?",True,HeloPlus Jokes,https://www.heloplus.com/quotes/jokes-in-hindi/
HJ-000440,clean-family-friendly,heloplus-curated,hinglish,dialogue,"1 yug tha jab log apane ghar ke darwaje pe, likhate the – atithi devo bhav, phir likha – shubh labh, phir likha – yu aar velakam, aur ab – kutton se savadhan !",True,HeloPlus Jokes,https://www.heloplus.com/quotes/jokes-in-hindi/
HJ-000441,clean-family-friendly,heloplus-curated,hinglish,dialogue,"premika: tumako pata hai kal mera birthday hai? mujhe kya gipht doge? premi: jo tum chaho meri jan.. premika: ring? premi: theek hai ring doonga par uthana mat, bailens bahut kam hai.",True,HeloPlus Jokes,https://www.heloplus.com/quotes/jokes-in-hindi/
HJ-000442,clean-family-friendly,heloplus-curated,hinglish,dialogue,"Do pandito mein ladaayi ho rahi thi, unhe ladate bahut der ho gayi, teesara Pandit: kya huaa, kyu ladaayi kar rahe ho? Ek Pandit bola, “jab main lahasun, pyaj nahi khata, toh is sale ne chikan mein dala hi kyu?”",True,HeloPlus Jokes,https://www.heloplus.com/quotes/jokes-in-hindi/
HJ-000443,clean-family-friendly,heloplus-curated,hinglish,dialogue,"Ladka aur Ladki Ek restorent gaye, vetar: myam, aap kuchh lengi? Ladki: bhaiya Ek sabji vali roti lana.. vetar: kya? Ladka: ganv se aayi hai, pijja vali roti mang rahi hai.",True,HeloPlus Jokes,https://www.heloplus.com/quotes/jokes-in-hindi/
HJ-000444,clean-family-friendly,heloplus-curated,hinglish,dialogue,"hum toh aise hi udasi mein baithe-baithe, paani mein patthar mar rahe the, achanak se Ek mendhak nikala aur bola, paani mein toh aa, teri udasi utaru sale.. teri vali ke chakkar mein toone, meri vali ka Sir phod diya.",True,HeloPlus Jokes,https://www.heloplus.com/quotes/jokes-in-hindi/
HJ-000445,clean-family-friendly,heloplus-curated,hinglish,dialogue,"Papa: din bhar Facebook par baitha rahata hai, yeh tujhe roti nahi dene vali, Beta: Papa mujhe bhi pata hai roti nahi degi, par roti banane vali toh yahi milegi!",True,HeloPlus Jokes,https://www.heloplus.com/quotes/jokes-in-hindi/
HJ-000446,clean-family-friendly,heloplus-curated,hinglish,dialogue,"man apane bete se: uth jaa kambakhat, dekh sooraj kab ka nikal aaya hai, Beta apani man se: toh kya huaa man! woh sota bhi toh mujhse pahale hai.",True,HeloPlus Jokes,https://www.heloplus.com/quotes/jokes-in-hindi/
HJ-000447,clean-family-friendly,heloplus-curated,hinglish,dialogue,"Sardar train ki patari par so gaya, Ek aadmi bola train aaegi toh mar jayega, Sardar – sale, abhi plen oopar se gaya, kuchh nahi huaa. toh train kya cheez hai?",True,HeloPlus Jokes,https://www.heloplus.com/quotes/jokes-in-hindi/
HJ-000448,clean-family-friendly,heloplus-curated,hinglish,dialogue,"kisi Ladki ko chhedo, oosaka hath pakado, agar woh thappad mare, toh kaho : tum pahale imtihan mein paas ho gayi. mujhe aisi hi shareeph Ladki chahiye thi !",True,HeloPlus Jokes,https://www.heloplus.com/quotes/jokes-in-hindi/
HJ-000449,clean-family-friendly,heloplus-curated,hinglish,one-liner,"premi apane premika kee zulfon mein aisa khoya. kee, behosh ho gaya.. jab hosh mein aaya toh romantik ho kar pucha, janu ! nahati nahi ho kya ?",True,HeloPlus Jokes,https://www.heloplus.com/quotes/jokes-in-hindi/
HJ-000450,clean-family-friendly,heloplus-curated,hinglish,dialogue,"Sardar ne sardi me AC lagavaya, kiseene pucha: itani sardi me AC? Sardar : oye mainne ulta lagavaya, garam hava andar aur thandi hava bahar jayegi!",True,HeloPlus Jokes,https://www.heloplus.com/quotes/jokes-in-hindi/
HJ-000451,clean-family-friendly,heloplus-curated,hinglish,dialogue,"aadmi bhagavan se : zameen se aasaman tak rod bana Do, bhagavan : asanbhav kuchh aur mango aadmi : vaeeph ko aajnyakari aur akalmand bana Do! bhagavan : rod singal banau ya dabal?",True,HeloPlus Jokes,https://www.heloplus.com/quotes/jokes-in-hindi/
HJ-000452,clean-family-friendly,heloplus-curated,hinglish,dialogue,"pitaji : Beta, mere liye 1 glas paani lana, Ladka : nahi laoonga, doosara Ladka : rahane Do Papa, yeh toh hai hi battameej, aap khud lelo, aur mere liye bhi 1 glas le aana !",True,HeloPlus Jokes,https://www.heloplus.com/quotes/jokes-in-hindi/
HJ-000453,clean-family-friendly,heloplus-curated,hinglish,dialogue,"Ek Ladka fail huaa uske Papa ne kaha, dekh-dekh us Ladki ko dekh, woh tumhare saath padhati hai aur 1st aayi hai. Ladka: dekh dekh kya dekh, useeko dekh dekh ke toh fail huaa hoon !",True,HeloPlus Jokes,https://www.heloplus.com/quotes/jokes-in-hindi/
HJ-000454,clean-family-friendly,heloplus-curated,hinglish,dialogue,"Ladki – agar mai mar jau toh tum kya karoge? Ladka – mai bhi mar jaoonga, Ladki – par kyu? Ladka – kabhi kabhi zyada khushi bhi jan le leti hai !",True,HeloPlus Jokes,https://www.heloplus.com/quotes/jokes-in-hindi/
HJ-000455,clean-family-friendly,heloplus-curated,hinglish,dialogue,"Ladki – paraso mai tumhe rakhi bandhane aayi thi, par tumane nahi bandhavaayi kyu? Ladka – agar mein tere liye mangalasootr lau toh kya bandhavayegi, baat karti hai.",True,HeloPlus Jokes,https://www.heloplus.com/quotes/jokes-in-hindi/
HJ-000456,clean-family-friendly,heloplus-curated,hinglish,dialogue,"1 baar gandhi ji ke Sir pe 8-10 bal aaye, woh barbar ke paas gaye, barbar ne gusse se pucha kat karu ya kaunt karu? bapu namrata se bole kalar it dood.",True,HeloPlus Jokes,https://www.heloplus.com/quotes/jokes-in-hindi/
HJ-000457,clean-family-friendly,heloplus-curated,hinglish,one-liner,"mainne suna hai aap bahut kamazor ho gaye ho, phit rahane ke liye roz 1 chammach khaya karo anbuja siment kyu ke, is siment mein jan hai !",True,HeloPlus Jokes,https://www.heloplus.com/quotes/jokes-in-hindi/
HJ-000458,clean-family-friendly,heloplus-curated,hinglish,dialogue,Sir : angrezo ne chand par paani aur baraph kee khoj kar lee hai. batao isse tumane kya sikha? santa : bus hame ab sirph daru aur namakeen leke jaana hai !,True,HeloPlus Jokes,https://www.heloplus.com/quotes/jokes-in-hindi/
HJ-000459,clean-family-friendly,heloplus-curated,hinglish,dialogue,"hasaband vaeeph me ladaayi hui, Has hasaband ghar se chala gaya, hasaband: raat ko phone pe,""khane me kya hai” vaeeph: zehar. hasaband: mai der se aaoonga,tum kha kar so jaana.",True,HeloPlus Jokes,https://www.heloplus.com/quotes/jokes-in-hindi/
HJ-000460,clean-family-friendly,heloplus-curated,hinglish,dialogue,"bhikari- kuchh khane ko de Do, ladaki- tamatar khao, bhikari- roti de Do, ladaki- tamatar khao, bhikari- accha lao tamatar hi de Do, ladaki kee man- are tum jao baba…ye totali hai. kah rahi hai..kama kar khao.",True,HeloPlus Jokes,https://www.heloplus.com/quotes/jokes-in-hindi/
HJ-000461,clean-family-friendly,heloplus-curated,hinglish,dialogue,bipasha ko Ladka huaa ‘kala’ jon bola : tu gori mein gora phir Ladka kyu ‘kala’ bipasha boli : tu ‘hot’ mai ‘hot’ Ladka jal gaya ‘sala’,True,HeloPlus Jokes,https://www.heloplus.com/quotes/jokes-in-hindi/
HJ-000462,clean-family-friendly,heloplus-curated,hinglish,dialogue,"vaeeph: janu hum na.. mande .. shoping tyoosade .. hotel vedanesade .. aauting tharsade .. dinar phraide .. movie saitarade .. pikanik jayenge. kitna maza aaega na. hasaband: yes, aur sande mandir.. wife: kyu..? hasaband: “bheek mangane”",True,HeloPlus Jokes,https://www.heloplus.com/quotes/jokes-in-hindi/
HJ-000463,clean-family-friendly,heloplus-curated,hinglish,dialogue,"vaeeph:- agar mai maunt evarest par chadhoon toh aap mujhe kya doge? hasaband:- pagali, isamen poochhane vali kya baat hai. “dhakka”",True,HeloPlus Jokes,https://www.heloplus.com/quotes/jokes-in-hindi/
HJ-000464,clean-family-friendly,heloplus-curated,hinglish,dialogue,"Ek makkhi ganje ke Sir par baithi thi, dusari ne kaha vah.! kya ghar mila hai tujhe. pahili makkhi : nahi re, abhi toh sirph plot khareeda hai..!",True,HeloPlus Jokes,https://www.heloplus.com/quotes/jokes-in-hindi/
HJ-000465,clean-family-friendly,heloplus-curated,hinglish,dialogue,Beta: man hum divali ke sare patakhe is dookan se lenge.. man: Beta yeh dookan nahi garls hostal hai.. boy: par Papa toh kahate hai yahan Ek se Ek patakhe hai !,True,HeloPlus Jokes,https://www.heloplus.com/quotes/jokes-in-hindi/
HJ-000466,clean-family-friendly,heloplus-curated,hinglish,one-liner,"teri duniya mein koi gam na ho, teri khushiyan kabhi kam na ho, bhagavan tujhe aisi aaeetam de, jo sani lioni se kam na ho !",True,HeloPlus Jokes,https://www.heloplus.com/quotes/jokes-in-hindi/
HJ-000467,clean-family-friendly,heloplus-curated,hinglish,dialogue,gabbar: aaj maine basanti ko nahate vakt dekha.. veeru: kutte kameene.. main tera khoon pi jaoonga! gabbar: rileks bevade.. main naha raha tha.. basanti jaa rahi thi.. jab dekho tab khoon pi jaoonga.,True,HeloPlus Jokes,https://www.heloplus.com/quotes/jokes-in-hindi/
HJ-000468,clean-family-friendly,heloplus-curated,hinglish,dialogue,"vaeeph: subah mere chehare pe paani kyu dala? hasaband: tere Baap ne kaha tha, “meri beti phul kee tarah hai eese murajhane mat dena”.",True,HeloPlus Jokes,https://www.heloplus.com/quotes/jokes-in-hindi/
HJ-000469,clean-family-friendly,heloplus-curated,hinglish,dialogue,"Papa: nalayak, tumane apani Mummy se oonchi aavaz me baat kyu kee? Beta: mujhe pata hai Papa aapko jalan ho rahi hai kyu ke, aap aisa nahi kar sakte.",True,HeloPlus Jokes,https://www.heloplus.com/quotes/jokes-in-hindi/
HJ-000470,clean-family-friendly,heloplus-curated,hinglish,dialogue,"Sardar train me susu karane gaya, vaeeph: aapka paint gila kaise huaa? Sardar: vaha likha tha, kripaya shareer ka koi ang bahar na nikale.",True,HeloPlus Jokes,https://www.heloplus.com/quotes/jokes-in-hindi/
HJ-000471,clean-family-friendly,heloplus-curated,hinglish,one-liner,Ek baar bhagavan ne Ek aadmi se sawal kiya “teri eechchha kya hai” aadmi bola “pleej mujhe mere college ke din vapas de Do” bhagavan hasane lage aur kaha “mannat mangane ko kaha tha jannat nahi !,True,HeloPlus Jokes,https://www.heloplus.com/quotes/jokes-in-hindi/
HJ-000472,clean-family-friendly,heloplus-curated,hinglish,dialogue,yeh bhi padh le : duniya ke sabase pavaraphul motiveshanal kots hindi mein jo aapki jindagi badal degen.,True,HeloPlus Jokes,https://www.heloplus.com/quotes/jokes-in-hindi/
HJ-000473,husband-wife,heloplus-curated,hinglish,dialogue,Pati aur Patni ka zoradar jhagada hota hai. Pati gusse se- teri jaisi 50 milengi. Patni hansake- abhi bhi meri jaisi hi chahiye!,True,HeloPlus Jokes,https://www.heloplus.com/quotes/jokes-in-hindi/
HJ-000474,husband-wife,heloplus-curated,hinglish,dialogue,"Patni – hamesha mera aadha matha dukhata hai, lagata hai Doctor ko dikhana padega.. Pati – are usame Doctor ko kya batana ! woh toh jitana hai utana dukhega hi. bus tab se hi Pati ka poora badan du:kh raha hai.",True,HeloPlus Jokes,https://www.heloplus.com/quotes/jokes-in-hindi/
HJ-000475,husband-wife,heloplus-curated,hinglish,dialogue,Pati apani Patni se :- meri shart ko ulti karake pres karna. Patni :- theek hai kuchh der bad Pati :- meri shart ko pres kar diya kya Patni :- nahi abhi nahi Pati :- kyu.? Patni :- abhi mujhe ulti hi nahi aa rahi toh ulti karake kaise pres karoon. Pati behosh.,True,HeloPlus Jokes,https://www.heloplus.com/quotes/jokes-in-hindi/
HJ-000476,husband-wife,heloplus-curated,hinglish,one-liner,"Doctor ne aadmi se puchha, kya aap ka aur aapki Biwi ka khoon Ek hi hai? aadmi ne kaha, kyu nahi? zaroor hoga! pachas sal se mera hi khoon jo pi rahi hai.",True,HeloPlus Jokes,https://www.heloplus.com/quotes/jokes-in-hindi/
HJ-000477,husband-wife,heloplus-curated,hinglish,dialogue,"Pati : allah ne tumhe 2 aankhe dee hain, chaval se patthar nahi nikal sakti? Patni : allah ne tumhe 32 dant diye hai, 2-4 patthar nahi chaba sakte?",True,HeloPlus Jokes,https://www.heloplus.com/quotes/jokes-in-hindi/
HJ-000478,husband-wife,heloplus-curated,hinglish,dialogue,"Patni: Doctor sahab.. mere pati ko raat me badabadane kee aadat hai, koi upay bataye? Doctor: aap unhe din me bolane ka mauka diya kare..",True,HeloPlus Jokes,https://www.heloplus.com/quotes/jokes-in-hindi/
HJ-000479,husband-wife,heloplus-curated,hinglish,dialogue,"Patni ne gusse mein Pati se kaha: main tang aa gayi hoon roz kee kich-kich se.. mujhe talak chaheeye! Pati: yeh lo chokalet khao.. Patni (romantik hote hue): mana rahen ho mujhe.. Pati: nahi re pagali, man kahati hai, accha kam karane se pahale, meetha khana chahiye.",True,HeloPlus Jokes,https://www.heloplus.com/quotes/jokes-in-hindi/
HJ-000480,husband-wife,heloplus-curated,hinglish,dialogue,"Pati bal katavakar ghar aaya. Pati: dekho, main tumse das sal chhota lagata hoon ki nahi? Patni: mundan karava lete toh lagata jaise abhi paida hue ho.",True,HeloPlus Jokes,https://www.heloplus.com/quotes/jokes-in-hindi/
HJ-000481,husband-wife,heloplus-curated,hinglish,dialogue,Pappu apani Patni se- accha yeh batao ‘bidaayi’ ke samay tum ladakiyan itani roti kyu ho? Patni- ‘pagal’ agar tujhe pata chale.. apane ghar se door le jakar koi tumse ‘bartan manjavaega’ toh tu kya nachega.,True,HeloPlus Jokes,https://www.heloplus.com/quotes/jokes-in-hindi/
HJ-000482,husband-wife,heloplus-curated,hinglish,one-liner,"apane Sasur ji kee dulari hoon main, apane Hubby kee bhi pyari hoon main, philahal toh yeh sab sapna hai, kyu kee abhi tak kuvari hoon main !",True,HeloPlus Jokes,https://www.heloplus.com/quotes/jokes-in-hindi/
HJ-000483,husband-wife,heloplus-curated,hinglish,dialogue,"shadeeshuda mahila- Panditji, mere Pati hamesha mujhse ladate rahate hain. ghar kee sukh-shanti ke liye kaun-sa vrat rakhoon? Panditji- maun vrat rakho Beta, sab badhiya hoga!",True,HeloPlus Jokes,https://www.heloplus.com/quotes/jokes-in-hindi/
HJ-000484,husband-wife,heloplus-curated,hinglish,dialogue,"bahu ke 1-2 apheyar sunakar pati ne jan de dee, 3-4 apheyar sunakar Sasur ne jan de dee, lekin Saas chup rahi kyu? kyuki Saas bhi kabhi bahu thi.",True,HeloPlus Jokes,https://www.heloplus.com/quotes/jokes-in-hindi/
HJ-000485,husband-wife,heloplus-curated,hinglish,dialogue,"Patni : kuchh sal pahale mera phigar pepsi kee botal kee tarah tha, Pati : woh toh ab bhi hai bus, pahale botal 300ML kee thi ab 2 leetar kee hai.",True,HeloPlus Jokes,https://www.heloplus.com/quotes/jokes-in-hindi/
HJ-000486,husband-wife,heloplus-curated,hinglish,dialogue,"Santa – Yaar munnu, Patni ko begam kyu kaha jaata hai? Banta – kya hai kee shaadi ke bad, sare gam Pati ke ho jaate hai. toh Patni begam ho jaati hai.",True,HeloPlus Jokes,https://www.heloplus.com/quotes/jokes-in-hindi/
HJ-000487,husband-wife,heloplus-curated,hinglish,dialogue,"budhiya ka Damad bahut kala tha, Saas: Damad ji aap toh 1 maheena yahan ruko, doodh, dahi khao mauj karo, aaram se raho yahan, Damad: are vah sasu man aaj toh bada pyar aa raha hai mujh pe, Saas: are pyar vyar kuchh nahi kalamuhe, woh hamari bhains ka Baccha mar gaya hai, kam se kam tumhe dekh kar doodh toh deti rahegi.",True,HeloPlus Jokes,https://www.heloplus.com/quotes/jokes-in-hindi/
HJ-000488,husband-wife,heloplus-curated,hinglish,dialogue,"Pati roz kichan mein jaata aur cheeni ka dibba kholakar dekhata aur phir band karake rakh deta, Patni: roz roz yeh kya karte rahate ho? Pati: chup kar, Doctor ne kaha hai, roz apani shugar chek karte raho.",True,HeloPlus Jokes,https://www.heloplus.com/quotes/jokes-in-hindi/
HJ-000489,husband-wife,heloplus-curated,hinglish,dialogue,"Pati Patni mandir me pooja karane gaye, Pati: tumane kya manga? Patni: ki aap aur main sat janm tak saath rahen aur tumane kya manga? Pati: bhagavan kare yeh mera satavan janm ho.",True,HeloPlus Jokes,https://www.heloplus.com/quotes/jokes-in-hindi/
HJ-000490,husband-wife,heloplus-curated,hinglish,dialogue,"Ek baar Pati kee tabiyat bahut kharab thi, Pati : kam vali shanti ko bulao, Patni : kyu? Pati : Doctor ne kaha hai ki dava khakar shanti ke saath so jaana.",True,HeloPlus Jokes,https://www.heloplus.com/quotes/jokes-in-hindi/
HJ-000491,husband-wife,heloplus-curated,hinglish,dialogue,"Sasur ne Damad se kaha: 6 sal me 8 Bacche.. yeh kya hai? Damad: maine aapse kaha tha gareeb jaroor hu, par aapki beti ko kabhi khali pet nahi rakhoonga !",True,HeloPlus Jokes,https://www.heloplus.com/quotes/jokes-in-hindi/
HJ-000492,husband-wife,heloplus-curated,hinglish,dialogue,"Pati apani naraj Patni ko roz fon karta hai.. sasooji: kitni baar kaha kee woh ab tumhare ghar nahi aaegi, phir kyu roz roz fon karte ho? jamaayi : sun kar accha lagata hai iseelie.",True,HeloPlus Jokes,https://www.heloplus.com/quotes/jokes-in-hindi/
HJ-000493,husband-wife,heloplus-curated,hinglish,dialogue,"Pati-Patni donon markit gaye, vaha Pati ne Ek anajan Ladki se kaha helo! Patni gusse mein – batao yeh kaun thi?? Pati kuchh sochakar – oe chup kar, abhi use bhi batana hai kee, tum kaun ho..!",True,HeloPlus Jokes,https://www.heloplus.com/quotes/jokes-in-hindi/
HJ-000494,husband-wife,heloplus-curated,hinglish,dialogue,"Pati:- kam ke liye baayi rakhe? Patni:- nahi chahiye. Pati:- kyu? Patni:- tumhari aadate main acchi tarah, janati hoon. bhool gaye? pahale main bhi baayi hi thi!",True,HeloPlus Jokes,https://www.heloplus.com/quotes/jokes-in-hindi/
HJ-000495,husband-wife,heloplus-curated,hinglish,dialogue,"Pati ke marane ke bad, Patni ne akhabar mein ishtihar diya. antim sanskar mein jo bhi aaye unke liye dhanyavad! shokakul: kajal, umr 26 gora rang, 36 24 36, Bacche nahi hai.",True,HeloPlus Jokes,https://www.heloplus.com/quotes/jokes-in-hindi/
HJ-000496,husband-wife,heloplus-curated,hinglish,dialogue,"vina apane Pati se: tum sach me, bahut seedhe sadhe aur bhole ho, tumhe koi bhi aasani se bewakoof bana sakta hai. Pati: sach kah rahi ho, shuruvat toh tumhare Papa ne hi kee hai.",True,HeloPlus Jokes,https://www.heloplus.com/quotes/jokes-in-hindi/
HJ-000497,husband-wife,heloplus-curated,hinglish,dialogue,"Pati : agar mai mar gaya toh tum doosari shaadi karogi?? vaeeph : nahi, mai apani behen ke saath poori zindagi rah lungi. vaeeph : agar mai mar gayi toh tum doosari shaadi karoge? hasaband : mai bhi tumhari behen ke saath poori zindagi rah loonga.",True,HeloPlus Jokes,https://www.heloplus.com/quotes/jokes-in-hindi/
HJ-000498,husband-wife,heloplus-curated,hinglish,dialogue,"Pati: marate vaqt Biwi se: alamari se tera gold set mainne hi chori kiya tha ! Biwi rote hue: koi baat nahi ji, Pati: tere Bhai ne tujhe 1 lakh amanat dee thi, woh bhi maine gayab kee ! Biwi: maine aapko maf kiya ! Pati: teri kameti ke paise bhi maine hi chori kiye the! Biwi: koi baat nahi ji, aapko zahar bhi mainne hi diya hai.",True,HeloPlus Jokes,https://www.heloplus.com/quotes/jokes-in-hindi/
HJ-000499,husband-wife,heloplus-curated,hinglish,dialogue,"shaadi kee salagirah par Patni ko gulab dete hue Pati bola, “salagirah mubarak ho!” Patni: yeh nahi mujhe koi sone kee cheez chahiye. Pati: o, yeh lo takiya aur aaram se so jao.",True,HeloPlus Jokes,https://www.heloplus.com/quotes/jokes-in-hindi/
HJ-000500,husband-wife,heloplus-curated,hinglish,dialogue,"Doctor : pappu ab tumhari Patni kaisi hai? pappu : ab kaphi sudhar hai uski tabiyat mein, aaj subah toh thodi bahut ladaayi bhi kee usne.",True,HeloPlus Jokes,https://www.heloplus.com/quotes/jokes-in-hindi/
HJ-000501,husband-wife,heloplus-curated,hinglish,dialogue,"Patni : fon pe itani dheemi aavaz mein kis se baat kar rahe ho? Pati : Behen se.. Patni : toh phir itani dheemi aavaz mein kis liye? Pati : teri hai, is liye.",True,HeloPlus Jokes,https://www.heloplus.com/quotes/jokes-in-hindi/
HJ-000502,husband-wife,heloplus-curated,hinglish,dialogue,"Patni: shaadi ke das sal ho gaye aur Ek aap hai, jo aaj tak kahi ghoomane tak nahi le gaye.. Pati: theek hai aaj ghoomane chalenge.. shaam ko Pati, Patni ko lekar shmashan ghat le gaya! Patni gusse se boli: chhi shmashan bhi koi ghoomane kee jagah hoti hai? Pati: are pagali log “marate hai” yahan aane ke liye.",True,HeloPlus Jokes,https://www.heloplus.com/quotes/jokes-in-hindi/
HJ-000503,husband-wife,heloplus-curated,hinglish,dialogue,"machhali jal kee rani hai: iska naya varjan.. Patni ghar kee rani hai, karti apani manamani hai, kam batao toh chidh jaegi, shoping karao toh khil jaegi.",True,HeloPlus Jokes,https://www.heloplus.com/quotes/jokes-in-hindi/
HJ-000504,husband-wife,heloplus-curated,hinglish,one-liner,"agar Biwi apani sadi ka pallu apani kamar mein thoos le toh samajh jao kee, ya toh woh ghar ka kam nipataegi, ya phir aapko !",True,HeloPlus Jokes,https://www.heloplus.com/quotes/jokes-in-hindi/
HJ-000505,husband-wife,heloplus-curated,hinglish,dialogue,"Pati: kash! main ganapati hota, tum roz meri pooja karti, mujhe laddu khilati, bada maja aata.. Patni: ha, kash tum ganapati hote, main roz laddu khilati, aur har sal visarjan karake naye ganapati ghar lati, bada maja aata..!",True,HeloPlus Jokes,https://www.heloplus.com/quotes/jokes-in-hindi/
HJ-000506,husband-wife,heloplus-curated,hinglish,dialogue,Patni : ‘RAEES’ dekhane chale? Pati : main us ‘KAABIL’ nahi.. Patni : toh ‘KAABIL’ chale? Pati : main utana ‘RAEES’ nahi.. bad mein ghar mein bachchon ne ‘DANGAL’ dekha.,True,HeloPlus Jokes,https://www.heloplus.com/quotes/jokes-in-hindi/
HJ-000507,husband-wife,heloplus-curated,hinglish,dialogue,"santa ke 9 beto mein 1 alag dikhata tha, santa ne marate vaqt Biwi se pucha, ab toh sach bata yeh alag dikhane vala kisaka hai? Biwi – yeh 1 hi toh aapka hai !",True,HeloPlus Jokes,https://www.heloplus.com/quotes/jokes-in-hindi/
HJ-000508,husband-wife,heloplus-curated,hinglish,dialogue,"santa – aaj tere mobile pe bade “I LOVE U” ke message aa rahe hai, kya baat hai? Banta – o kuchh nahi Yaar, apani aisi kismat kaha, aaj toh Biwi ka mobile laya hu !",True,HeloPlus Jokes,https://www.heloplus.com/quotes/jokes-in-hindi/
HJ-000509,husband-wife,heloplus-curated,hinglish,dialogue,"Banta : tere ghar se hamesha hasane ki aavaz aati he, itani khushi ka raz kya he? Santa : meri Biwi mujhe joote marati he, lag jaye toh woh hasati he, nahi lage toh mein hasata hu !",True,HeloPlus Jokes,https://www.heloplus.com/quotes/jokes-in-hindi/
HJ-000510,husband-wife,heloplus-curated,hinglish,dialogue,"Patni- shaadi se pahale tum mujhe hotel, sinema, aur na jane kahan- kahan ghumate the shaadi hui toh ghar ke bahar bhi nahi le jaate.. Pati- kya tumane kabhi kisi ko.. chunav ke bad prachar karte dekha hai.",True,HeloPlus Jokes,https://www.heloplus.com/quotes/jokes-in-hindi/
HJ-000511,husband-wife,heloplus-curated,hinglish,dialogue,"Patni: sharam nahi aati, dusari aurat ko ghur ghur kar dekh rahe ho! ab tum shaadi shuda ho. pati: aisa kaha likha hai kee upavas ho toh khane ka menu bhi nahi dekh sakte.",True,HeloPlus Jokes,https://www.heloplus.com/quotes/jokes-in-hindi/
HJ-000512,husband-wife,heloplus-curated,hinglish,dialogue,"Sardar apani Biwi ke saath teksi me baitha, draivar ne aaeena set kiya, yeh dekhate hi Sardar: ( gusse me ) sale meri Biwi ko dekhata hai, tu peechhe baith teksi me chalaoonga !",True,HeloPlus Jokes,https://www.heloplus.com/quotes/jokes-in-hindi/
HJ-000513,husband-wife,heloplus-curated,hinglish,dialogue,Patni : aap mujhe “rani” kyu bolate ho? Pati : kyonki “naukarani” thoda lamba shabd ho jaata hai.. Patni gusse se: tumhe pata hai ki mai tumhe “jan” kyu bolati hoon? Pati : nahi.. batao toh jara.. Patni : “janavar” thoda lamba shabd ho jaata hai isalie sirph “jan” bol deti hoon.,True,HeloPlus Jokes,https://www.heloplus.com/quotes/jokes-in-hindi/
HJ-000514,husband-wife,heloplus-curated,hinglish,dialogue,"Baap – Beta agar sasural vale skootar de toh car mangana, koolar de toh AC mangana, Ladka – Papa agar woh Ladki de toh uski man ko bhi mangalu kya?",True,HeloPlus Jokes,https://www.heloplus.com/quotes/jokes-in-hindi/
HJ-000515,husband-wife,heloplus-curated,hinglish,one-liner,"Ek phaimili shole philm dekh kar apane ghar aayi. tabhi Pati ne Patni se, romantik andaz mein kaha, nach basanti nach.. tabhi unka chhota Baccha bola, nahi Mummy ees kutte ke samane mat nachana!",True,HeloPlus Jokes,https://www.heloplus.com/quotes/jokes-in-hindi/
HJ-000516,husband-wife,heloplus-curated,hinglish,dialogue,"akabar : mujhse vada kar teri Biwi kee pahali kis mujhe lene dega, beerabal : vada hujoor! par meri bhi Ek shart hai, akabar : bol? beerabal : shaadi aapki Behen se karoonga.",True,HeloPlus Jokes,https://www.heloplus.com/quotes/jokes-in-hindi/
HJ-000517,teacher-student,heloplus-curated,hinglish,dialogue,Teacher : main Do vaky doonga usamen aapko antar batana hai. pahala vaky- usne bartan dhoe. doosara vaky- use bartan dhone pade. Pappu : pahale vaky mein karta avivahit hai. aur doosare vaky mein karta vivahit hai.,True,HeloPlus Jokes,https://www.heloplus.com/quotes/jokes-in-hindi/
HJ-000518,teacher-student,heloplus-curated,hinglish,dialogue,"inglish gramar kee Teacher- aaj hum naun padhenge Teacher- Ladki sabase hans ke baat karti hai, isamen Ladki kya hai? Pappu- Madam ji woh Ladki bigadi hui hai, kisi ladake ke chakkar mein padi hai.",True,HeloPlus Jokes,https://www.heloplus.com/quotes/jokes-in-hindi/
HJ-000519,teacher-student,heloplus-curated,hinglish,dialogue,Teacher: hamesha kaho kee mujhe sab pata hai. Pappu: Papa mujhe sab pata hai. Papa: Beta yeh 50 rupaye lo aur chup rahna. aanti toh bus milane aati hain. Pappu: Mummy mujhe sab pata hai. Mummy: Beta yeh 100 rupaye lo aur chup rahna. ramu kaka toh room saf karte hain bus. Pappu (naukar se): ramu kaka mujhe sab pata hai. ramu kaka: sab jan ne ke bad bhi apane Baap ke gale nahi lagega pagale.,True,HeloPlus Jokes,https://www.heloplus.com/quotes/jokes-in-hindi/
HJ-000520,teacher-student,heloplus-curated,hinglish,dialogue,"Teacher : batao sabase nasheela padarth kaunasa hota hai? pappu : kitab hai Sir, sala kholate hi neend aa jaati hai.",True,HeloPlus Jokes,https://www.heloplus.com/quotes/jokes-in-hindi/
HJ-000521,teacher-student,heloplus-curated,hinglish,dialogue,"Teacher: bus ke draivar aur kandaktar me kya phark hai?? student: kandaktar soya toh kisika ticket nahi katega, draivar soya toh, sabaka ticket kat jayega.",True,HeloPlus Jokes,https://www.heloplus.com/quotes/jokes-in-hindi/
HJ-000522,teacher-student,heloplus-curated,hinglish,dialogue,"shikshak: tumane aaj bhi homavark nahi kiya.. bolo tumhe kya saja doon? Pappu: Sir woh last bench vali Ladki ne bhi, homavark nahi kiya. “hum donon ko batharoom mein band kar Do”",True,HeloPlus Jokes,https://www.heloplus.com/quotes/jokes-in-hindi/
HJ-000523,teacher-student,heloplus-curated,hinglish,dialogue,"Teacher : ‘lophar’ aur ‘ophar’ mein kya antar hai.? stoodent : sinpal mem. Ladka ‘I Love U’ bole toh lophar aur, Ladki ‘I Love U’ bole toh ophar!",True,HeloPlus Jokes,https://www.heloplus.com/quotes/jokes-in-hindi/
HJ-000524,teacher-student,heloplus-curated,hinglish,dialogue,Master ji : agar prithvi ke andar LAVA hai toh bahar kya hai ? Sanju : Master ji bahar oppo aur VIVO hai.,True,HeloPlus Jokes,https://www.heloplus.com/quotes/jokes-in-hindi/
HJ-000525,teacher-student,heloplus-curated,hinglish,dialogue,"Teacher:- semistar sistam ke phayade batao? stoodent:- phayade toh pata nahi, par beijatti sal mein 2 baar ho jaati hai.",True,HeloPlus Jokes,https://www.heloplus.com/quotes/jokes-in-hindi/
HJ-000526,teacher-student,heloplus-curated,hinglish,dialogue,"saradaraji aapko logo ne kyu mara? Sardar: Yaar meri photo bus me gir gayi, toh maine Madam se kaha jara sadi upar karo photo lena hai.",True,HeloPlus Jokes,https://www.heloplus.com/quotes/jokes-in-hindi/
HJ-000527,teacher-student,heloplus-curated,hinglish,dialogue,ledi Teacher: mujhe bachchon kee shakal se pata lag jaata hai kee unke dimag me kya chal raha hai. stoodant : phir bhi aap apana dupatta sahi nahi kar rahi ho!,True,HeloPlus Jokes,https://www.heloplus.com/quotes/jokes-in-hindi/
HJ-000528,teacher-student,heloplus-curated,hinglish,one-liner,"mohabbat ke kharchon kee badi lanbi kahani hai, kabhi philm dikhani hai toh kabhi shoping karani hai, Masterji roz kahate hai kahan hai phees ke paise? use samajaoon main kaise kee mujhe chhori patani hai !",True,HeloPlus Jokes,https://www.heloplus.com/quotes/jokes-in-hindi/
HJ-000529,teacher-student,heloplus-curated,hinglish,dialogue,"Teacher: itane din se kaha then? Ladka : bard phlu huaa tha, Teacher: par yeh toh bards ko hota hai? Ladka : aapane mujhe insan samajha hi kaha hai, roz toh murga bana deti ho.",True,HeloPlus Jokes,https://www.heloplus.com/quotes/jokes-in-hindi/
HJ-000530,teacher-student,heloplus-curated,hinglish,dialogue,"Teacher ne gadhe ke samane 1 daru kee aur 1 paani kee balti rakhi, gadha paani pi gaya. Teacher: tumane is se kya sikha? stoodent : jo daru nahi Pita woh gadha hota hai !",True,HeloPlus Jokes,https://www.heloplus.com/quotes/jokes-in-hindi/
HJ-000531,marriage,heloplus-curated,hinglish,dialogue,"Ladka- main aapki beti se shaadi karna chahata hoon, Ladki ka Baap- kitna kama lete ho. Ladka- 19000 hajar maheena. Ladki ka Baap- 15000 mai apani beti ko paket mani deta hoon. Ladka- woh milake ke hi bol raha hoon ankal.",True,HeloPlus Jokes,https://www.heloplus.com/quotes/jokes-in-hindi/
HJ-000532,marriage,heloplus-curated,hinglish,dialogue,"rupesh : Papa mujhe Ek Ladki pasand hai, main usse shaadi karna chahata hoon.. Papa: kya woh bhi tujhe pasand karti hai? rupesh : han ji han.. Papa: jis Ladki kee pasand aisi ho main use apani Bahu nahi bana sakta.",True,HeloPlus Jokes,https://www.heloplus.com/quotes/jokes-in-hindi/
HJ-000533,marriage,heloplus-curated,hinglish,one-liner,"bhagavan ko gussa kab aata hai? jab .. jab koi Ladki shaadi se pahale preganent ho jaye.. aur uski man kahe, “he bhagavan yeh toone kya kiya”",True,HeloPlus Jokes,https://www.heloplus.com/quotes/jokes-in-hindi/
HJ-000534,marriage,heloplus-curated,hinglish,one-liner,"Ek baar kisi ne pucha kee yeh shaadi kab hoti hai? jawab yeh tha kee jab aapka samay anukool na ho, rahu ketu aur shani kee dasha kharab ho, aapka mangal kamajor ho, aur bhagavan ne bhi aapki maje lene kee than lee ho. us samay shaadi ho jaati hai!",True,HeloPlus Jokes,https://www.heloplus.com/quotes/jokes-in-hindi/
HJ-000535,marriage,heloplus-curated,hinglish,dialogue,"pahala Sardar : mainne apani vaeeph ko 12 vi paas karavaayi, phir, bi. e, .phir em .e, aur uski sarakari job lagava dee, ab kya karu? doosara Sardar : accha Ladka dekh kar shaadi kar de !",True,HeloPlus Jokes,https://www.heloplus.com/quotes/jokes-in-hindi/
HJ-000536,marriage,heloplus-curated,hinglish,dialogue,"Ek Ladki : he bhagavan, meri shaadi kisi samajhadar aadmi se karava Do, bhagavan : ghar jao beti samajhadar aadmi kabhi shaadi nahi karte !",True,HeloPlus Jokes,https://www.heloplus.com/quotes/jokes-in-hindi/
HJ-000537,marriage,heloplus-curated,hinglish,dialogue,"Beta – mujhe shaadi nahi karani! mujhe sabhi auraton se dar lagata hai! Pita- kar le Beta! phir Ek hi aurat se dar lagega, baki sab acchi lagengi.",True,HeloPlus Jokes,https://www.heloplus.com/quotes/jokes-in-hindi/
HJ-000538,marriage,heloplus-curated,hinglish,dialogue,Ladki : duaa karo main fail ho jaoon. phrend : kyu? Ladki : abbu ne kaha hai ke. 1st aayi toh laipatop. 2nd aayi toh mobile aur fail ho gayi toh shaadi karava doonga!,True,HeloPlus Jokes,https://www.heloplus.com/quotes/jokes-in-hindi/
HJ-000539,marriage,heloplus-curated,hinglish,dialogue,"Ek nayi shadeeshuda aurat kok pi rahi thi, usame Ek machchhar gir gaya, aurat ne use nikala toh machchhar bola, “man!” aurat: toone mujhe man kyu kaha? machchhar: main teri kok se nikala hoon, man!",True,HeloPlus Jokes,https://www.heloplus.com/quotes/jokes-in-hindi/
HJ-000540,marriage,heloplus-curated,hinglish,dialogue,"5 sal ka Baccha: aayi lav yu man, man: aayi lav yu tu Beta! 16 sal ka Ladka: aayi lav yu mom, man: sori Beta, paise nahi hai! 25 sal ka Ladka: aayi lav yu man, man: kaun hai woh chudail? kaha rahati hai? 35 sal ka aadmi: aayi lav yu man, man: Beta mainne pahale hi bola tha, us Ladki se shaadi mat karna! aur sabase badhiya.. 55 sal ka aadmi: aayi lav yu man, man: Beta, mai kisi bhi kagaz par sain nahi karoongi !",True,HeloPlus Jokes,https://www.heloplus.com/quotes/jokes-in-hindi/
HJ-000541,marriage,heloplus-curated,hinglish,one-liner,"dulha romantik andaz mein bola, main aapki kiss le lu kya? dulhan sharamate hue boli, humne toh kabhi gairo ko bhi mana nahi kiya, aap toh phir bhi apane ho.",True,HeloPlus Jokes,https://www.heloplus.com/quotes/jokes-in-hindi/
HJ-000542,marriage,heloplus-curated,hinglish,dialogue,"Ek aadmi medikal shop par zahar lene gaya. aadmi: Ek zahar kee botal dena Dukandar: bina parchi ke zahar nahi mil sakta. aadmi ne shaadi ka kard dikhaya.. Dukandar: bus kar pagale, rulaega kya? badi botal du ya chhoti?",True,HeloPlus Jokes,https://www.heloplus.com/quotes/jokes-in-hindi/
HJ-000543,friends,heloplus-curated,hinglish,dialogue,thappad marane par naraj vaeeph se hasaband bola: “aadmi usi ko marata hai jisase woh pyar karta hai.” vaeeph ne hasaband ko 2 thappad mare aur boli “aap kya samajhate hai mai aapse pyar nahi karti”,True,HeloPlus Jokes,https://www.heloplus.com/quotes/jokes-in-hindi/
HJ-000544,friends,heloplus-curated,hinglish,dialogue,"Sardar dukhi tha. kisi ne puchha: kyu tenshan me ho? Sardar: Yaar Ek Dost ko plastik sarjari ke liye 2 lakh diye, ab sale ko pahachan nahi pa raha hun.",True,HeloPlus Jokes,https://www.heloplus.com/quotes/jokes-in-hindi/
HJ-000545,friends,heloplus-curated,hinglish,dialogue,"Sanju: Papa mujhe skul chhodane aap kyu aate ho? mere sabhi doston ko chhodane toh unki Mummy aati hai, Papa: bus iseelie Beta.",True,HeloPlus Jokes,https://www.heloplus.com/quotes/jokes-in-hindi/
HJ-000546,friends,heloplus-curated,hinglish,dialogue,"pahala Dost :- Yaar mainne apani Behen kee dayamand reeng churakar meri garlaphrend ko de dee, dusara Dost : haramakhor, Do din hamali karake khareedakar dee thi teri Behen ko, pahala Dost :- abe marata kyu hai be sale teri Behen ko hi toh dee hai.",True,HeloPlus Jokes,https://www.heloplus.com/quotes/jokes-in-hindi/
HJ-000547,friends,heloplus-curated,hinglish,dialogue,"Ladki: kitna pyar karte ho mujhse? Ladka: shahajahann jaisa, Ladki: toh tajamahal banavao, Ladka: jameen khareed lee hai, bus tumhare marane ka intazar kar raha hun.",True,HeloPlus Jokes,https://www.heloplus.com/quotes/jokes-in-hindi/
HJ-000548,friends,heloplus-curated,hinglish,one-liner,"devadas kee tarah jan mat Do yaro, pyar ko lat maro yaro, meri baat mano yaro, na chandramukhi na paro, roz raat Ek kingafishar maro, aur chain se zindagi guzaro..!",True,HeloPlus Jokes,https://www.heloplus.com/quotes/jokes-in-hindi/
HJ-000549,friends,heloplus-curated,hinglish,dialogue,"pahala Dost :’ Yaar mai jis Ladki ko chahata hun, usne mujhse shaadi nahi kee. doosara Dost :’ tumane use bataya ke tera chacha karodapati hai ? pahala Dost :’ han mene bataya tha. doosara Dost :’ toh phir ? pahala Dost :’ ab woh meri chachi hai.",True,HeloPlus Jokes,https://www.heloplus.com/quotes/jokes-in-hindi/
HJ-000550,friends,heloplus-curated,hinglish,dialogue,"Ladka – diar meri aankhon mein dekho, tumhe kya dikh raha hai? mujhe jaldi se batao!’ Ladki -‘sachcha pyar’ Ladka -‘oye!sachcha pyar kee bachchi kachara gaya hai jaldi phoonk mar.",True,HeloPlus Jokes,https://www.heloplus.com/quotes/jokes-in-hindi/
HJ-000551,friends,heloplus-curated,hinglish,one-liner,"dil mein basi hai dosti teri, aankhon mein basi hai tasveer teri, jab bhi aati hai yad teri, hum dekhate hai, “Tom & Jerry..!”",True,HeloPlus Jokes,https://www.heloplus.com/quotes/jokes-in-hindi/
HJ-000552,friends,heloplus-curated,hinglish,dialogue,"pyar aur “11:59pm” mein kya phark hai? Confused ? Simple! donon ke bad 12 bajate hai, aur din badal jaate hai.",True,HeloPlus Jokes,https://www.heloplus.com/quotes/jokes-in-hindi/
HJ-000553,friends,heloplus-curated,hinglish,dialogue,"Sir : bachcho, gareebo se hamesha pyar se pesh aana chahiye.. Ladka : ab samajha.. Sir : kya? Ladka : tabhi Papa naukarani ko gale lagate hai aur Mummy doodhavale ko !",True,HeloPlus Jokes,https://www.heloplus.com/quotes/jokes-in-hindi/
HJ-000554,friends,heloplus-curated,hinglish,dialogue,"Ladka : Yaar, mujhe us Ladki se bachao, Dost : kyu? Ladka : jab se mainne kah diya hai dil cheer ke dekh tera hi nam hoga, sali ‘chaku’ leke peechhe pad gayi hai !",True,HeloPlus Jokes,https://www.heloplus.com/quotes/jokes-in-hindi/
HJ-000555,friends,heloplus-curated,hinglish,dialogue,"gadha: Yaar malik bahut marate hai? kutta: ghar chhod de? gadha: nahi Yaar! woh hamesha beti se bolata hai, teri shaadi gadhe se kar dunga. bus isi ummeed mein baitha hu !",True,HeloPlus Jokes,https://www.heloplus.com/quotes/jokes-in-hindi/
HJ-000556,friends,heloplus-curated,hinglish,dialogue,"Ladka : kal se hum kahi aur milange Ladki : kyu? Ladka : bade kameene hai teri gali ke Bacche Ladki – kya huaa? Ladka : kutte peechhe lagakar kahate hai, jab pyar kiya toh darana kya !",True,HeloPlus Jokes,https://www.heloplus.com/quotes/jokes-in-hindi/
HJ-000557,friends,heloplus-curated,hinglish,dialogue,"ladaka phone pe apane Dost ko: kya be kutte ke pille, aaya kyu nahi..? jabab aaya: kutte ka pilla nahane gaya hai, main kutta bol raha hoon.. ​ladaka: sori ankal.",True,HeloPlus Jokes,https://www.heloplus.com/quotes/jokes-in-hindi/
HJ-000558,friends,heloplus-curated,hinglish,dialogue,"phrend: Yaar tumhari dukaan mithaayi kee hai, toh kya tumhara dil nahi karta, mithaayi khane ko? santa: Yaar karta toh bahot hai, lekin Papa rasagulle gin ke jaate hai, toh.. isalie,choosakar rakh deta hu.",True,HeloPlus Jokes,https://www.heloplus.com/quotes/jokes-in-hindi/
HJ-000559,friends,heloplus-curated,hinglish,dialogue,"aaj maine apani Wife ke photo par kament kiya, CUTEEE. Wife ne mujhe kol karake 100 galiyo dee.. mainne puchha aakhir mainne kiya kya hai ? Wife: toone “kutti” kyoon bola..? kasam se Yaar rona aa gaya.. pata nahi kaha se padhaayi kee hai.",True,HeloPlus Jokes,https://www.heloplus.com/quotes/jokes-in-hindi/
HJ-000560,friends,heloplus-curated,hinglish,dialogue,"Beta – Papa aap ratako Mummy ke saath kyu sote ho? Papa – Beta isse aapas mein pyar badhata he, Beta – Papa ullu mat banao, saath sone se pyar nahi parivar badhata hai.",True,HeloPlus Jokes,https://www.heloplus.com/quotes/jokes-in-hindi/
HJ-000561,friends,heloplus-curated,hinglish,dialogue,"2 Dost salo ke bad mile, pata chala donon ki shaadi ho gayi, pahala Dost: kaisi he tumhari vaeeph? doosara Dost: svarg kee apsara hai, aur teri? pahala Dost: meri toh abhi zinda he !",True,HeloPlus Jokes,https://www.heloplus.com/quotes/jokes-in-hindi/
HJ-000562,santa-banta-style,heloplus-curated,hinglish,dialogue,"Santa baar me ro raha tha. Banta: kyu ro rahe ho? Santa: aur kya karu? jis ladaki ko bhulana chahata hoon, uska nam hi yad nahi aata.",True,HeloPlus Jokes,https://www.heloplus.com/quotes/jokes-in-hindi/
HJ-000563,santa-banta-style,heloplus-curated,hinglish,dialogue,"Santa apani beemari kee vajah se Doctor ke paas gaya, Doctor: aapki beemari kee sahi vajah meri samajh mein nahi aa rahi, ho sakta hai daru peene kee vajah se aisa ho raha ho, Santa: koi baat nahi Doctor sahab, jab aapki utar jaegi toh main dobara aa jaoonga.",True,HeloPlus Jokes,https://www.heloplus.com/quotes/jokes-in-hindi/
HJ-000564,santa-banta-style,heloplus-curated,hinglish,dialogue,"Santa: Papa aaj meri garlaphrend ka birthday hai, use kya du? Papa: dikhane me kaisi hai? Santa: mast hai. Papa: mera mobile nanbar de de!",True,HeloPlus Jokes,https://www.heloplus.com/quotes/jokes-in-hindi/
HJ-000565,santa-banta-style,heloplus-curated,hinglish,dialogue,"Ek din Santa apani bhabhi ko pit raha tha, rah chalate logo ne pucha kyu mar rahe ho is bechari ko? Santa bola: meri bhabhi acchi aurat nahi hai, logo ne pucha: kyu kya huva? Santa bola: Yaar mere sabhi Dost mobile par lage rahate hai, aur jise bhi puchhu tum log kis se baat kar rahe ho? toh sab bolate hai tere bhabhi se.",True,HeloPlus Jokes,https://www.heloplus.com/quotes/jokes-in-hindi/
HJ-000566,santa-banta-style,heloplus-curated,hinglish,dialogue,"Banta ne Santa se pucha : aapko eyar hostes ne thappad kyu mara? Santa : mainne pucha kee, susu karane kee jagah kaha hai, woh boli peechhe, mainne kaha pahale toh aage huaa karti thi.",True,HeloPlus Jokes,https://www.heloplus.com/quotes/jokes-in-hindi/
HJ-000567,santa-banta-style,heloplus-curated,hinglish,dialogue,"mukesh anbani: agar mai subah se apani car mein nikalu toh shaam tak apani aadhi proparti bhi nahi dekh sakta, Santa: hamare paas bhi aisi hi khatara car thi, bech dee.",True,HeloPlus Jokes,https://www.heloplus.com/quotes/jokes-in-hindi/
HJ-000568,pappu-style,heloplus-curated,hinglish,dialogue,"Pappu: Papa bulet dila Do, Baap: padosan kee Ladki ko dekh bus se jaati hai.. Pappu: yahi toh dekha nahi jaata !",True,HeloPlus Jokes,https://www.heloplus.com/quotes/jokes-in-hindi/
HJ-000569,pappu-style,heloplus-curated,hinglish,dialogue,"Pappu kee vaeeph romantik mood me thi poore baid par banhe phaila kar let gayi, aur Pappu se boli kuchh samajhe? Pappu- samajh gaya aaj tu poore baid par sona chahati hai na dayan.",True,HeloPlus Jokes,https://www.heloplus.com/quotes/jokes-in-hindi/
HJ-000570,pappu-style,heloplus-curated,hinglish,dialogue,"Papa: Beta tum paas ho ya na ho main tumhe baik jaroor dila doonga.. Pappu: thainkyu Papa ji, Papa: agar paas huye toh ‘heero honda’ college jane ke liye, agar phel huye toh ‘rajadoot’ doodh bechane ke liye.",True,HeloPlus Jokes,https://www.heloplus.com/quotes/jokes-in-hindi/
HJ-000571,pappu-style,heloplus-curated,hinglish,dialogue,"Pappu: mere Baap ke aage bade bade log katori leke khade hote hai, Ladki: accha! kaun hai tumhara Baap? Pappu: paani pooreevala.",True,HeloPlus Jokes,https://www.heloplus.com/quotes/jokes-in-hindi/
HJ-000572,pappu-style,heloplus-curated,hinglish,dialogue,"garlaphrend: meri Mummy ko tum bahut pasand aaye ho, Pappu: chal pagali…kuchh bhi ho main shaadi tumse hi karoonga.. aanti se kahana woh mujhe bhool jaen.",True,HeloPlus Jokes,https://www.heloplus.com/quotes/jokes-in-hindi/
HJ-000573,pappu-style,heloplus-curated,hinglish,dialogue,"pheku- Pappu, jaldi se teevi chalu kar, 30 pheet ka sanp dikha rahe hain Pappu- are pheku, nahi dekh sakte hum pheku- kyu? Pappu- kyonki hamara teevi 21 inch ka hai na.",True,HeloPlus Jokes,https://www.heloplus.com/quotes/jokes-in-hindi/
HJ-000574,pappu-style,heloplus-curated,hinglish,dialogue,"gavarnment ka naya rool. jisake 5 Bacche ho use ghar milega. Pappu ke 3 the usne vaeeph se kaha, pados ke 2 mere hai unko leke aata hoon ! ( lane ke bad ) Pappu : apane 3 kaha gaye? vaeeph : jisake the woh le gaya.",True,HeloPlus Jokes,https://www.heloplus.com/quotes/jokes-in-hindi/
HJ-000575,pappu-style,heloplus-curated,hinglish,dialogue,"Pappu ka intaravyu: batao woh kaun si aurat hain jisako 1oo% pata hota hain kee uska hasaband kaha hain? Pappu ne apana khataranak dimag lagaya aur bola, “vidhava aurat”",True,HeloPlus Jokes,https://www.heloplus.com/quotes/jokes-in-hindi/
HJ-000576,boyfriend-girlfriend,heloplus-curated,hinglish,dialogue,"det par ladake ne Ladki se kaha, janu, Ek baat kahana chahata hoon! Ladki: kya? Ladka: meri pahale se Ek garlaphrend hai! Ladki: dara diya sale, mujhe laga ki paisa nahi hai!",True,HeloPlus Jokes,https://www.heloplus.com/quotes/jokes-in-hindi/
HJ-000577,boyfriend-girlfriend,heloplus-curated,hinglish,dialogue,"aadity apani garlaphrend ke Pita se milane gaya, Ladki ka Pita: main nahi chahata ki meri beti apani poori jindagi Ek moorkh insan ke saath guzare. aadity: bus ankal, iseelie toh main use yahan se le jane aaya hoon. de joote.. de chappal !",True,HeloPlus Jokes,https://www.heloplus.com/quotes/jokes-in-hindi/
HJ-000578,boyfriend-girlfriend,heloplus-curated,hinglish,dialogue,"Papa: nalayak itani raat ko kahan se aa raha hai? bholu: apani garlaphrend se milane gaya tha. Papa: kis liye? bholu: han Papa, 7-8 toh kis le hi liye.",True,HeloPlus Jokes,https://www.heloplus.com/quotes/jokes-in-hindi/
HJ-000579,boyfriend-girlfriend,heloplus-curated,hinglish,dialogue,"Ek Ladka park me ped ke peechhe apani garlaphrend ke saath khada tha, Ek budhdha aadmi paas se gujara aur bola: bete kya yeh hamari sanskriti hai? Ladka: nahi ankal, yeh toh malhotra ankal kee teena hai, aap dusare ped ke peechhe chek keejie shayad vaha ho.",True,HeloPlus Jokes,https://www.heloplus.com/quotes/jokes-in-hindi/
HJ-000580,boyfriend-girlfriend,heloplus-curated,hinglish,dialogue,"garlaphrend: meri yad aati hai toh tum kya karte ho? boyaphrend: tumhari pasandeeda chokalet kha leta hoon. aur tum kya karti ho meri yad aaye tab, garlaphrend: main bhi ‘vimal’ kha leti hu.",True,HeloPlus Jokes,https://www.heloplus.com/quotes/jokes-in-hindi/
HJ-000581,boyfriend-girlfriend,heloplus-curated,hinglish,dialogue,"ameer aadmi: aaj mere paas 14 kara,18 baiks, 4 bangale, 3 pharmahaus hai, tumhare paas kya hai? gareeb aadmi: mere paas Beta hai, jisaki garlaphrend teri beti hai.",True,HeloPlus Jokes,https://www.heloplus.com/quotes/jokes-in-hindi/
HJ-000582,boyfriend-girlfriend,heloplus-curated,hinglish,one-liner,"Ek Ladki ne apane boyaphrend se pucha, “tumhe khushi milati hai jab main roti hoon?” usne jawab diya, “nahi, mujhe us vakt khushi milati hai jab tum mujhe rote hue photo bhejati ho!”",True,HeloPlus Jokes,https://www.heloplus.com/quotes/jokes-in-hindi/
HJ-000583,desi-life,heloplus-curated,hinglish,dialogue,"garl: kya kar rahe ho? boy: makkhiyan mar raha hun, garl: kitni mari? boy: 3 mel aur 2 pheemel, garl: kaise malum? boy: kyonki, 3 daaru kee botal se chipaki thi aur 2 fon se.",True,HeloPlus Jokes,https://www.heloplus.com/quotes/jokes-in-hindi/
HJ-000584,doctor-patient,heloplus-curated,hinglish,dialogue,Doctor: ab kya hal hai? mareez: pahale se zyada kharab hai. Doctor: davaayi khali thi kya? mareez: nahi davaayi kee sheeshi toh bhari hui thi. Doctor: mera matalab davaayi leli thi? mareez: aap ne dee toh mainne leli. Doctor: bewakoof davaayi pili thi? mareez: nahi davaayi toh lal thi. Doctor: gadhe davaayi ko peeliya tha? mareez: nahi ji peeliya toh mujhe tha.,True,HeloPlus Jokes,https://www.heloplus.com/quotes/jokes-in-hindi/
HJ-000585,doctor-patient,heloplus-curated,hinglish,dialogue,"santa: Doctor sahab, plastik sarjari mein kitna kharcha aaega? Doctor: 50 hajar santa: agar plastik main lekar doon toh? Doctor: sale, pighala kar chipaka bhi lena.",True,HeloPlus Jokes,https://www.heloplus.com/quotes/jokes-in-hindi/
HJ-000586,doctor-patient,heloplus-curated,hinglish,dialogue,"Ladki : pleez mere hasaband ko andar bula leejiye, Doctor : ghabarao nahi mai Ek shareeph aadmi hun. Ladki : aap samajhe nahi, bahar aapki nars akeli hai.",True,HeloPlus Jokes,https://www.heloplus.com/quotes/jokes-in-hindi/
HJ-000587,doctor-patient,heloplus-curated,hinglish,dialogue,"Doctor: ab aap khatare se bahar hai, phir bhi aap itana kyu dar rahe ho? Mareez: jis trak se meri durghatana hui thi, usape likha tha, “phir milenge”",True,HeloPlus Jokes,https://www.heloplus.com/quotes/jokes-in-hindi/
HJ-000588,doctor-patient,heloplus-curated,hinglish,dialogue,"Doctor : jab aapko pata tha, chhipakali aapke nak me jaa rahi hai, toh aapane roka kyu nahi? peshant: pahale kokaroch gaya tha, mainne socha use pakadane jaa rahi hogi.",True,HeloPlus Jokes,https://www.heloplus.com/quotes/jokes-in-hindi/
HJ-000589,office-work,heloplus-curated,hinglish,dialogue,"malakeen ro rahi thi, tabhi jakar naukarani ne puchha, naukarani: kya huaa malakeen? malakeen: mujhe shak hai kee tere malik ka office me kisi doosare ladaki ke saath chakkar hai. naukarani: nahi malakeen, esa mat sochie, malik mujhe dhoka nahi de sakte !",True,HeloPlus Jokes,https://www.heloplus.com/quotes/jokes-in-hindi/
HJ-000590,office-work,heloplus-curated,hinglish,dialogue,"bhikari: sahab Ek rupaya de Do. sahab: tumhe sharam nahi, rod par khade hokar bheek mangate ho, bhikari: ab tujhe Ek roopaye mangane ke liye office kholu kya?",True,HeloPlus Jokes,https://www.heloplus.com/quotes/jokes-in-hindi/
HJ-000591,office-work,heloplus-curated,hinglish,dialogue,"aadmi: Sir, meri wife ghoom gayi he, postaman: yeh post office hai, police station nahi, aadmi: oh sori ! sala khushi ke mare kaha jau, kuchh samajh mein nahi aa raha !",True,HeloPlus Jokes,https://www.heloplus.com/quotes/jokes-in-hindi/
HJ-000592,exam-study,heloplus-curated,hinglish,one-liner,"main bachapan se itana pratibhashali raha hoon ki rishtedar pareeksha parinam ke bad sirph itana hi poochhate hai, tu paas huaa ya nahi ?",True,HeloPlus Jokes,https://www.heloplus.com/quotes/jokes-in-hindi/
HJ-000593,clean-family-friendly,funkylife-viral,hinglish,one-liner,padhiye in hindi joks ko aur dil kholakar hansiye aur doosaron ko hansaie.,True,FunkyLife Hindi Chutkule,https://funkylife.in/hindi-jokes/
HJ-000594,clean-family-friendly,funkylife-viral,hinglish,dialogue,"Bhikhari – ai Bhai Ek rupaya dede, tin din se bhookha hoon. rahageer – tin din se bhookha hai toh Ek rupaye ka kya karega..? Bhikhari – vajan toloonga kitna ghata hai..!! 😂😜😅😂😂😜",True,FunkyLife Hindi Chutkule,https://funkylife.in/hindi-jokes/
HJ-000595,clean-family-friendly,funkylife-viral,hinglish,dialogue,"pintu saikil se bajar jaa raha tha. Ek videshi aadmi aaya aur usne pintu ko roka. pintu: aise aachanak se samane aa gaya, marega kya? videshi: mujhe taj mahal jaana hai. pintu: toh jaa na. sabako batata rahega toh pahunchega kab? 😂😂😂😂😂😜😅😂😂",True,FunkyLife Hindi Chutkule,https://funkylife.in/hindi-jokes/
HJ-000596,clean-family-friendly,funkylife-viral,hinglish,dialogue,"aarmi trening ke dauran, aphasar ne pucha: ‘yeh hath mein kya hai?’ suresh: “Sir, banduk hai …!” aphasar : “yeh banduk nahi! tumhari izzat hai, shan hai, yeh tumhari man hai man !!” phir aphasar ne doosare sipahi ramesh se pucha: “yeh hath mein kya hai?” ramesh: “Sir, yeh suresh kee man hai, uski izzat hai, uski shan hai aur hamari mausi hai mausi..! Sir behosh…. 😂😂😂😂😂😜😅😂",True,FunkyLife Hindi Chutkule,https://funkylife.in/hindi-jokes/
HJ-000597,clean-family-friendly,funkylife-viral,hinglish,dialogue,Bhikhari (sharma ji se) – sahab main apane parivar se bichhad gaya hoon. milane ke liye 150 rupaye chahie. sharma ji (Bhikhari se) – kahan hai tera parivar.. Bhikhari – ji woh malteepleks mein philm dekh raha hai. 😂😜😅😂😂😜,True,FunkyLife Hindi Chutkule,https://funkylife.in/hindi-jokes/
HJ-000598,clean-family-friendly,funkylife-viral,hinglish,dialogue,"pota: dadi aapane kaun-kaun se desh ghoome hain? dadi: apana poora hindustan, pakistan, aphaganistan, ujabekistan…. pota: dadi ab kahan ghoomogi? peechhe se chhota pota bola… kabristan… 😂😜😅😂😂😜",True,FunkyLife Hindi Chutkule,https://funkylife.in/hindi-jokes/
HJ-000599,clean-family-friendly,funkylife-viral,hinglish,dialogue,monu : oe tera sir kaise phat gaya? sonu : chappal se patthar tod raha tha. monu : lekin usamen sir kahan se aaya? sonu : bagal se gujarate hue Ek aadmi ne kaha kabhi khopadi ka istemal bhi kar liya karo. 😂😂😂😂😂😜😅😂😂,True,FunkyLife Hindi Chutkule,https://funkylife.in/hindi-jokes/
HJ-000600,clean-family-friendly,funkylife-viral,hinglish,dialogue,Bhikhari – kuchh khane ko de de Beta main bahut lachar hoon… aadmi – dekhane mein toh hatte-katte ho phir lachar kisase ho..? Bhikhari – apani aadat se… 😂😜😅😂😂😜,True,FunkyLife Hindi Chutkule,https://funkylife.in/hindi-jokes/
HJ-000601,clean-family-friendly,funkylife-viral,hinglish,dialogue,garl:- main tumhare liye aag pe chal sakti hoon… nadi mein kood sakti hoon… Ladka:- lav yu janu.. kya tum mujhe abhi milane aa sakti ho… . garl:- pagal ho kya itani dhoop mein…??,True,FunkyLife Hindi Chutkule,https://funkylife.in/hindi-jokes/
HJ-000602,clean-family-friendly,funkylife-viral,hinglish,one-liner,velding” aur “veding” mein kya hai phark hai..? 😜 daraasal “velding” mein pahale chingari nikalati hai aur phir hamesha ke liye gathabandhan ho jaata hai. 😜 lekin “veding” mein pahale gathabandhan hota hai aur jindageebhar chingariyan nikalati rahati hain .. 😜😂😝😜😂😝😜😂😁😜😂😝”,True,FunkyLife Hindi Chutkule,https://funkylife.in/hindi-jokes/
HJ-000603,clean-family-friendly,funkylife-viral,hinglish,dialogue,"man apane Bacche ko 5 raniyon vali kahani suna rahi thi😊😉 . itane mein Bacche ne apani man se kaha mujhe bhi Paanch shadiyan karani hai…☺ . 1 khana banayegi😘 1 mujhe gana sunayegi😍 1 ghar ka dhyan rakhegi😃 1 mujhe nahalayegi….😘 . itane mein man boli “aur 1 tujhe sulayegi…”😄😄 . Beta badi masoomiyat se bola – “nahi man main unke paas . nahi sooonga, main toh aapke paas hi sooonga..”😃😄😄 . man kee aankhon mein aansu aa gaye – “jug jug jiyo mera lal…”😆 . man – “lekin Beta woh pancho kisake saath soyegi ?” . Beta – “woh Papa ke paas so jaengi…”😘😜 . is baar Papa kee aankhon mein aansu the “jug jug Jio mera lal…”😝😜😂😂😘",True,FunkyLife Hindi Chutkule,https://funkylife.in/hindi-jokes/
HJ-000604,clean-family-friendly,funkylife-viral,hinglish,dialogue,"man kal aadhi raat ko kamare mein aake boli- Beta tujhe pata hai, ki petrol sasta ho gaya hai? . mai – han man …phir? . man – chup chap phone band kar ke so jaa….. . nahi toh tere isi fon pe paitrol dal ke aag laga doongi…. 😂😣😣😋 😃😃😂",True,FunkyLife Hindi Chutkule,https://funkylife.in/hindi-jokes/
HJ-000605,clean-family-friendly,funkylife-viral,hinglish,dialogue,"Funny Hindi Jokes  \n  santa (apani Mummy se) – man khushakhabari hai, hum Do se Teen ho gaye hain…🤪",True,FunkyLife Hindi Chutkule,https://funkylife.in/hindi-jokes/
HJ-000606,clean-family-friendly,funkylife-viral,hinglish,dialogue,"man – badhaayi ho Beta, kya huaa hai Beta  👶 ya 👧  beti ?🤷‍♀️",True,FunkyLife Hindi Chutkule,https://funkylife.in/hindi-jokes/
HJ-000607,clean-family-friendly,funkylife-viral,hinglish,dialogue,"chela – baba, dahine hath mein khujalahat hai. baba – vats, lakshmi aane vali hain. chela – daen pair mein bhi khujalahat hai. baba – yatra yog ban raha chela – pet par bhi khujalahat hai. baba – uttam bhojan kee prapti hogi chela – gardan par bhi khujalahat hai. baba – door hat, tujhe khujali kee beemari hai 😝😝🤣🤣🤣🤣",True,FunkyLife Hindi Chutkule,https://funkylife.in/hindi-jokes/
HJ-000608,clean-family-friendly,funkylife-viral,hinglish,dialogue,"“man apane totale bete se boli: Beta aaj hum jahan Ladki dekhane jaa rahe hain, tum vahan bolana mat, varana yeh log bhi mana kar denge. beta: theet hai. Ladki valon ke ghar jab Ladki chai lekar aayi toh Ladka chai peete hi bola, “dalam hai dalam hai. Ladki turant boli, oe phoot mal phoot mal! 😂😂😂🤣🤣🤣",True,FunkyLife Hindi Chutkule,https://funkylife.in/hindi-jokes/
HJ-000609,clean-family-friendly,funkylife-viral,hinglish,dialogue,"Sanskrit Teacher – What is the meaning of ‘tamaso ma jyortigamay’🤔 Student Said – “tu so jaa 👩 man, main jyoti 👧 ke ghar jaa raha hun .” 😜😂😂",True,FunkyLife Hindi Chutkule,https://funkylife.in/hindi-jokes/
HJ-000610,clean-family-friendly,funkylife-viral,hinglish,dialogue,Ladki : main apane Papa kee pari hoon Ladka : main bhi apane Papa ka para hoon Ladki : para..? yeh kya hai? Ladka : mujhe dekhate hi unka para chadh jaata hai 😁😁😁😁😂😂,True,FunkyLife Hindi Chutkule,https://funkylife.in/hindi-jokes/
HJ-000611,clean-family-friendly,funkylife-viral,hinglish,dialogue,begam- kya chand la sakte ho..!!?? miyan…kamare me gaye aur kuchh cheej chhipa kar laye aur begam se kaha aankhe band karo . aur woh cheez begam ke hatho mein rakh di. phir aankhe kholane ko kaha. begam kee aankhon mein aansu the. kyoki unke hatho mein Ek aaina tha jisame begam ka chehara nazar aa raha tha. begam- ya khuda… aap mujhe chand sa samajhate ho..!! miyan… bole: nahi main toh aapko sirph yeh samajha raha tha !! jis munh se chand mang rahi hain woh surat kabhi aaeene mein bhi dekh liya karo!😝😝😝 philahal miyan haspital mein hain. 🤣🤣🤣🤣🤣🤣🤣🤣🤣,True,FunkyLife Hindi Chutkule,https://funkylife.in/hindi-jokes/
HJ-000612,clean-family-friendly,funkylife-viral,hinglish,dialogue,Ek Bacche ne apani man se kaha man mein itana bada kab ho jaoonga ki….. aapse bina puche kaheen bhi jaa saku…? man ne bhi dil chhu lene vala jawab diya- Beta….. itana bada toh…. tera Baap bhi nahi huaa aajatak…!! 😝😝😝🤣🤣🤣🤣,True,FunkyLife Hindi Chutkule,https://funkylife.in/hindi-jokes/
HJ-000613,clean-family-friendly,funkylife-viral,hinglish,dialogue,"bank ke bahar bheed lagi thi. Ek aadmi baar-baar aage jane kee koshish karta aur log use pakad kar peechhe kheench lete. 5-6 baar peechhe kheenche jane ke bad woh chillaya :- ‘lage raho lain mein salon, main aaj bank hi nahi kholoonga! 😝😝😂😂😂🤣🤣🤣",True,FunkyLife Hindi Chutkule,https://funkylife.in/hindi-jokes/
HJ-000614,clean-family-friendly,funkylife-viral,hinglish,dialogue,neta – han. ab sahi samay aa gaya hai. janata- kya aap desh ko loot khaoge ? neta – bilkul nahi. janata – hamare liye kam karoge? neta – han. bahut. janata – mahagani badhaoge? neta – iske bare mein toh socho bhi mat. janata – aap hame job dilane mein madad karoge ? neta – han. bilkul karenge. janata -kya aap desh me ghotala karoge? neta – pagal ho gaye ho kya bilakul nahi. janata – kya hum aap par bharosa kar sakte hain ? neta – han janata – neta ji …,True,FunkyLife Hindi Chutkule,https://funkylife.in/hindi-jokes/
HJ-000615,clean-family-friendly,funkylife-viral,hinglish,dialogue,"Ek baniya apani antim sanse le raha tha, aur bola meri beebi kahan hai ? beebi – mein yahi hoon meri beti kahan hai ? beti :- yaheen hoon baniya :- mera Beta kahan hai ? Beta :- yaheen hoon baniya – salon sab yaheen ho toh dookan par kaun hai? 😝😝😝😂😂😂",True,FunkyLife Hindi Chutkule,https://funkylife.in/hindi-jokes/
HJ-000616,clean-family-friendly,funkylife-viral,hinglish,dialogue,Beta biyar peekar ghar lauta tha. Papa kee dant se bachane ke liye laipatop kholakar padhane laga. Papa :- Beta tu phir se peekar aaya hai ??? Beta :- nahi Papa nahi mai nahi piya hu…. Papa :- toh phir sootakes kholakar kya padh raha hai? 😝😝😝😝🤣🤣🤣🤣,True,FunkyLife Hindi Chutkule,https://funkylife.in/hindi-jokes/
HJ-000617,clean-family-friendly,funkylife-viral,hinglish,dialogue,"angrej sipahi se- is aadmi ka kan kat do. Chor- nahi mera kan mat kato, nahi toh main andha ho jaoonga. angrej- bewakoof koi kan katane se andha hota hai. . Chor- are bewakoof kan kat dega toh chashma kya tere Baap ke kan par lagaoonga. 😝😝😝🤣🤣🤣🤣",True,FunkyLife Hindi Chutkule,https://funkylife.in/hindi-jokes/
HJ-000618,clean-family-friendly,funkylife-viral,hinglish,dialogue,Comedy Jokes in Hindi  \n  Ek bujurg vyakti – Beta kaise ho Baccha – theek hoon… bujurg – padhaayi kaisi chal rahi hai? Baccha – bilakul aapki jindagi kee tarah.! bujurg – matalab? Baccha – bhagavan bharose.!! 😂😂😂😂😂🤣🤣,True,FunkyLife Hindi Chutkule,https://funkylife.in/hindi-jokes/
HJ-000619,clean-family-friendly,funkylife-viral,hinglish,dialogue,"Ek budha bus mein seet par akela baitha tha. tabhi Ek budhiya aayi aur uske bagal mein baith gayi! kuchh der bad budhiya boodhe se boli – ankal ji kahan jaa rahe ho. toh budha chup baitha raha. budhiya phir boli- ankal ji kaha jaa rahe ho?? ab budhe se chup nahi raha gaya aur bola- beti tu bahut sundar hai, javan hai, tere khatir Ladka dekhane jaa raha hoon. 😝😝😂😂🤣🤣🤣",True,FunkyLife Hindi Chutkule,https://funkylife.in/hindi-jokes/
HJ-000620,clean-family-friendly,funkylife-viral,hinglish,dialogue,"Pita bete par gussa karte hue – Ek kam dhang se nahi hota tujhase, tumhe pudeena lane ke liye kaha tha aur tum yeh dhaniya le aaye, tujh jaise bewakoof ko toh ghar se nikal dena chahiye Beta: Papa chalo ikathe hi chalate hai. Pita : kyu? Beta: Mummy kah rahi thi ki yeh methi hai",True,FunkyLife Hindi Chutkule,https://funkylife.in/hindi-jokes/
HJ-000621,clean-family-friendly,funkylife-viral,hinglish,dialogue,"Whatsapp Jokes in Hindi  \n  guruji – bachcho,😙😙 mujhe batao ki pahale jis jagah ka nam madras tha, ab use kis nam se jaana jaata hai ? Baccha – chainnaayi😎😎 guruji -bilakul sahi jawab😊😊 ab mujhe batao ki chainnaayi yeh nam kyu rakha gaya ??.🙃 Baccha – Sir, vaha ke log lungi pahanate hai. aur lungi ko pant kee tarah chain nahi hoti,😁 isaliye (chain nahi) chainnaayi yeh nam rakha gaya😝😝😝",True,FunkyLife Hindi Chutkule,https://funkylife.in/hindi-jokes/
HJ-000622,clean-family-friendly,funkylife-viral,hinglish,one-liner,phir daayi tang mein hi takaliph kyu ??”🤷‍♂️,True,FunkyLife Hindi Chutkule,https://funkylife.in/hindi-jokes/
HJ-000623,clean-family-friendly,funkylife-viral,hinglish,dialogue,saikil vale ne Ek aadmi ko takkar mar dee aur bola bhaeesahab aap bahut kismat vale ho 😉😉 aadmi : Ek toh toone mujhe takkar mari aur oopar se mujhe kismat vala kah rahe ho 😬😬 ? saikil vala : aaj chhutti hai toh saikil chala raha hoon nahi toh main trak chalata hoon 😂😁😂😁,True,FunkyLife Hindi Chutkule,https://funkylife.in/hindi-jokes/
HJ-000624,clean-family-friendly,funkylife-viral,hinglish,dialogue,"Hindi Jokes Images  \n  Ek das sal ka Baccha bahut dhyan se Ek kitab padh raha tha jisaka taital tha, ‘bachchon ka palan-poshan kaise karen? man – tum is kitab ko kyu padh rahe ho? Baccha – main yeh dekhana chahata hoon ki mera palan-poshan theek se ho raha hai ya nahi… 😄 😂",True,FunkyLife Hindi Chutkule,https://funkylife.in/hindi-jokes/
HJ-000625,clean-family-friendly,funkylife-viral,hinglish,one-liner,"Ek ganv mein kisi bujurg ke mar jane se school mein chhutti ho gayi school se aate vakt bachchon ne 2 bujurgo ko dekha toh Ek bola dekho, Do chhutti aa rahi hai… 😄 😂",True,FunkyLife Hindi Chutkule,https://funkylife.in/hindi-jokes/
HJ-000626,clean-family-friendly,funkylife-viral,hinglish,one-liner,aapki vebasait par sheyar aaikan har chutakule par hain jo Ek parteekular jok ko sheyar karane mein aasan banata hai.,True,FunkyLife Hindi Chutkule,https://funkylife.in/hindi-jokes/
HJ-000627,boyfriend-girlfriend,funkylife-viral,hinglish,dialogue,Ek Ladka Ek sundar Ladki ko badi der se ghoor raha tha.. Ladki (gusse mein): kya dekh rahe ho? Ladka (hadabadi mein): dekh raha hoon ki agar tum meri amma hoti toh main bhi sundar hota..! 😂😜😅😂😂😜,True,FunkyLife Hindi Chutkule,https://funkylife.in/hindi-jokes/
HJ-000628,boyfriend-girlfriend,funkylife-viral,hinglish,dialogue,"Ladka : pata hai, bus mein baithate hue main kisi Ladki ko khada nahi dekh sakta.. Ladki : toh phir tum kya karte ho..? Ladka : main apani aankhen band kar leta hoon..!!! 😂😜😅😂😂😜",True,FunkyLife Hindi Chutkule,https://funkylife.in/hindi-jokes/
HJ-000629,boyfriend-girlfriend,funkylife-viral,hinglish,dialogue,garlaphrend – hay janu kya kar rahe ho ?😘 . boyaphrend – paise jod raha hoon !😊 . garlaphrend – oh.. mere naye phone ke liye paise jod rahe ho na janu.. kitne acche ho tum 😍😘 . . boyaphrend – 50 rupaye ka not phat gaya hai usko jod raha hoon😒 tep lagakar😁 kvatar ke liye 🍺 😁😁😜😁😜😝😂😂😂…,True,FunkyLife Hindi Chutkule,https://funkylife.in/hindi-jokes/
HJ-000630,boyfriend-girlfriend,funkylife-viral,hinglish,dialogue,"garlaphrend: mera mobile man ke paas rahata hai. boyaphrend: agar pakadi gayi toh? garlaphrend: tumhara nanbar, ‘baitari lo nam se rakha hai. jab bhi tumhara phone aata hai toh man kahati hai, ‘lo charj kar lo.” boyaphrend abhi bhi koma mein hai! 😂😂😂😂😂😂😂",True,FunkyLife Hindi Chutkule,https://funkylife.in/hindi-jokes/
HJ-000631,santa-banta-style,funkylife-viral,hinglish,dialogue,"Banta ne hajamat kee dukaan kholi. Ek Grahak shev karane aaya. Banta: moonchh rakhani hai? Grahak: han. Banta ne Grahak kee moonchh kat kar uske hath mein dete hue: lo rakh lo, jahan rakhani hai. 😂😜😅😂😂😜",True,FunkyLife Hindi Chutkule,https://funkylife.in/hindi-jokes/
HJ-000632,santa-banta-style,funkylife-viral,hinglish,dialogue,"Ek neegro bus mein apane Bacche ke saath jaa raha tha…. kandaktar ne uska Baccha dekhakar kaha- “itana kala Baccha mainne aaj tak nahi dekha”…… neegro ko gussa aaya, lekin woh kuchh nahi bola aur seet par aakar muh phulakar baith gaya. Santa ne usse pucha: “kya huaa Bhai sahab”? neegro ne Santa se kaha: are Yaar, us kandaktar ne beijjati kar di. . . . . Santa : are mar sale ko jakar . . . la yeh chimpanji ka Baccha mujhe pakada de… sala katega toh nahi…….. 😂😂😂😂😂😜😅😂",True,FunkyLife Hindi Chutkule,https://funkylife.in/hindi-jokes/
HJ-000633,santa-banta-style,funkylife-viral,hinglish,one-liner,"Santa — pados me kya chal raha he?? Banta — barth de he . Santa — kisaka ??? Banta — “tuyu” ka Santa — “tuyu ” kaun ???😳 Banta — pata nahi ,,,,,sunaayi toh esa hi de raha he, ,,, heppi barth de ,,,,, “tuyu” 😜😜😜😜😜😜😜",True,FunkyLife Hindi Chutkule,https://funkylife.in/hindi-jokes/
HJ-000634,santa-banta-style,funkylife-viral,hinglish,dialogue,"santa ne tej gaadi chalakar 25 logon ko uda diya.🚖🔥 Judge – tumane 25 logon ko uda diya, tumhe apani saphaayi mein kya kahana hai ? Santa – main gaadi tej chala raha tha, par mainne jab brek mari toh pata chala ki brek phel hai. phir mainne samane dekha toh 2 aadmi jaa rahe the, aur doosari or 1 barat jaa rahi thi… toh aap hi bataon main gaadi kidhar modata ?🤷🏻‍♂️ Judge – simpal si baat hai, jis taraph 2 aadmi the, nukasan kam hota… Santa – bilakul sahi… mainne bhi yahi socha… par woh 2 aadmi meri gaadi dekhakar barat mein ghoos gaye.. 😝😜😂🤣🤣🤣",True,FunkyLife Hindi Chutkule,https://funkylife.in/hindi-jokes/
HJ-000635,santa-banta-style,funkylife-viral,hinglish,dialogue,"Ek Public Toilet mein andar lina tha : aaj duniya chand pe pahunch gayi, aur tu yaheen baitha hai!!! Santa ne dimag lagaya aur uske jeeche likh diya… “Bhai!!! chand par paani nahi hai is liye yahan karane aaya hoon!!! bus dhokar vapis jaa hi raha hoon.. 😝😛🤣😂😝😂😂😂",True,FunkyLife Hindi Chutkule,https://funkylife.in/hindi-jokes/
HJ-000636,husband-wife,funkylife-viral,hinglish,one-liner,"Patni beemar Pati ko daktar ke paas le gayi.. daktar ne kaha “ inako accha khana do,hamesha khush rakho, ghar kee koi bhi prablam inase disakas na karo,phaltu kee pharamaishen karake inaki chintaye mat badhao toh yeh chh maheene mein theek ho jayenge.. raste mein Pati ne Patni se pucha “ kya kaha daktar ne ?” Patni boli “ daktar ne jawab de diya hai” 😂😂😂😂😂",True,FunkyLife Hindi Chutkule,https://funkylife.in/hindi-jokes/
HJ-000637,husband-wife,funkylife-viral,hinglish,dialogue,Patni:- aapko meri sundarata zyada acchi lagati hai ya mere sanskar…? Pati:- mujhe toh teri yeh mazak karane kee aadat bahut acchi lagati hai. 😜 😜 😜 😜 😜 😜 😜 😜,True,FunkyLife Hindi Chutkule,https://funkylife.in/hindi-jokes/
HJ-000638,husband-wife,funkylife-viral,hinglish,dialogue,"kaphi dinon bad santa park mein ghoomane gaya, ghar lautakar usne apani Patni ko bataya – janati ho log mujhe bhagavan manane lage hain, Patni – yeh tumane kaise jana. Santa – jab main park mein gaya tha lo vahan par auraten mujhe dekh kar boli, “he bhagavan!, tu phir aa gaya.” 😂😜😅😂😂😜",True,FunkyLife Hindi Chutkule,https://funkylife.in/hindi-jokes/
HJ-000639,husband-wife,funkylife-viral,hinglish,one-liner,"Ek anapadh Ladki kee shaadi kuchh zyada hi padhe likhe ladake se ho gaayi. . Ek din Ladki ne behad lajeej khana banaya, jise Pati bade chav se kha raha tha ki tabhi Ek nivala uske gale mein atak gaya. woh khansate khansate mar gaya. . patni rote rote boli,, hay yeh kya ho gaya, paani bhi nahi mang sake votar votar kahate hue hi mar gae. 😂😂😂😂😂😂",True,FunkyLife Hindi Chutkule,https://funkylife.in/hindi-jokes/
HJ-000640,husband-wife,funkylife-viral,hinglish,one-liner,Ek aurat ne Pandit ji se ghar kee khushahali ka upay poonchha… Pandit ji .. beti pahali roti gay ko khilaya karo aur aakhiri roti kutte ko … aurat.. Pandit ji main aisa hi karti hoon … pahali roti khud khati hoon …aur … aakhiri roti apane Pati ko khilati hoon Pandit behosh!!😂😜😅😂😂😜,True,FunkyLife Hindi Chutkule,https://funkylife.in/hindi-jokes/
HJ-000641,husband-wife,funkylife-viral,hinglish,dialogue,"Saas – kitni baar kaha hai,😡 bahar jao toh bindi lagakar jaya karo.😡😠 aadhunik bahu – par jeens par bindi kaun lagata hai…?💃💃💃 Saas – toh mainne kab kaha jeens par lagani hai, mathe par laga chudail mathe par.. 😛😛😛😛😛😛😛😛",True,FunkyLife Hindi Chutkule,https://funkylife.in/hindi-jokes/
HJ-000642,husband-wife,funkylife-viral,hinglish,dialogue,"Teacher: ‘himmat e marda toh madad e khuda’ ka matalab batao,? Baccha: jo apani Biwi ke samane mard banane kee koshish karta hai, uski madad phir khuda hi kar sakta hai…” 😄👌😄👌",True,FunkyLife Hindi Chutkule,https://funkylife.in/hindi-jokes/
HJ-000643,husband-wife,funkylife-viral,hinglish,dialogue,"Santa kee Biwi – sunie ji, raat neend mein aap mujhe galiyan de rahe the, Santa – o nahi soniye, yeh tumhara vaham hai, Biwi – kya vaham hai? Santa- yahi ki main neend mein tha. 😳😳😳😳😳😳😳",True,FunkyLife Hindi Chutkule,https://funkylife.in/hindi-jokes/
HJ-000644,husband-wife,funkylife-viral,hinglish,dialogue,muh dikhaayi par Pati ne Patni ko gulab ka phool bhet diya. Patni : kuchh sone kee cheej Do !! Pati : le takiya le aur so jaa !!! 😂😜😅😂😂😜,True,FunkyLife Hindi Chutkule,https://funkylife.in/hindi-jokes/
HJ-000645,husband-wife,funkylife-viral,hinglish,dialogue,"Biwi:-aji sunate ho ,,,,,,,,, , khushanaseeb ko inglis mein kya kahate hain? Pati:-anamairid de belan ,,,de chimata ,,de phookani 😂😂😂😂",True,FunkyLife Hindi Chutkule,https://funkylife.in/hindi-jokes/
HJ-000646,husband-wife,funkylife-viral,hinglish,dialogue,"Ek mahila Ek sand ko ghi chupadi roti khila rahi thi, . vahan khade sajjan ko sansay huaa ki kadachit woh mahila, sand ko gay samajh rahi hai… . sajjan vyakti : Behen yeh sand hai gay nahi, aap ise rotiyan khila rahi hain, kintu yeh pratidin ganv mein Teen Chaar logon ko sing marakar haddiyan tod deta hai… . mahila : Bhai sahab mujhe pata hai ki yeh sand hai. mere Pati haddi ke Doctor hain unka hospital is sand ke karan hi chal raha hai. 😂😂😂😂😂😂",True,FunkyLife Hindi Chutkule,https://funkylife.in/hindi-jokes/
HJ-000647,husband-wife,funkylife-viral,hinglish,dialogue,"Pati vhiski ka Ek glas banata hai aur Patni se kahata hai: lo pio ise Patni vhiski chakhati hai, phir kahati hain.. chhi‍…. chhi, kitni kadavi hai Pati: aur tu sochati hai ki main roz ayyashi karta hoon.. zahar ke ghoont peeta hoon zahar ke 😂😂😂😂😂",True,FunkyLife Hindi Chutkule,https://funkylife.in/hindi-jokes/
HJ-000648,husband-wife,funkylife-viral,hinglish,dialogue,"shishy – gurooji, aisi Patni ko kya kahate hain jo gori ho, lanbi ho, sundar ho, hoshiyar ho, Pati ko samajhati ho kabhi jhagada nahi karti ho ? gurooji – use man ka vaham kahate hain Beta.. man ka vaham !… 😄😂",True,FunkyLife Hindi Chutkule,https://funkylife.in/hindi-jokes/
HJ-000649,husband-wife,funkylife-viral,hinglish,dialogue,"Latest Jokes in Hindi  \n  Patni Pati se: aji sunate ho, pados kee pinki ko maths mein 100 mein se 99 marks milen hain.. Pati: accha, toh 1 mark kahan gaya? Patni: apana Beta le ke aaya hai 😂😂😂😂😂",True,FunkyLife Hindi Chutkule,https://funkylife.in/hindi-jokes/
HJ-000650,husband-wife,funkylife-viral,hinglish,dialogue,"Patni: utho subah ho gayi, Pati: aankh nahi khul rahi hai, aisa kuchh bolo ki need gayab ho jae. . Patni: raat mein jis janu se chait kar rahe the, woh meri doosari ID hai. ab bechare Pati ko 3 din se need nahi aa rahi hai. 🤣🤣🤣🤣🤣🤣🤣",True,FunkyLife Hindi Chutkule,https://funkylife.in/hindi-jokes/
HJ-000651,husband-wife,funkylife-viral,hinglish,dialogue,"bahut purani baat hai …. Ek aadivasi apane parivar ke saath jangal mein hi rahata tha…. usne aur uske parivar ne kabhi aaeena nahi dekha tha … Ek din jangal mein use sheesha mil gaya… usamen khud ko dekhakar samajha ki uske Baap kee tasveer hai… aur woh use apane ghar le gaya aur roz baten karane laga… uski Biwi ko shaq huaa… Ek din jab uska Pati ghar se bahar gaya huaa tha tab usne woh sheesha nikala… khud apani shakl dekhakar boli : “accha… toh yeh hai woh kalamunhi jis se mera Pati roz baten karta hai’ usne sheesha apani Saas ko dikhaya, toh Saas boli : “chinta mat kara…shukr mana…buddi hai, jaldi hi mar jaegi” 😝😝😝😝🤣🤣🤣🤣🤣",True,FunkyLife Hindi Chutkule,https://funkylife.in/hindi-jokes/
HJ-000652,husband-wife,funkylife-viral,hinglish,dialogue,joks in hindi  \n  Ek din bhagavan ne Ek aadmi kee memori dileet kar dee. phir usse pucha kya tumhe kuchh yad hai? aadmi ne apani Patni ka nam bata diya…. bhagavan hansakar bole – “poora sistam phormet kar diya par vayaras phir bhi rah gaya…. !” 😂😝🤣🤣😝😝,True,FunkyLife Hindi Chutkule,https://funkylife.in/hindi-jokes/
HJ-000653,husband-wife,funkylife-viral,hinglish,dialogue,Husband aadhi raat ko apani moti Biwi ko jaga kar bola.. ghut-ghut kar marana sahi hai ya phir ekadam se mar jaana..? wife: ekadam se mar jaana accha hota hai.. – Husband : toh apani doosari tang bhi mujh pe rakh de aur kissa khatm kar mera.. 😝😝😝🤣🤣🤣🤣🤣,True,FunkyLife Hindi Chutkule,https://funkylife.in/hindi-jokes/
HJ-000654,husband-wife,funkylife-viral,hinglish,dialogue,"hindi mein majedar chutakule  \n  Sharabi:- agar mere hath mein sarakar hoti toh main desh kee takadeer badal deta. Sharabi kee Patni:- are, pahale apana pajama toh badal le karam jale .., subah se meri salavar pahan kar ghoom raha he… 😂😂🤣🤣🤣🤣🤣🤣",True,FunkyLife Hindi Chutkule,https://funkylife.in/hindi-jokes/
HJ-000655,husband-wife,funkylife-viral,hinglish,dialogue,"30 din se bina bataye ghar se gayab Ek rajasthani Pati ghar lauta… Patni – main thare gam mein beemar padi thi, jai main mar jaati toh … Pati- toh main kon sa shmashan kee chabi apane saath le gya tha 😝😝😝🤣🤣🤣🤣",True,FunkyLife Hindi Chutkule,https://funkylife.in/hindi-jokes/
HJ-000656,husband-wife,funkylife-viral,hinglish,dialogue,Hindi Jokes Story  \n  Pati – mere seene mein bahut dard ho raha hai jaldi se embulens ke liye phone lagao Patni – han lagati hoon jaldi apane mobaeel ka pasavard batao Pati – rahane Do ab thoda theek lag raha hai. 😝😂😂🤣🤣🤣🤣,True,FunkyLife Hindi Chutkule,https://funkylife.in/hindi-jokes/
HJ-000657,husband-wife,funkylife-viral,hinglish,dialogue,"Patni: helo! kahan ho? Pati: yad hai, pichhali deepavali par hum Ek jvelari kee dukaan mein gaye the… jahan tumhe Ek har pasand bhi aa gaya tha. Patni: han! yad aaya… Pati: aur us samay mere paas paise nahi the. Patni (khushi se): han! han! yad hai. Pati: aur phir mainne kaha tha ki yeh har Ek din main tumhe leke doonga. Patni (aur zyada khushi se): han han han.. bahut acchi tarah se yad hai. Pati: toh bus usi kee bagal vali dukaan mein bal katava raha hoon…thoda let aaoonga!! 😝😝😜🤣🤣🤣",True,FunkyLife Hindi Chutkule,https://funkylife.in/hindi-jokes/
HJ-000658,husband-wife,funkylife-viral,hinglish,dialogue,"Patni : jara kichan se aalu lete aana. Pati : yahan toh kaheen aalu dikh nahi rahe hain. Patni: tum toh ho hi andhe, kamachor ho. Ek kam dhang se nahi kar sakte, mujhe pata tha ki tumhe nahi milenge, isalie mein pahale hi le aayi thi! ab aadmi kee koi galati ho toh batao…😶",True,FunkyLife Hindi Chutkule,https://funkylife.in/hindi-jokes/
HJ-000659,husband-wife,funkylife-viral,hinglish,dialogue,"Husband aur Wife mein batacheet band thi subah Husband ko jaldi jaana tha.. usne raat ko paper par likha “mujhe subah 5 baje utha dena.. arjent kam hai..!!!” aur paper wife ke takiye ke paas rakh diya… subah 8 baje jab utha toh dekha uske oopar bahut sare paper pade the aur sab par likha tha, “uth jao 5 baj gaye”, “Please uth jao, varana let ho jaoge” moral- Patni se panga nahi lena chahiye… 🤣🤣🤣🤣🤣",True,FunkyLife Hindi Chutkule,https://funkylife.in/hindi-jokes/
HJ-000660,husband-wife,funkylife-viral,hinglish,dialogue,"pappu apane sasural mein guruji ka pravachan sunane gaya! guruji bole, “jo-jo svarg jaana chahata hai, woh apana hath oopar karen! pappu kee Biwi aur Saas ne hath oopar uthaya ! gurooji ne pappu ji se pucha, ‘kya tum svarg nahi jaana chahate?” pappu, guruji, yeh donon chali jayengi toh yahi par svarg ho jayega… gurooji apane chelon se bole “is jnyani puroosh ko apani teem mein shamil karo. 😁😜🤣😂😂😂",True,FunkyLife Hindi Chutkule,https://funkylife.in/hindi-jokes/
HJ-000661,husband-wife,funkylife-viral,hinglish,dialogue,pathan kee Biwi draivar ke saath bhag gayi sindhi – ab kya karoge? pathan – karna kya hai ab gaadi khud chalaoonga… 😄 😂,True,FunkyLife Hindi Chutkule,https://funkylife.in/hindi-jokes/
HJ-000662,husband-wife,funkylife-viral,hinglish,dialogue,"Funny Chutkule in Hindi  \n  Patni ne Pati ko phone kiya. Pati: jaldi bolo, main bahut biji hoon. Patni: Ek acchi aur Ek buri khabar hai. Pati: sirph acchi khabar suna Do… buri khabar sunane ka time nahi hai. Patni: theek hai. acchi khabar yeh hai ki hamari nayi gaadi ke eyarabaig bilkul sahi se kam karte hain. 😄😂😄😂😄😂",True,FunkyLife Hindi Chutkule,https://funkylife.in/hindi-jokes/
HJ-000663,husband-wife,funkylife-viral,hinglish,one-liner,daaru kee vajah se barbad Sharabi ne kasam lee…… aur ghar se daaru kee khali botale phenkane laga pahali botal phenkate hue bola…..teri vajah se meri nokari gayi doosari botal phenkate hue bola…teri vajah se mera ghar bika teesari botal phenkate hue bola….teri vajah se meri Biwi chali gayi chothi uthaayi toh woh bhari hui nikali toh bola tu said mein ho jaa pagali….. tu toh bekasoor hai 😂😂😂😂😂😂😂😂,True,FunkyLife Hindi Chutkule,https://funkylife.in/hindi-jokes/
HJ-000664,husband-wife,funkylife-viral,hinglish,dialogue,"shahar kee Ladki kee shaadi ganv mein ho gaayi. Ladki kee Saas ne use bhains ko ghas dalane ko bola. bhains ke munh me jhag dekh kar Ladki vapas aa gaayi. Saas boli: kya huaa Bahu? Ladki boli: bhains abhi kolaget kar rahi hai, man ji.. Saas behosh 😝😝😝🤣🤣🤣🤣🤣",True,FunkyLife Hindi Chutkule,https://funkylife.in/hindi-jokes/
HJ-000665,husband-wife,funkylife-viral,hinglish,dialogue,"Ek Master ji ke ghar mein 7-8 Master mehaman aa gaye… Master ji kee Biwi boli, “ghar me cheeni nahi hai, chai kaise banaoon?” Master ne kaha, tum sirph chai banakar le aao, baki mai sambhal loonga”. Biwi chai banakar le aaayi. Masterji ne kaha, “jis ke hisse mein phiki chai aaegi, kal hum sab unke ghar mehaman banakar khane ke liye aaenge” sabhi mastaron ne khushi se chai pi li. Ek ne toh yahan tak kah diya, “meri chai me toh itani cheeni hai. ki dar hai kaheen dayabiteej na ho jae.!!! 😛😛😛🤣🤣🤣🤣🤣",True,FunkyLife Hindi Chutkule,https://funkylife.in/hindi-jokes/
HJ-000666,husband-wife,funkylife-viral,hinglish,dialogue,"Patni – hay ram aapke Sir se khoon kyu nikal raha hai? Pati – are mere Dost ne eent mar dee Patni – aap bhi mar dete, aapke hath mein kuchh nahi tha kya? Pati -hamm… mere hath mein uski Biwi ka hath tha.. 😜👊👊👊ab chehare se bhi khoon nikal raha hai😜",True,FunkyLife Hindi Chutkule,https://funkylife.in/hindi-jokes/
HJ-000667,husband-wife,funkylife-viral,hinglish,dialogue,montu : tumhari aankh kyu sooji hui hai ? bantu : kal main apani Patni ke janmadin par kek lekar gaya tha montu : lekin iska aankh soojane se kya sanbandh hai? bantu : meri Patni ka nam tapasya hai lekin cake vale bewakoof Dukandar ne likh diya “Happy Birthday samasya”😂😁😂😁,True,FunkyLife Hindi Chutkule,https://funkylife.in/hindi-jokes/
HJ-000668,husband-wife,funkylife-viral,hinglish,dialogue,sanjana teesari baar draiving laisens ka intaravyu dene pahunchi officer – agar Ek taraph aapke Pati ho aur doosari taraph aapka Bhai ho toh aap kya marogi ? sanjana – Pati officer – are Madam aapko teesari baar bata raha hoon kee aap brek marogi 😂😁😂😁,True,FunkyLife Hindi Chutkule,https://funkylife.in/hindi-jokes/
HJ-000669,teacher-student,funkylife-viral,hinglish,dialogue,vijnyanan ke Teacher ne chhatro se pucha eloveera kya hota hai ? Student – Sir panjab main jab chhota Bhai bade Bhai ko ‘vhiski’ ka peg bana ke deta hai toh kehata hai..'e lo veera’ !… 😄 😂,True,FunkyLife Hindi Chutkule,https://funkylife.in/hindi-jokes/
HJ-000670,friends,funkylife-viral,hinglish,dialogue,"Ladka – jara meri aankhon mein dekho, kya najar aata hai, sach-sach batana, Ladki – mujhe inamen pyar najar aata hai, ladaka(gusse mein) – zyada baat mat bana, meri aankh mein machchhar chala gaya hai.. gaur se dekh aur nikal ise.. 😂😜😅😂😂😜",True,FunkyLife Hindi Chutkule,https://funkylife.in/hindi-jokes/
HJ-000671,friends,funkylife-viral,hinglish,dialogue,"mainne kal apane Ek school time ke Dost ko phone kiya aur pucha ki woh kya kar raha hai, toh usne bola woh Ek vishesh prakar kee risarch par kam kar raha hai. zor dalane par usne bataya ki…….. He is currently working on “Aqua-thermal treatment of ceramics, aluminium and steel under a constrained environment” I was impressed …. bad mein soch soch ke dimag par zor de ke samajh aaya ki bartan dho raha tha garam paani se … beebi kee nigarani mein .. ! 😂😜😅😂😂😜",True,FunkyLife Hindi Chutkule,https://funkylife.in/hindi-jokes/
HJ-000672,friends,funkylife-viral,hinglish,one-liner,Do Dost daaru peekar gangi chala rahe the. tabhi Ek chillaya: abe kameene divar hai divar hai aage divar hai! tabhi gangi divar me ghus gayi! . agale din dono hanspeetal men pahala dosta: kameene me chilla chilla kar kah raha tha aage divar hai divar hai phir tune suna kyu nahi!! . dusara dosta: sale bevange gangi tun chala raha tha 😂😜😅😂😂😜,True,FunkyLife Hindi Chutkule,https://funkylife.in/hindi-jokes/
HJ-000673,friends,funkylife-viral,hinglish,dialogue,Ek train mein premi yugal yatra kar raha tha.:-:😎😍 . premika ne premi se kaha pleej tang na karo mera sir dard kar raha hai. . premi ne premika ka Sir chooma aur puchha ab dard kaisa hai? . premika—dard gayab hai . thodi der bad premika boli-pleej tang na karo aankhen dard ho rahi hain. . premi ne uski aankhon par kiss kiya aur pucha ab dard kaisa hai| . premika pyar se-vah dard gayab ho gaya. . itane mein samane baitha bajurg ummeed se utha aur ladake ko pucha-Beta kya bavaseer ka ilaj bhi kar lete ho? 😜😜😜😜😜😜😛😛😛😝,True,FunkyLife Hindi Chutkule,https://funkylife.in/hindi-jokes/
HJ-000674,friends,funkylife-viral,hinglish,dialogue,"Ladka apani garlaphrend se.. “mere paas mere Dost jaisi car nahi par tumhe palako pe baitha ke ghumaunga, uske jaisa bada ghar nahi par tumhe dilamen rakhunga, uske jitane paise nahi par majaduri karake khilaunga… uske jitana ameer nahi, lekin sirph tumhara hi rahoonga aur kya chahiye tumhe ???” Ladki : bus kar pagale, rulayega kya ??? chal apane Dost ka nanbar de….!! 😝😝😂😂😂🤣🤣🤣",True,FunkyLife Hindi Chutkule,https://funkylife.in/hindi-jokes/
HJ-000675,friends,funkylife-viral,hinglish,dialogue,"Very Funny Jokes in Hindi 2024  \n  mama:– tujhe itani mar kyu padi ? bhanja:– barat mein galat bol gaya. mama:– kya ? bhanja:– “vari varasi khatan gyasi , khatake le aanda tar . bhaganda tabhi sajega, jab nache kudi ka Yaar…….! mama:– phir toh mar padani hi thi. bhanja:– mujhe toh sirph mar hi padi, jo banda nacha uski toh parso terahaveen hai. 😂😂😂😂😂",True,FunkyLife Hindi Chutkule,https://funkylife.in/hindi-jokes/
HJ-000676,friends,funkylife-viral,hinglish,dialogue,"Best Hindi Jokes 2024  \n  teetu ka sir phat gaya mitt: Yaar, yeh kaise ho gaya teetu: ab kya bataoon Yaar, main pahale joote se eent phod raha tha tabhi loolu Sharabi ne kaha kabhi apani khopadi bhi kam mein le liya karo, phir kya khopadi hi phoot gayi 🤕🤕😛😝😝🤣😝",True,FunkyLife Hindi Chutkule,https://funkylife.in/hindi-jokes/
HJ-000677,engineer,funkylife-viral,hinglish,dialogue,"Ek baar injeeniyaring ke sabhi prophesar ko Ek plen mein baithaya gaya. phir anaunsament hui, yeh plen aapke stoodents ne banaya hai sab prophesar utar gae…par prinsipal baitha raha. logon ne pucha- aapko dar nahi lagata? prinsipal- mujhe apane stoodents par poora bharosa hai… yeh start hi nahi hogi 😝😝😝😂😂🤣🤣🤣",True,FunkyLife Hindi Chutkule,https://funkylife.in/hindi-jokes/
HJ-000678,office-work,funkylife-viral,hinglish,dialogue,Grahak – vaise aapke hotel mein saphaayi bahut dhyan poorvak ki jaati hain | mainejar ( khush hokar ) – dhanyavad ! aapko kis baat se aisa aabhas huaa | Grahak – aisa aabhas jab huaa ! kisi ne hotel mein ghusate hi meri jeb kee saphaayi kar dee | 😂😜😅😂😂😜,True,FunkyLife Hindi Chutkule,https://funkylife.in/hindi-jokes/
HJ-000679,pappu-style,funkylife-viral,hinglish,dialogue,babalu -tu school kyu nahi jaata Pappu- kaayi baar gaya ankal woh vapis bhaga dete hai babalu -kyu ? Pappu- kahate hai bhag tera kya kam ladakiyon ke school mein 😂😂😂,True,FunkyLife Hindi Chutkule,https://funkylife.in/hindi-jokes/
HJ-000680,pappu-style,funkylife-viral,hinglish,dialogue,"ankal – Beta kya karte ho? Pappu – ankal main ‘babu’ hoon ankal – vah, tum klark ho ? Pappu – nahi ankal main ‘babu’ hoon ankal – abe tu hai kya? Pappu – are ankal, main ‘babu’ hoon aapki beti ka, aapki beti mujhe hamesha kahati hai – ‘mera babu’ ankal behosh 😄 😂",True,FunkyLife Hindi Chutkule,https://funkylife.in/hindi-jokes/
HJ-000681,doctor-patient,funkylife-viral,hinglish,dialogue,"Pappu , Doctor se :– kya aap bina dard kiye bhi dant nikal lete ho ? , Doctor :– nahi toh ! , Pappu :– mai nikal leta hoon ! , Doctor :– kaise ? , Pappu :– hi hi hi hi hi hi ha ha 😜😂😂😂😂😂😜",True,FunkyLife Hindi Chutkule,https://funkylife.in/hindi-jokes/
HJ-000682,doctor-patient,funkylife-viral,hinglish,dialogue,"Doctor (mareez se) – agar tum meri dava se theek ho gaye toh mujhe kya inam doge… mareez – sahab main toh bahut hi gareeb aadmi hoon, kabr khodata hoon, aapki phri mein khod doonga…! 😝😂😂😂🤣🤣🤣",True,FunkyLife Hindi Chutkule,https://funkylife.in/hindi-jokes/
HJ-000683,doctor-patient,funkylife-viral,hinglish,dialogue,"Mareez – “Doctor sahab, meri daayi tang mein bahot dard raheta hai…”😥",True,FunkyLife Hindi Chutkule,https://funkylife.in/hindi-jokes/
HJ-000684,doctor-patient,funkylife-viral,hinglish,dialogue,Doctor – “yeh toh umr ka takaja hai…”🙂,True,FunkyLife Hindi Chutkule,https://funkylife.in/hindi-jokes/
HJ-000685,doctor-patient,funkylife-viral,hinglish,dialogue,Mareez – “lekin meri baayi tang kee bhi toh umr utani hi hai 💁‍♂️,True,FunkyLife Hindi Chutkule,https://funkylife.in/hindi-jokes/
HJ-000686,marriage,funkylife-viral,hinglish,dialogue,"santa – na Beta, aur na beti, maine dusari shaadi kar lee hai .😜😂😂",True,FunkyLife Hindi Chutkule,https://funkylife.in/hindi-jokes/
HJ-000687,marriage,funkylife-viral,hinglish,dialogue,"Ek aurat apani padosan ko bata rahi thi “tujhe pata hai, 20 sal tak meri koi aulad nahi hui” padosan hairani se : “toh phir toone kya kiya ?” aurat : “phir main 21 sal kee hui toh mere Papa ne meri shaadi kar dee phir jaa ke munna huaa padosan khade khade behosh ho gayi 😂😂😂😂😂😂😂😂",True,FunkyLife Hindi Chutkule,https://funkylife.in/hindi-jokes/
HJ-000688,marriage,funkylife-viral,hinglish,dialogue,Ek padha-likha Ladka Ek anapadh Ladki se shaadi kar leta hai donon Ek party mein jaate hain. Ladka kahata hai yadi koi tumse puche ki yeh tumhare kya lagate hain. toh tum kahana ki yeh mere husband hai aur main unki wife hoon usi samay Ek aadmi aata hai. us Ladki se poochhata hai ki yeh aapke kya lagate hain. Ladki kahati hai ki yeh mere haindapanp hain aur main inaki paip hoon.!!😝😝😝🤣🤣🤣🤣🤣,True,FunkyLife Hindi Chutkule,https://funkylife.in/hindi-jokes/
HJ-000689,santa-banta-style,funkylife-viral,hinglish,dialogue,"svasth rahane ke liye hum accha bhojan karte hain, vyayam karte hain lekin hum apane is vyast jeevanacharya mein kaheen na kaheen hansana bhool jaate hain. yaddhapi hum sabhi janate hai ki, hansana bhi Ek aisa vyayam hai, jo humein svasth banae rakhane mein mahatvapoorn bhoomika nibhata hai. is liye hum aap ke liye le kar aaye hain Santa aur Banta ke kuchh behad hi majedar aur hansi se lot-pot kar dene vale majedar chutakule (joks) hindi mein jinhe aap soshal midiya ke dvara apane dosto, rishtedaron ko bhejakar apane saath saath unhe bhi khushi se lot-pot kar sakte hain. toh aaie padhate hain, aur khushi se lot pot hokar Ek chhota sa hasy vyayam karte hain.",True,FunkyLife Hindi Chutkule,https://funkylife.in/santa-banta-jokes-hindi/
HJ-000690,santa-banta-style,funkylife-viral,hinglish,dialogue,"Santa aur Banta mein Ek baar bahas hui. Santa – mere dada ji itane ameer, aur bhulakkad the ki lathi bistar pe rakh ke khud kone mein so jaate the. Banta – abe yeh toh kuchh bhi nahi. Santa – kaise? Banta – mere dada ji itane ameer, aur bhulakkad the kee pan chaba kar bistar pe thook dete aur khud khidaki se neeche kood jaate the. 🤣🤣🤣😂😂",True,FunkyLife Hindi Chutkule,https://funkylife.in/santa-banta-jokes-hindi/
HJ-000691,santa-banta-style,funkylife-viral,hinglish,dialogue,"yatri train se utara, usne paas mein khade Santa se pucha – are Bhai yeh kaun sa station hai? 🤔🤔 Santa hansa, aur hansa, zor zor se hansa, hans hans ke lot pot ho gaya…😆😆 aur badi mushkil se apane aap ko sambhalate huai bola – “pagale yeh relave station hai"".😝😝",True,FunkyLife Hindi Chutkule,https://funkylife.in/santa-banta-jokes-hindi/
HJ-000692,santa-banta-style,funkylife-viral,hinglish,dialogue,Santa Ek baar skin problam se dukhi ho kar Doctor ke paas pahunchata hai.. Doctor- tum kaun sa sabun istemal karte ho? Santa – bajarang ka sabuna.🧼 Doctor – pest? Santa – bajarang ka pesta. Doctor – shainpu? 🧴🧴 Santa – bajarang ka shainpu. Doctor – are Yaar ..aakhir yeh bajarang kaun si kanpani hai? Santa – bajarang mera room partanar hai. 😅😅😂😂🤭,True,FunkyLife Hindi Chutkule,https://funkylife.in/santa-banta-jokes-hindi/
HJ-000693,santa-banta-style,funkylife-viral,hinglish,dialogue,Santa – Doctor sahab kya aap meri beemari ka pata laga sakte ho?🙏 Doctor – han aap kee aakhen bahut kamazor hai?🧐🧐 Santa – itani jaldi aap ko kaise pata chal gaya? Doctor – tumane bahar board par nahi padha ki main janavaron ka Doctor hoon. 😂😂😂,True,FunkyLife Hindi Chutkule,https://funkylife.in/santa-banta-jokes-hindi/
HJ-000694,santa-banta-style,funkylife-viral,hinglish,dialogue,"Santa ne Banta ko thappad mara.👋👋 Banta – yeh toone mazak mein mara ya siriyas men. Santa – seeriyas men. Banta – phir theek hai, mazak mujhe bilkul pasand nahi.😤😤 😂😂😂😂",True,FunkyLife Hindi Chutkule,https://funkylife.in/santa-banta-jokes-hindi/
HJ-000695,santa-banta-style,funkylife-viral,hinglish,dialogue,"Santa – tum aapareshan karane se pahale hi kyu bhag gaye?🤔🤔 Banta – nars baar-baar kah rahi thi, daro mat kuchh nahi hoga himmat rakho, kuchh nahi hoga… yeh toh bus Ek chhota sa aapareshan hai.😇😇 Santa- toh is mein darane kee kya baat hai? sahi toh kah rahi thi! Banta- abe, woh mujhse nahi deaktar se kah rahi thi!!! 🤣🤣🤣🤣",True,FunkyLife Hindi Chutkule,https://funkylife.in/santa-banta-jokes-hindi/
HJ-000696,santa-banta-style,funkylife-viral,hinglish,dialogue,"Santa :- kaun si kasta(jati) ke log acche hote hain? Banta :- banie…..! Santa :- woh kaise? Banta :- har jagah likha hota hai, desh ke acche nagarik ‘banie'. deshabhakt ‘banie'. 🤣🤣",True,FunkyLife Hindi Chutkule,https://funkylife.in/santa-banta-jokes-hindi/
HJ-000697,santa-banta-style,funkylife-viral,hinglish,dialogue,"Santa – tujhe pata hai, mere dada ji sher se lad gaye the. 😤😤 Banta – kya sach mein?😱 Santa – han sach men. Banta – phir kya huaa? Santa – phir kya sher unhe kha gaya.",True,FunkyLife Hindi Chutkule,https://funkylife.in/santa-banta-jokes-hindi/
HJ-000698,santa-banta-style,funkylife-viral,hinglish,dialogue,Santa pairashoot 🪂bech raha tha. Santa- aaie… aaie … isse aap jameen par kood sakte hain aur Ek batan dabate hi aap lainding kar sakte hain. aur is pairashoot se aap kisi bhi paristhiti mein surakshit bach sakte hain. kastamar – aur agar yeh opan na huaa toh? Santa – toh paise vapas…!!🤭🤭,True,FunkyLife Hindi Chutkule,https://funkylife.in/santa-banta-jokes-hindi/
HJ-000699,santa-banta-style,funkylife-viral,hinglish,dialogue,Doctor – kahie kaise aana huaa. Santa – Doctor sahab livar mein bahut dard ho raha hai. Doctor – sharab peete ho? Santa – han han bilkul par chhota paik hi banana.🤣🤣😝,True,FunkyLife Hindi Chutkule,https://funkylife.in/santa-banta-jokes-hindi/
HJ-000700,santa-banta-style,funkylife-viral,hinglish,dialogue,"Santa Banta ko gusse mein bol raha tha.😡😠 Santa – Yaar, jab mainne tujhe khat ✍️✍️ likha ki meri shaadi mein jaroor aana. toh tum aaye kyu nahi? Banta – oh Yaar, mujhe tumhara khat mila hi naheen.😚😚 Santa – mainne likha toh tha, ki khat mile chahe na mile tum meri shaadi mein jaroor aana. 😂😂😂😂",True,FunkyLife Hindi Chutkule,https://funkylife.in/santa-banta-jokes-hindi/
HJ-000701,santa-banta-style,funkylife-viral,hinglish,dialogue,"Santa aur Banta jangal mein, samane aaya 🦁shera. Banta ne sher kee aankhon mein mitti phenk dee, aur bhagane laga, aur Santa ko bhi bhagane ko kaha. Santa – main kyu bhagu mitti toh tune phenki hai. 🤣🤣🤣🤣",True,FunkyLife Hindi Chutkule,https://funkylife.in/santa-banta-jokes-hindi/
HJ-000702,santa-banta-style,funkylife-viral,hinglish,dialogue,Santa 🚲 saeekil le kar kaheen bhaga jaa raha tha. tabhi kisi ne kaha are Santa Bhai ☕chai toh peete chalo. Santa – agar itana hi time hota toh saikil par nahi baith jata. 😅😅😅,True,FunkyLife Hindi Chutkule,https://funkylife.in/santa-banta-jokes-hindi/
HJ-000703,santa-banta-style,funkylife-viral,hinglish,dialogue,"Santa – kal raat hamare padosi ko pata nahi kya huaa aadhi raat ko aakar mera🚪daravaja peetane laga…. Banta – toh toone kya kiya? Santa – maine kya karna tha, main bhi masti mein tabla bajata raha. 😂😂😂😂",True,FunkyLife Hindi Chutkule,https://funkylife.in/santa-banta-jokes-hindi/
HJ-000704,santa-banta-style,funkylife-viral,hinglish,dialogue,"Santa – jaldi se yahan Ek 🚑 enbulens bhej deejie mere Dost ko Ek gaadi ne thokar mar dee hai, uske nak kan se khoon bah raha hai shayad uski tang bhi toot gayi hai. oparetar – aap kis jagah par hain kripaya woh bataie.🤔🤔 Santa – Connaght Places men. oparetar – uski speling bataie main not kar leta hoon. aage se koi aavaj nahi aaayi. oparetar – Sir kya aap meri aavaj sun rahe hain. doosari taraph se abhi bhi koi aavaj nahi aayi oparetar – Sir pleej jawab deejie kya aap sun rahe hain? Santa – han han maph karna, mujhe Connaght Places kee speling nahi aati, is liye main use ghaseet kar Minto Road par le aaya hun. aap Minto Road kee speling likho.🤭🤭 😂😂😂",True,FunkyLife Hindi Chutkule,https://funkylife.in/santa-banta-jokes-hindi/
HJ-000705,santa-banta-style,funkylife-viral,hinglish,dialogue,"Santa Banta 🚆 train ke peechhe bhag rahe the. jab Santa chadha toh logon ne kaha “welldone” Santa – khak Welldon jaana toh use tha, main toh chhodane aaya tha. 😂😂😂😂",True,FunkyLife Hindi Chutkule,https://funkylife.in/santa-banta-jokes-hindi/
HJ-000706,santa-banta-style,funkylife-viral,hinglish,dialogue,"bank mainejar – 💸paisa khatm ho gaya hai, kal aana. Santa – lekin mujhe mera paisa abhi chahie. bank mainejar – dekhie gussa mat hoie kripaya shanti 😇 se baat karen. Santa – han-han bulao shanti ko main abhi baat karta hoon. 😂😂😂",True,FunkyLife Hindi Chutkule,https://funkylife.in/santa-banta-jokes-hindi/
HJ-000707,santa-banta-style,funkylife-viral,hinglish,dialogue,"Santa ka Beta panv phailakar so raha tha.🛌🛌 Santa – uth be.. Beta – kya huaa?😩😩 Santa – school kyu nahi gaya? Beta – tumane hi toh kaha tha, Ek hi jagah baar baar jane se ijzat kam ho jaati hai. Santa behosha.🤣🤣",True,FunkyLife Hindi Chutkule,https://funkylife.in/santa-banta-jokes-hindi/
HJ-000708,santa-banta-style,funkylife-viral,hinglish,dialogue,Santa Banta ke Chutkule  \n  Santa ke hath pair pe patti bandhi hui thi.🤕🤕 Banta – kya huaa Bhai? Santa – maine badamashi ka kam shuru kar diya tha. Banta – toh? Santa – maine Ek aadmi se kaha jo kuchh bhi hai bahar nikal de. usne desi 🔫katta nikal kar meri kanapatti pe rakh diya. 🤣🤣🤣🤣,True,FunkyLife Hindi Chutkule,https://funkylife.in/santa-banta-jokes-hindi/
HJ-000709,santa-banta-style,funkylife-viral,hinglish,dialogue,"Santa – Yaar main ghar valon se bahut pareshan hoon.😱 Banta- kyu? 🤔 Santa – are mere ghar valon ko 🕑ghadi mein time dekhana tak nahi aata. Banta- matalab? Santa – subah-subah mujhe jaldi uthate hai aur kahate hain -“uth jaa dekh kitna time ho gaya"". 🤣🤣🤣",True,FunkyLife Hindi Chutkule,https://funkylife.in/santa-banta-jokes-hindi/
HJ-000710,santa-banta-style,funkylife-viral,hinglish,dialogue,"Santa Banta kee CID mein naukari lag gayi aur Ek kes mila. Banta – Santa, lash ke paas Ek 🖊️pen mila hai. Santa – bus sulajh gaya kes, ab bus humein yeh dhoondhana hai kee is shahar mein kaun kaun pen istemal karta hai. 😜😜😂😂",True,FunkyLife Hindi Chutkule,https://funkylife.in/santa-banta-jokes-hindi/
HJ-000711,santa-banta-style,funkylife-viral,hinglish,dialogue,"Doctor Santa se is 💊dava ko Ek haphte ko poore karo aur bad mein aakar milo. Santa – theek hai doktara. Ek haphte ke bad… Doctor – kya huaa dava khatm hui? Santa – nahi doktara. Doctor – kyu kya huaa?🤔 Santa – usamen likha tha, botal ko hamesha band rakhen.😝😝",True,FunkyLife Hindi Chutkule,https://funkylife.in/santa-banta-jokes-hindi/
HJ-000712,santa-banta-style,funkylife-viral,hinglish,dialogue,Santa ke bete ka 🤕 ekseedent ho gaya. Doctor – ab iski donon tang katani padegi. Santa ne apana Sir pakad liya.🤷🤷 Doctor – kya huaa? Santa – kal hi is nalayak ko nayi chappal dilaayi thi. 😅😅😅😅,True,FunkyLife Hindi Chutkule,https://funkylife.in/santa-banta-jokes-hindi/
HJ-000713,santa-banta-style,funkylife-viral,hinglish,dialogue,Banta – mere liye Ek sheesha le aao jisamen main apana 😐munh dekh sakoon. Santa – aisa toh koi sheesha nahi mil raha! sab mein toh meri hi 😐 shakl dikhaayi de rahi hai... buddhiman santa. 😂😂😂,True,FunkyLife Hindi Chutkule,https://funkylife.in/santa-banta-jokes-hindi/
HJ-000714,santa-banta-style,funkylife-viral,hinglish,dialogue,"Santa Banta chhat pe so rahe the, achanak 🌧️barish shuru ho gayi, Santa ghabarakar bola – Bhai jaldi neeche chal lagata hai aasaman mein chhed ho gaya hai. achanak zor se bijali kadaki.🌩️🌩️ Banta – leta rah Bhai woh dekh vailding vale bhi aa gae. 😂😂😂",True,FunkyLife Hindi Chutkule,https://funkylife.in/santa-banta-jokes-hindi/
HJ-000715,santa-banta-style,funkylife-viral,hinglish,dialogue,"Santa bajar jaa raha tha, use achanak zor se susu lagi.😅 Ek deevar pe likha tha – yahan 🐕kutte hi susu karte hain. Santa ne vaheen susu kar diya. aur khilakhilate hue bola- dekha ise kahate hai dimag, susu maine kiya aur nam kutte ka lagega. 🤣🤣🤣🤣",True,FunkyLife Hindi Chutkule,https://funkylife.in/santa-banta-jokes-hindi/
HJ-000716,santa-banta-style,funkylife-viral,hinglish,dialogue,"Santa Banta Jokes for WhatsApp  \n  Santa Ek Microsoft kanpani mein intaravyu dene gaya, intaravyookarta – java ke Chaar varjan bataie. Santa – mar java, mit java, lut java, aur sadake java. intaravyookarta- shabash, ab 🏠ghar java. 😂😂😂😂",True,FunkyLife Hindi Chutkule,https://funkylife.in/santa-banta-jokes-hindi/
HJ-000717,santa-banta-style,funkylife-viral,hinglish,dialogue,rajaneekant ne phone lagaya..📲📲 rajaneekant – helo main rajaneenakant bol raha hoon. Santa – han pata hai… bolie. rajaneekant – tumhe kaise pata main rajaneekant bol raha hoon?🤔 Santa – are mera phone svich 📴oph tha bhaayi. svich oph phone pe bhi kol aayi toh rajaneekant hi hoga na. — rajaneekant kuchh bheekar sakta hai bidu . 🤣🤣🤣🤣,True,FunkyLife Hindi Chutkule,https://funkylife.in/santa-banta-jokes-hindi/
HJ-000718,santa-banta-style,funkylife-viral,hinglish,dialogue,"Santa aapane Dost Banta se kahata hai:- Banta college mein mera rijalt dekh aana aur aakar batana. ghar par mere Mummy Papa mere saath honge. yadi main Ek vishay mein phel huaa toh kahana.. “jay shri rama.”🙏 aur Do vishay mein phel huaa toh kahana.. jay shri krishna, jay shri krishna. 🙏🙏 aur agar Teen vishay mein phel huaa toh kahana.. bramha, vishnu, mahesh kee jaya. 🙏🙏🙏 Banta college se rijalt dekhakar aaya aur bola… “bol sanche darabar kee jay” 😂😂😂😂",True,FunkyLife Hindi Chutkule,https://funkylife.in/santa-banta-jokes-hindi/
HJ-000719,santa-banta-style,funkylife-viral,hinglish,dialogue,"Santa – is mirar (aaeena) kee gairenti kya hai? Banta – aap ise 100 manjil se neeche girao, toh yeh 99 manjil tak bhi nahi tootegi Santa – vah!! mast hai, Ek paik kar Do…!! 😂😂😂😂",True,FunkyLife Hindi Chutkule,https://funkylife.in/santa-banta-jokes-hindi/
HJ-000720,santa-banta-style,funkylife-viral,hinglish,dialogue,mendhak aur Banta kee bahas chhidi. mendhak – tum mein dimag nahi hai. Banta – hai... mendhak – nahi hai... Banta – hai… itane mein mendhak paani mein kood gaya. Banta – le ab isamen susaeed karane vali kya baat thi!! 😂😂😂🤣🤣,True,FunkyLife Hindi Chutkule,https://funkylife.in/santa-banta-jokes-hindi/
HJ-000721,santa-banta-style,funkylife-viral,hinglish,dialogue,"Santa Banta Ek dhabe pe khana khane gae. vahan Ek nepali khana bana raha tha. Santa – tum amerikan ho kya? nepali – nahi main nepali hoon. Santa – nahi tum amerikan ho. nepali – nahi main nepali hoon. Santa – nahi tum amerikan ho. nepali – accha baba, amerikan hoon. Santa – par lagate toh nepali ho... 🤣🤣🤣😂😂",True,FunkyLife Hindi Chutkule,https://funkylife.in/santa-banta-jokes-hindi/
HJ-000722,santa-banta-style,funkylife-viral,hinglish,dialogue,"Banta ne hajamat kee dukaan kholi, 🪒🪒 Ek din Santa sheving karane vahan gaya. Banta – muchhe rakhani hai. Santa – han Banta (moochhen kat kar) – le ab jahan rakhani hai vaha rakh le. 😂😂🤣🤣",True,FunkyLife Hindi Chutkule,https://funkylife.in/santa-banta-jokes-hindi/
HJ-000723,santa-banta-style,funkylife-viral,hinglish,dialogue,Santa bus mein khada tha.. 🚌🚌 brek lagi toh Ek Ladki pe jaa gira. Ladki – battameej kya kar rahe ho. Santa – main toh injeeniyaring kar raha hoon. aur aap? 😂😂😂,True,FunkyLife Hindi Chutkule,https://funkylife.in/santa-banta-jokes-hindi/
HJ-000724,santa-banta-style,funkylife-viral,hinglish,dialogue,"Santa Banta Funny Jokes  \n  Santa ko buri tarah dast ho gaya. Doctor – neenbu ka istemal karo. Santa – theek hai. 2 din bad Doctor – ab dast kaisa hai. Santa ka khataranak jawab, bola – neenbu hatate hi shuru ho jaata hai. 😂😂😂😂😂",True,FunkyLife Hindi Chutkule,https://funkylife.in/santa-banta-jokes-hindi/
HJ-000725,santa-banta-style,funkylife-viral,hinglish,dialogue,Santa – apane bete ka edamishan karavane school gaya. tab uske bete se pucha gaya – “what is your mother tongue??” isape Santa ke bete ne usse pucha toh Santa ne jawab diya – bol de “very long”👅 😂😂😅😅,True,FunkyLife Hindi Chutkule,https://funkylife.in/santa-banta-jokes-hindi/
HJ-000726,santa-banta-style,funkylife-viral,hinglish,dialogue,"Santa parivar ke saath 🚘car mein jaa raha tha, traiphik police – vah aap toh seet belt pahan kar gaadi chala rahe ho.🚦🚦 aap ko milata hai 500 roopaye ka inam aap itane paise ka kya karoge? 🤔 Santa ji main draiving laisens banavaoonga, inspektar behosh hote hote bacha. 😱 Santa kee man – iski baton par dhyan mat Do yeh sharab pi kar kuchh bhi bakata hai. inspektar kee halat kharaba. 🙄 Santa ka Baap – mujhe pata tha, chori kee gaadi mein zyada door tak nahi jaa paenge. inspektar behosh..! 😂😂😂😂",True,FunkyLife Hindi Chutkule,https://funkylife.in/santa-banta-jokes-hindi/
HJ-000727,santa-banta-style,funkylife-viral,hinglish,dialogue,"Santa – kal mujhe pata chala ki mere shareer mein bilkul bhi aayaran nahi hai. Banta – kaise pata chala? Santa – maine chumbak apane shareer pe laga kar dekha, bilkul chipaka hi nahi. 😂😂😂😂",True,FunkyLife Hindi Chutkule,https://funkylife.in/santa-banta-jokes-hindi/
HJ-000728,santa-banta-style,funkylife-viral,hinglish,dialogue,"mele mein ghoshana hui Ek Baccha mila hai, jin ka hai, aakar le jaen. 👶 Santa – bheed se mujhe bhi dikhao, mujhe bhi dikhao, jin ka Baccha kaisa hota hai. 😂😂😂😂",True,FunkyLife Hindi Chutkule,https://funkylife.in/santa-banta-jokes-hindi/
HJ-000729,santa-banta-style,funkylife-viral,hinglish,dialogue,Doctor – aap ka vajan kitna hai? Santa – chashmen ke saath 75 kilo. Doctor – aur bina chashme ka. 👓👓 Santa – woh mujhe dikhaayi nahi deta…!! 😂😂😂😂,True,FunkyLife Hindi Chutkule,https://funkylife.in/santa-banta-jokes-hindi/
HJ-000730,santa-banta-style,funkylife-viral,hinglish,dialogue,"Banta – Yaar yeh ramadev vala noodal liya hai, 🍜🍜 ise khana kaise hai? Santa – Ek nak ko band kar ke doosare nak se andar le..! 😂😂🤣🤣",True,FunkyLife Hindi Chutkule,https://funkylife.in/santa-banta-jokes-hindi/
HJ-000731,santa-banta-style,funkylife-viral,hinglish,dialogue,jelar – kal subah 5 baje tumhe phansi dee jaegi. Santa Sardar – ha ha ha ha.. jelar – kya huaa? Santa – main toh uthata hi 🕘 nau baje hoon... 😂😂😂😂,True,FunkyLife Hindi Chutkule,https://funkylife.in/santa-banta-jokes-hindi/
HJ-000732,santa-banta-style,funkylife-viral,hinglish,dialogue,"Santa – tera Bhai aaj kal kya kar rahe hai? 🤔🤔 Banta – Ek dukaan kholi thi, ab jel mein hai. Santa – woh kyu? Banta – dukaan raat ko kholega, woh bhi kisi aur kee toh jel mein hi hoga na. 😂😂😅😅",True,FunkyLife Hindi Chutkule,https://funkylife.in/santa-banta-jokes-hindi/
HJ-000733,santa-banta-style,funkylife-viral,hinglish,dialogue,"Santa Ek gunda ban gaya. usne Ek mashahoor seth ko phone lagaya…. 📲📲 Santa – o seth 10 lakh rupaye bhijavade nahi toh.. seth – aap kaun bol rahe ho? Santa – main eriya ka Bhai bol raha hoon. seth – accha aap kee Behen ka nam eriya hai, kya?",True,FunkyLife Hindi Chutkule,https://funkylife.in/santa-banta-jokes-hindi/
HJ-000734,santa-banta-style,funkylife-viral,hinglish,dialogue,"Santa – are Yaar tujhe pata hai main kal shikar khelane gaya. Banta – accha phira. Santa – vahan sher apane panje paine kar raha tha, jaise hi usne mujhe dekha woh mere peechhe bhaga, jaise hi usne mujhape hamala kiya woh phisal gaya, phir usne tej bhag kar meri gardan pakadani chahi lekin woh phir phisal gaya. Banta – are bapare agar teri jagah main rahata toh meri 💩potti nikal jati. Santa – aabe sale, toh sher phir phisal kisape raha tha. 😂😂😅😅",True,FunkyLife Hindi Chutkule,https://funkylife.in/santa-banta-jokes-hindi/
HJ-000735,santa-banta-style,funkylife-viral,hinglish,dialogue,"Santa Banta ke beech jameen jayadad ko le kar jagada ho gaya, Santa Vakeel ke paas gaya, Vakeel – aap ka paksh bahut kamazor hai, saboot bhi kam hai, jeetana bada mushkil hai. Santa – Judge ko mithaayi ka dibba de den toh? 🍱 Vakeel – nahi Judge bahut bahut kathor hai. aur agar mithaayi ka dibba diya toh samajho har pakki. Santa agale din kes jeet gaya! 😇😇 woh dauda dauda Vakeel ke paas aaya aur bola – aap kee kal vali trik kam aa gayi, mitaayi ka dibba dene vali. Vakeel – matalab toone mithaayi ka dibba de diya magar tu jeeta kaise? Santa – daraasal maine mithaayi ke dibbe par likha tha, “Banta sinh kee taraph se bhent” Vakeel behosha..😂😂😂😂",True,FunkyLife Hindi Chutkule,https://funkylife.in/santa-banta-jokes-hindi/
HJ-000736,santa-banta-style,funkylife-viral,hinglish,dialogue,Santa rikshe vale se – han bhaeeya khali ho kya? rikshevala – ha Bhai khali hoon. 😇😇 Santa – toh aao chalo tas khelate hain.🃏🃏 😂😂🤣🤣,True,FunkyLife Hindi Chutkule,https://funkylife.in/santa-banta-jokes-hindi/
HJ-000737,santa-banta-style,funkylife-viral,hinglish,dialogue,"Santa bus draivar ban gaya, 🚌 Ek din raste mein deejal khatm ho gaya. sari savari neeche utar kar bus ko dhakka lagane lagi, 10 kilomeetar tak dhakka lagaya, kuchh log behosh bhi ho gaye, deejal panp pe pahunche. tanki mein deejal bharavaya aadmi – bhaeeya woh jo peechhe taink rakhi hai usamen bhi bharavalo, Santa – oy chinta na kar woh dram pahale se hi bhara rakha hai, yeh toh imarajensi ke liye rakha hai. 😂😂😂😂",True,FunkyLife Hindi Chutkule,https://funkylife.in/santa-banta-jokes-hindi/
HJ-000738,santa-banta-style,funkylife-viral,hinglish,dialogue,"Santa – yeh sadachar kya hota hai? 🤔🤔 Banta – jaise aam ka achar hota hai, vaise hi sada ka achar hota hai. Santa – aur yeh anushasan kya hota hai? Banta – jaise dushasan hota hai, vaise hi anushasan hota hai. 😂😂🤣🤣",True,FunkyLife Hindi Chutkule,https://funkylife.in/santa-banta-jokes-hindi/
HJ-000739,santa-banta-style,funkylife-viral,hinglish,dialogue,"Santa Banta se- tumhe 👮police ne kyu pakada? Santa – bank lootane ke bad paise vaheen baith kar ginane laga toh police ne pakad liya. Banta – vaheen par paise ginane kee kya jaroorat thi? Banta – vahan par likha tha ki kauntar chhodane se pahale paise gin len, bad bank jimmedar nahi hoga…. 😂🤣😂🤣",True,FunkyLife Hindi Chutkule,https://funkylife.in/santa-banta-jokes-hindi/
HJ-000740,santa-banta-style,funkylife-viral,hinglish,dialogue,sabji vala 🍆sabji par paani chhidak raha tha. kaphi der ho gaayi. toh Santa ne gusse mein bola – Bhai sahab agar bhindi hosh mein aagaayi ho toh Ek kilo tol do. 😂🤣😂😂,True,FunkyLife Hindi Chutkule,https://funkylife.in/santa-banta-jokes-hindi/
HJ-000741,santa-banta-style,funkylife-viral,hinglish,dialogue,"Santa Ek baar traiphik police mein job ke liye intaravyu dene gaya. intaravyooar – agar Ek aadmi gadhe kee savari karta huaa rod se jaa raha hai, aur usne helamet nahi pahana, toh kya aap use dandit karenge? Santa – naheen. intaravyooar – kyu? Santa – kyonki helamet 2 vhilar ke liye jaroori hai, 4 vheelar ke liye nahi. 😂😂😂🤣",True,FunkyLife Hindi Chutkule,https://funkylife.in/santa-banta-jokes-hindi/
HJ-000742,santa-banta-style,funkylife-viral,hinglish,dialogue,Santa sinh ne Ek hotel mein skeem dekhi aur dinar karane pahuncha. vetar – Sir aapka bila. Santa – lo kard rakh lo. 💳💳 vetar – lekin Sir yeh toh aap kee shaadi ka kard hai. Santa – toh phir bahar kya mazaak mein likh rakha hai ki “ol kards eksepted”? 😂😂😂😂🤣,True,FunkyLife Hindi Chutkule,https://funkylife.in/santa-banta-jokes-hindi/
HJ-000743,teacher-student,funkylife-viral,hinglish,dialogue,"pikchar hol ke samane ka najara aadmi – Bhai sahab yeh skootar staind kahan hai.😐😐 Santa – Bhai sahab aap pahale mujhe apana nam batao? aadmi – pappu. Santa – ab apane Mata-Pita ka nam batao? aadmi – mujhe pikchar dekhane jaana hai, aap mera samay barbad kiye🕑 bina bataie skootar staind kahan hai? Santa – tabhi toh bol raha hoon, jaldi batao? aadmi – meri Mata ka nam aasha devi hai, aur woh Teacher hain. Pita ji ka nam rajesh sharma hai, aur woh Vakeel hai. Santa – sab padhe likhe hain.📖 aadmi – han ab batao skootar staind kahan hai? Santa – padhe likhe man Baap kee aulad skootar staind skootar ke neeche hota hai.",True,FunkyLife Hindi Chutkule,https://funkylife.in/santa-banta-jokes-hindi/
HJ-000744,teacher-student,funkylife-viral,hinglish,dialogue,Teacher Santa se main jo bhi poochhoon uska jawab phataphat dena. Teacher – batao bharat kee rajadhani kya hai. Santa – phataphata. Teacher abhi tak Santa ko peet raha hai.🥊🥊 😂😂😂,True,FunkyLife Hindi Chutkule,https://funkylife.in/santa-banta-jokes-hindi/
HJ-000745,teacher-student,funkylife-viral,hinglish,dialogue,"Santa Banta Jokes 2023  \n  Santa ne eyar port pe phone lagaya, 📲📲 Santa – ha ji Madam, panjab se amerika jane mein kitna time lagata hai.✈️✈️ Ladki – just ….. 1 second sara. Santa (phone pe kahate hue) – chhod Yaar lagata hai pi kar baithi hai. 🤣🤣🤣🤣",True,FunkyLife Hindi Chutkule,https://funkylife.in/santa-banta-jokes-hindi/
HJ-000746,husband-wife,funkylife-viral,hinglish,dialogue,"Latest Satna Banta Jokes  \n  Santa – parso meri Biwi kuen mein gir gayi thi, bahut chot lagi, bahut chilla rahi thi. Banta – ab kaisi hai? Santa – ab theek hai, kal se kuen se aavaj ni aaayi. 🤭🤭🤭",True,FunkyLife Hindi Chutkule,https://funkylife.in/santa-banta-jokes-hindi/
HJ-000747,husband-wife,funkylife-viral,hinglish,dialogue,"Santa – are yeh tere hath pair kaise toot gaye?🤔🤔 Banta – kuchh nahi Yaar, pados mein jo chaineej rahata hai uski bivi mar gayi.. pichhale sal hi unki shaadi hui thi.🎎 Santa – toh? Banta – toh kya, woh ro raha tha maine kaha dukhi mat ho. Biwi Ek sal toh rahi, varana chaineej ka mal itana kahan chalata hai...",True,FunkyLife Hindi Chutkule,https://funkylife.in/santa-banta-jokes-hindi/
HJ-000748,husband-wife,funkylife-viral,hinglish,dialogue,Santa aur uski Biwi relave station par khade ho kar rel gaadi ka intajar kar rahe the. tabhi Ek gaadi aayi jisape likha tha “bombe mel” Santa bhag kar 🚊train mein chadh gaya.. Biwi se bola – jab “bombe pheemel” aaye toh tubhi chadh jana. 😂😂😂😂😂😂,True,FunkyLife Hindi Chutkule,https://funkylife.in/santa-banta-jokes-hindi/
HJ-000749,husband-wife,funkylife-viral,hinglish,dialogue,Santa Banta ke ghar gaya… aur Banta kee Biwi ko dekh kar bola… Santa – Banta teri aur bhabhi kee jodi bilkul ram-seeta kee jodi hai. Banta – “kaha Yaar.. na toh yeh dharati mein samati hai. aur na hi ise koi ‘ravan’ utha kar le jaata hai!! 😂😂😂😂,True,FunkyLife Hindi Chutkule,https://funkylife.in/santa-banta-jokes-hindi/
HJ-000750,husband-wife,funkylife-viral,hinglish,dialogue,Santa apane Biwi bachchon ke saath 🚎bus mein chadha. kandaktar – sabhi apana ticket lelen. 🎟️🎟️ Santa – o paji bachcho ka bhi tiket lagega kya? kandaktar – han agar 8 (umr) se oopar hai to. Santa – chalo bach gaya mere toh 6 hi bachchen hain. 😂😂😂😂,True,FunkyLife Hindi Chutkule,https://funkylife.in/santa-banta-jokes-hindi/
HJ-000751,husband-wife,funkylife-viral,hinglish,dialogue,"Santa badi der se apane kamare mein kuchh dhoondh raha tha, pareshan ho kar uski Patni boli – kya huaa itani der se kya dhoondh rahe ho? Santa – hiden kaimara! 📷 jeeto – tumhe aise kyu laga ki is kamaren mein kaimara hai. Santa – agar is kamare mein hiden kaimara nahi laga toh ti. vi. mein aa rahe is aadmi ko kaise pata chal jaata hai ki hum star plas dekh rahe hain. baar baar yeh kyu bol raha hai? aap dekh rahe hain star plasa. 😂😂😂😂",True,FunkyLife Hindi Chutkule,https://funkylife.in/santa-banta-jokes-hindi/
HJ-000752,husband-wife,funkylife-viral,hinglish,one-liner,"agar aap bhi internet par dhoondh rahe the Pati Patni ke majedar joks? toh aap bilakul sahi jagah par aaye hain. yahan par humne Pati Patni ke sabase majedar chutakulon ka Ek vishal sangrah taiyar kiya hai, jise padhane ke bad aap apani hansi nahi rok paenge. in joks ko padhane ke bad aapko pata chalega kee shadeeshuda jindagi jitani khoobasoorat hoti hai utani hi khataranak bhi hoti hai.😂",True,FunkyLife Hindi Chutkule,https://funkylife.in/pati-patni-jokes/
HJ-000753,husband-wife,funkylife-viral,hinglish,one-liner,"doston aapko toh pata hi hai Pati Patni ka rishta kitna anokha hota hai. kabhi bahut pyar hota hai toh kabhi chhoti chhoti baton ko lekar takarara. kabhi Patni ji munh phula leti hain toh Pati mahashay naraj ho jaate hain, par Ek baat hai inake beech ka pyar kabhi kam nahi hota. toh doston is post is post ke madhyam se humne aapko Pati Patni ke beech hue isi pyari nok jhonk ko dikhane ka prayatn kiya hai. aasha hai aapko yeh Husband Wife Jokes pasand aaenge. aur han doston ise apane shaadi shuda doston ke saath jaroor sheyar keejiye. 😁",True,FunkyLife Hindi Chutkule,https://funkylife.in/pati-patni-jokes/
HJ-000754,husband-wife,funkylife-viral,hinglish,dialogue,Pati – aaj khana kyu nahi banaya? Patni – gir gayi thi lag gayi…. Pati – kahan gir gayi thi aur kya lag gayi thi ? Patni : takiye par gir gayi thi aur aankh lag gayi thi. 😝😝😂😂😂😂😂,True,FunkyLife Hindi Chutkule,https://funkylife.in/pati-patni-jokes/
HJ-000755,husband-wife,funkylife-viral,hinglish,dialogue,"shakki Patni ka shak Jokes shakki Patni ka shak door karane ke liye, Pati ne dadhi rakh lee, pooja, path karane laga aur geeta, ramayan bhi padhane laga..!! gareebon kee madad karane laga sare galat kam chhod diye aur prabhu kee bhakti mein lag gaya..!! ab Patni fon par , apane Pati ke bare mein saheli ko bata rahi thi:- ” kameena ab svarg kee apsaraon ke chakkar mein laga huaa hai..!! “ 😝😝😂😂😂🤣🤣🤣🤣",True,FunkyLife Hindi Chutkule,https://funkylife.in/pati-patni-jokes/
HJ-000756,husband-wife,funkylife-viral,hinglish,dialogue,"sat janmo ka saath – Funny Jokes Biwi se pareshan Pati Ek din Panditji ke paas pahuncha Pati – “Panditji, Ek baat bataiye yeh janam janam ka saath vali baat sach hai kya ?” Panditji – “sau feesadi sach ! Pati – “matalab mujhe agale janam mein bhi yahi Patni milegi … Panditji – “bilakul ! Pati – “he bhagavan ! phir toh khudakushi karane se bhi koi phayada nahi …!! 😝😂😂🤣🤣🤣",True,FunkyLife Hindi Chutkule,https://funkylife.in/pati-patni-jokes/
HJ-000757,husband-wife,funkylife-viral,hinglish,dialogue,"shukravar ko dikhi Patni – Jokes Patni: agar main 4 -5 din ghar mein na dikhoon toh aapko kaisa lagega? pati: (khushi se) accha lagega. phir toh Patni use somavar ko bhi na dikhi, mangalavar ko bhi nahi dikhi, budh ko nahi, guruvar ko bhi nahi dikhi, shukravar ko jab aankh ka sujan thoda kam huaa tab -thodi dikhaayi dena shuru hui. 😝😝😝😂😂🤣🤣🤣🤣",True,FunkyLife Hindi Chutkule,https://funkylife.in/pati-patni-jokes/
HJ-000758,husband-wife,funkylife-viral,hinglish,dialogue,lanbi lanbi chhodanevala Pati – Jokes Pati – “tum bahut haseen ho … “Patni – “chhodo na. “Pati – “tumhari aankhen bahut khoobasoorat hai … “Patni – “chhodo na… “Pati – “tumhare bal bilakul resham jaise hain… “Patni – “aji chhodo na… “Pati – “tumhari aavaz kitni sureeli hai … “Patni – “he bhagavan !… ab chhodo bhi !”.. Pati – “itani lanbi-lanbi toh chhod raha hoon… ab aur kitni chhodu???” 😝😝😂😂😂🤣🤣🤣,True,FunkyLife Hindi Chutkule,https://funkylife.in/pati-patni-jokes/
HJ-000759,husband-wife,funkylife-viral,hinglish,dialogue,Funny Hindi Jokes  \n  shak kee intaha toh dekho Patni : tumhari shart mein toh Ek bhi bal nahi milata hai. Pati : han toh kya huaa main poochhati hoon kaun hai woh takali? 😝😝😝😂😂😂😂,True,FunkyLife Hindi Chutkule,https://funkylife.in/pati-patni-jokes/
HJ-000760,husband-wife,funkylife-viral,hinglish,dialogue,Pati ka ghar kurukshetr – Jokes Patni apane Pati ke saath mayake jaate hue. Patni: dekho ji apana mood theek rakhana aur wahan par koi jhagada nahi karna mere satha. Pati : kyu ? Patni : are woh mere Papa ka ghar hai. Pati : accha toh woh tere Baap ka ghar hai. aur mere Baap ka ghar kya kurukshetr ka maidan hai jo roz bina baat ke mahabharat karti hai. 😝😝😂😂😂😂😂,True,FunkyLife Hindi Chutkule,https://funkylife.in/pati-patni-jokes/
HJ-000761,husband-wife,funkylife-viral,hinglish,dialogue,bade shauk – Jokes Patni :-aapane mujh mein kya dekh kar shaadi kee..? . Pati:- kuchh nahi bus bachapan se shauk tha bade pange lene ka 🤕😐😐😂😂,True,FunkyLife Hindi Chutkule,https://funkylife.in/pati-patni-jokes/
HJ-000762,husband-wife,funkylife-viral,hinglish,dialogue,"navavivahit jode ka jhagada – Jokes Ek navavivahit joda bartan kee dukaan mein jhagad raha tha. Patni- yeh vala steel ka gilas lo. Pati- nahi, zara aur bada gilas lenge ! Dukandar- sahab ji, mahila divas bhale hi chala gaya hai, lekin Madam jo kah rahi hain, vahi gilas le leejie na..!!! Pati -“are bhaiya tumhe bechane kee padi hai lekin is chhote se gilas mein mera hath ghusata nahi hai, main ise manjooga kaise ???” 😐😝😜😂😂🤣🤣",True,FunkyLife Hindi Chutkule,https://funkylife.in/pati-patni-jokes/
HJ-000763,husband-wife,funkylife-viral,hinglish,dialogue,"shaadi kee 10veen sahagirah – Husband Wife Jokes In Hindi shaadi kee 10veen salagirah par panni Pati ke seene se lag ke boli – sunie ji, agar mujhe koi bhaga ke le jae toh aap kya karenge…? Pati – hat pagali, kaise sawal poochhati hai…? panni – batao na jan… Pati – main bolooga Bhai bhaga ke kyu le jaa rahe ho, aaram se le jao,men rok thodi raha hoon… 😜😜😂😂😂🤣🤣🤣",True,FunkyLife Hindi Chutkule,https://funkylife.in/pati-patni-jokes/
HJ-000764,husband-wife,funkylife-viral,hinglish,one-liner,Pati Patni joks in hindi phor vhatsaepp  \n  Ek aadmi apani Biwi ko daphana ke ghar jaa raha tha ki achanak bijali chamaki badal garaje zor kee toophani barish shuru hui ! mahaul apharataphari vala ho gaya… dukhi aadmi aasaman kee taraph dekhate hue bola lagata hain pahunch gayi 😂😂😂🤣🤣🤣🤣,True,FunkyLife Hindi Chutkule,https://funkylife.in/pati-patni-jokes/
HJ-000765,husband-wife,funkylife-viral,hinglish,dialogue,"gussa nikalane ka naya tareeka – Jokes Pati- jab main tum par chillata hoon, tab tum apana gussa kaise nikalati ho? Patni- toilet🚽 saaf karake. Pati (zor se hanste hue)- ha ha ha… bewakoof aurat, woh kaise? Patni- main toilet aapke toothbrush se saaf karti hoon , ab karo ha ha ha… 😂😂😂😂😂🤣🤣🤣",True,FunkyLife Hindi Chutkule,https://funkylife.in/pati-patni-jokes/
HJ-000766,husband-wife,funkylife-viral,hinglish,dialogue,"hanuman chaleesa – Funny Husband Wife jokes Patni :- janu, kya main tumhare sapano mein aati hoon??? Pati :-bilakul nahi. Patni :- kyu ? Pati :- mein hanuman chaleesa pathakar sota hoon. 😂😂😂😂😂",True,FunkyLife Hindi Chutkule,https://funkylife.in/pati-patni-jokes/
HJ-000767,husband-wife,funkylife-viral,hinglish,dialogue,"shanti ke saath sona – Husband Wife Jokes In Hindi Ek baar Pappu kee tabeeyat bahut kharab ho gayi.. Pappu bola kamavali shanti kee bulao. Patni- kyu? Pappu , bola Doctor ne bola dava khakar shanti ke saath so jao 😜😝😂😂😂😂",True,FunkyLife Hindi Chutkule,https://funkylife.in/pati-patni-jokes/
HJ-000768,husband-wife,funkylife-viral,hinglish,dialogue,"hoshiyar Patni – Hindi Jokes Pati baik lekar ghar se nikal raha tha… patni: yeh lo sui… Pati: yeh kyu.? Patni: agar chaiking chal rahi ho toh, sui se panchar karake paidal bagal se nikal lena…. panchar matr 20 rupaye ka banega aur chalana 30 hajar ka..!! 😜😜😜😂😂 nari shakti jindabad👉😂",True,FunkyLife Hindi Chutkule,https://funkylife.in/pati-patni-jokes/
HJ-000769,husband-wife,funkylife-viral,hinglish,dialogue,Hindi Jokes  \n  pooja ke samay Patni ne Pati se pucha : suno ji aapko aarati yad hai na Pati : han.. woh patali si kali okhon vali sundar si vahi na ? phir pahale Pati kee pooja hui satyanarayanan bhagavan bad mein pooje gaye 😝😝😝🤣🤣🤣🤣,True,FunkyLife Hindi Chutkule,https://funkylife.in/pati-patni-jokes/
HJ-000770,husband-wife,funkylife-viral,hinglish,dialogue,"Sharabi Pati – joks in hindi Pati ne Patni ko mesej bheja- meri jindagi itani pyari, itani khoobasoorat banane ke liye tumhara shukriya. main aaj jo bhi hoon, sirph tumhari vajah se hoon. tum mere jeevan mein Ek pharishta banakar aayi ho aur tumane hi mujhe jeene ka makasad diya hai. lav yu… Patni ne riplaayi kiya- ‘mar liya chautha paig??? aa jao ghar kuchh nahi kahoongi. “Pati – bahar khada hoon, get khol de 😜😝😂😂😂🤣🤣",True,FunkyLife Hindi Chutkule,https://funkylife.in/pati-patni-jokes/
HJ-000771,husband-wife,funkylife-viral,hinglish,dialogue,sanskari Patni – Funny jokes Pati- “sabji mein namak nahi hai !” Patni – “woh kya hai na sabji thodi jal gaeen thi….”: Pati – “toh sabji mein namak kyu nahi dali?” Patni – “hum log sanskari parivar se hain ‘jale mein namak’ nahi chhidakate.” 😐😐😂😂😂🤣🤣🤣,True,FunkyLife Hindi Chutkule,https://funkylife.in/pati-patni-jokes/
HJ-000772,husband-wife,funkylife-viral,hinglish,dialogue,"Pati Patni kee ladaayi kee vajah – chutkula bahut sari khojon ke bad, ab pata chala hai ki Pati Patni kee ladaayi kee mukhy vajah hai “Pandit”… kyonki isi ne pheron ke samay aag mein ghi dala tha… 😂😂😂😂😂😂😂",True,FunkyLife Hindi Chutkule,https://funkylife.in/pati-patni-jokes/
HJ-000773,husband-wife,funkylife-viral,hinglish,dialogue,"Pati parameshvar ka andaza – Jokes Pati – mera andaja yeh kah raha hai ki is dibbe mein koi khane kee cheej hai…! Patni – are vah mere Pati parameshvar, aapane bilkul sahi andaja lagaya, isamen meri nayi saindal hai…! 😝😝😂😂😂🤣🤣",True,FunkyLife Hindi Chutkule,https://funkylife.in/pati-patni-jokes/
HJ-000774,husband-wife,funkylife-viral,hinglish,dialogue,"sat phere lete vaqt vachan – Jokes Pati – shaadi ke samay sat phere lete vakt tumane vachan diya tha aur sveekar kiya tha ki, meri ijjat karogi, meri sab baat manogi.🙁 Patni – toh kya itane logo ke samane tumse bahas karti. 😜😝😝😂😂😂😂",True,FunkyLife Hindi Chutkule,https://funkylife.in/pati-patni-jokes/
HJ-000775,husband-wife,funkylife-viral,hinglish,dialogue,"Pati Patni ke khataranak chutakule  \n  Patni : aay lav yu, tumhare pyar mein mar jaoongi, mit jaoongi zahar pi loogi, phana ho jaoongi.. Pati : dekh lo jaisa tumako theek lage…! 😝😝😝🤣🤣🤣🤣",True,FunkyLife Hindi Chutkule,https://funkylife.in/pati-patni-jokes/
HJ-000776,husband-wife,funkylife-viral,hinglish,dialogue,Pati mota ho gaya – joks Patni – aap mote ho gaye bahut ho gaye ho. Pati – tum bhi toh kitni moti ho gayi ho. Patni – par main toh man banane vali hoon. Pati – toh main bhi toh Baap banane vala hoon. 😝😝😂😂😂😂😂🤣,True,FunkyLife Hindi Chutkule,https://funkylife.in/pati-patni-jokes/
HJ-000777,husband-wife,funkylife-viral,hinglish,dialogue,lalachi Patni – Funny jokes Pati: tumhe jeevan mein kya chahiye Patni: paise. Pati: paison ko said mein rakh Do aur phir batao jeevan mein tumhe kya chahiye? Patni: said mein rakhe hue paise……. 🤑🤑😝😝🤣🤣🤣🤣,True,FunkyLife Hindi Chutkule,https://funkylife.in/pati-patni-jokes/
HJ-000778,husband-wife,funkylife-viral,hinglish,dialogue,"Patni chillakar boli – chutkula Pati (Patni se)- yeh kya tum Ek aur soot le aayi? abhi parso hi toh.. Patni chillakar boli- kya parso? bolo.. bolo kya kaha tumane? ruk kyu gaye? kya parso, bolo jaldi-jaldi bolo na, batao kya paraso? Pati- kuchh nahi, main bus yeh kah raha tha kee.. parso bhi Ek hi soot layi thi pagali, aaj toh Do le aati..!! 😜😜😂😂🤣🤣🤣🤣🤣",True,FunkyLife Hindi Chutkule,https://funkylife.in/pati-patni-jokes/
HJ-000779,husband-wife,funkylife-viral,hinglish,dialogue,Facebook par logon ne – Husband Wife Jokes in Hindi Pati – tum sabji banana bhool gayi ho kya? Patni – kyu? Pati – thu kitni gandi sabji banaayi hai. Patni – chupachap kha lo meri isi sabji ko Facebook par 9 logon ne laik kiya aur 107 logon ne sheyar kiya aur 129 logon ne koment kiya “vao yammi” bus aapko hi mera khana pasand nahi aata. 😝😝😝😂😂😂🤣🤣🤣,True,FunkyLife Hindi Chutkule,https://funkylife.in/pati-patni-jokes/
HJ-000780,husband-wife,funkylife-viral,hinglish,dialogue,kam ka Sharabi Pati – Pati Patni Jokes Patni- jab tum sharab peekar aate ho toh bahut kam aate ho… Pati- woh kaise? Patni- kal jab tum nashe mein aaye toh tumane ghar ke sare bartan dho diye aur mere pair bhi dabae… 😁😁😁😂😂😂🤣🤣,True,FunkyLife Hindi Chutkule,https://funkylife.in/pati-patni-jokes/
HJ-000781,husband-wife,funkylife-viral,hinglish,dialogue,"majedar chutakule Pati Patni ke  \n  Pati – din bhar soti rahati ho. Patni – toh kya aaram bhi na karoon. Pati – chai bana Do jaldi se. Patni – khud bana lo na! Pati – mere Sir mein tej dard hai. Patni – han toh mere bhi gale mein dard hai. Pati – theek hai idhar aao, tum mera Sir daba Do, aur main tumhara gala daba deta hoon. 😝😝😂😂😂🤣🤣🤣",True,FunkyLife Hindi Chutkule,https://funkylife.in/pati-patni-jokes/
HJ-000782,husband-wife,funkylife-viral,hinglish,dialogue,tandurust Pati – Jokes Pati subah bade aaram se sophe par baithe the usi samay Patni ji chai ke saath bahut sari taibalets lekar aayi…. Patni : yeh lo chai ke saath kolpol Pati : nahi mujhe bukhar nahi hai. Patni: toh daijeen le lo Pati : nahi mujhe gais bhi nahi hai. Patni: toh phir pudeenahara le lo Pati : nahi mera pet bhi theek hai. Patni: lo kombiphlem hath pair dukhana band ho jaega. Pati : are kamaal karti ho mujhe kuchh nahi huaa hai main ekadam theek hu tandurust hu Patni: toh phataphat utho kapade dho do. 😝😝😝😝🤣🤣🤣🤣,True,FunkyLife Hindi Chutkule,https://funkylife.in/pati-patni-jokes/
HJ-000783,husband-wife,funkylife-viral,hinglish,dialogue,wife kee draiving – Funny jokes Wife – chalo na aaj kaheen ghoomane chalate hain…. aur han draiving mai karoongi!! . Husband – Waw..!! matalab jaenge car mein… aur aaenge kal ke akhabar mein… 😝😝😝😂😂😂,True,FunkyLife Hindi Chutkule,https://funkylife.in/pati-patni-jokes/
HJ-000784,husband-wife,funkylife-viral,hinglish,dialogue,chunav khatm prachar khatm – chutkula panni :- shaadi se pahale toh bade lav yu lav yu bolate the ab kya huaa.? Pati :- chunav khatm prachar khatm 😝😝😝😂😂😂😂,True,FunkyLife Hindi Chutkule,https://funkylife.in/pati-patni-jokes/
HJ-000785,husband-wife,funkylife-viral,hinglish,dialogue,"dal nahi galane doongi – Jokes Biwi kee ati sundar saheli ghar aayi thi. Pati bhi vaheen baitha use dekhata raha. kuchh der bad preshar kukar kee 12 seetiyan baj chukane par – 🙄 Pati ne Patni se kaha, “kichan me dekho, dal jal jaegi.” Biwi ne kaha, “jal jane Do; par tumhari dal nahi galane doongi.” 😝😝😂😂😂😂😂😂",True,FunkyLife Hindi Chutkule,https://funkylife.in/pati-patni-jokes/
HJ-000786,husband-wife,funkylife-viral,hinglish,dialogue,nark jaa raha – Pati Patni Jokes Pati :’ dubaayi jaa raha hoon. Patni :’ main bhi aati hoon. mujhe jvoolari leni hai. Pati :’singapur jaa raha hoon. Patni:’ main bhi aati hoon. mujhe kosmetiks leni hai. Pati :’ landan jaa raha hoon. Patni : ‘ main bhi aati hoon. mujhe parafyoom leni hai. Pati (chidhakar):’nark jaa raha hoon. Patni :’ bhagavan ka diya sab kuchh hai bus apana khyal rakhana. 🤣🤣🤣🤣🤣🤣🤣,True,FunkyLife Hindi Chutkule,https://funkylife.in/pati-patni-jokes/
HJ-000787,husband-wife,funkylife-viral,hinglish,dialogue,Husband Wife Jokes in Hindi  \n  Pati kee kabr par Patni rote hue boli : Beta “lepatop” mang raha hai main kya karoon ?? beti “mobile” kee pharamaish kar rahi hai kahan se laoon ?? khud mere paas kapade nahi hai. kya karoon ?? kabr se ghuti ghuti si aavaz aayi : mar gaya hoon “dubaayi” nahi gaya hoon... 😝😝😝😂😂😂😂,True,FunkyLife Hindi Chutkule,https://funkylife.in/pati-patni-jokes/
HJ-000788,husband-wife,funkylife-viral,hinglish,dialogue,"talak lene – Funny jokes Patni Pati se: utho ji , nasta banane jao. Pati utha aur seedha bahar jane laga. Patni : kahan jaa rahe ho ? Pati : Vakeel ke paas tumse talak lene| thodi der bad Pati vapas ghar aaya aur sabji katane laga. Patni : kya huaa ? Pati : kuchh nahi Vakeel sahab baratan saaf kar rahen then! 😝😝😂😂😂😂😂😂",True,FunkyLife Hindi Chutkule,https://funkylife.in/pati-patni-jokes/
HJ-000789,husband-wife,funkylife-viral,hinglish,dialogue,"Facebook par nashta – chutkula Pati mahashay subah-subah Facebook khol kar baith gaye, unki Ek mahila Mitra ne saindavich ka photo apalod karake likha – aao, sab nashta karen. Pati ne khush hokar koment kiya – bahut badhiya nashta tha. maja aa gaya yeh koment unki Patni ne dekh liya .. phir kya, Pati mahashay ko nashta nahi diya.aur Chaar ghante bad Patni ne Pati se pucha – khana banaoon, ya aap lanch bhi Facebook par hi karenge ? 😝😝🤣🤣🤣🤣🤣🤣",True,FunkyLife Hindi Chutkule,https://funkylife.in/pati-patni-jokes/
HJ-000790,husband-wife,funkylife-viral,hinglish,dialogue,"pappi toh lello pappi toh – Husband Wife Jokes subah subah aavaj aayi pappi toh lello pappi toh. pappi toh lello pappi to. Pati ne bahar jakar dekha toh rajasthani chhori papeeta bech rahi thi . beebi –ho gayi tassali, mai rokati toh muh phoola lete 😝😝😂😂😂🤣🤣🤣",True,FunkyLife Hindi Chutkule,https://funkylife.in/pati-patni-jokes/
HJ-000791,husband-wife,funkylife-viral,hinglish,dialogue,"chudail Patni – Hindi Jokes Biwi ne nayi sim khareedi aur socha ki Pati ko sarapraij doongi. woh kichan mein gayi aur Pati ko phone kiya. Biwi : hailo darling.. . Pati (dheere se bolate hue) : tum bad mein phone karna, abhi chudail kichan mein hai.😝 Pati ka ilaz leelavati aspatal mein chal raha hai. 😂😂🤣🤣🤣😝😝",True,FunkyLife Hindi Chutkule,https://funkylife.in/pati-patni-jokes/
HJ-000792,husband-wife,funkylife-viral,hinglish,dialogue,Husband Wife Jokes in Hindi for WhatsApp  \n  Pati bal katavakar ghar lauta toh Patni se bola dekho main tumse das sal chhota lagata hoon ya nahi hajir javabi Patni boli: mudan karava lete aisa lagata abhi abhi paida hue ho 😝😝😝😂😂😂,True,FunkyLife Hindi Chutkule,https://funkylife.in/pati-patni-jokes/
HJ-000793,husband-wife,funkylife-viral,hinglish,dialogue,"bahara karane vali hoon – Pati Patni joks Pati-Patni ka jhagada ho raha tha. Patni: tumhe meri aavaz se bahut pareshani hain na, bus aaj ke bad tum meri aavaz nahi sunoge. pati: kyu, kya tum goongi hone vali ho? Patni: nahi, main tumhe bahara karane vali hoon. 😝😝🤣🤣🤣🤣🤣",True,FunkyLife Hindi Chutkule,https://funkylife.in/pati-patni-jokes/
HJ-000794,husband-wife,funkylife-viral,hinglish,dialogue,Mummy so gayi – Funny jokes Pati ne doosare kamare se Patni ko WhatsApp kiya: agar munna so gaya ho toh main aa jaoon? . udhar se message aaya: Mummy so gayi hai aur main unke mobile par gem khel raha hoon…!! 😝😝😝😝🤣🤣🤣,True,FunkyLife Hindi Chutkule,https://funkylife.in/pati-patni-jokes/
HJ-000795,husband-wife,funkylife-viral,hinglish,dialogue,mumataj kee yad mein tajamahal – Jokes Biwi ne puchha….. mumataj ke gujarane ke bad uski yad mein shahajaha ne – taj mahal banavaya tha… meri yad mein aap kya banavaoge…?? Pati ne bhi pyar se keh deeya poodi-sabzi 😝😝😂🤣🤣🤣🤣,True,FunkyLife Hindi Chutkule,https://funkylife.in/pati-patni-jokes/
HJ-000796,husband-wife,funkylife-viral,hinglish,dialogue,"Patni ke rishtedar – Jokes Patni chilla kar boli- aaj shaam ko jaldi ghar aa jaana Pati- kyu kuchh khas hai kya? Patni- mayake se rishtedar aa rahe hain. Pati- mera dimag mat khao, main biji hoon, kaun kaun aa raha hai? Patni- meri donon chhoti bahanen aa rahi hain. Pati khush hokar- are darling, tumhare rishtedar matalab mere rishtedar pakka time se aa jaoonga… 😁😁😂😂😂😂🤣🤣🤣",True,FunkyLife Hindi Chutkule,https://funkylife.in/pati-patni-jokes/
HJ-000797,husband-wife,funkylife-viral,hinglish,dialogue,"New Husband Wife Jokes in Hindi 2025  \n  Pati- mere seene mein bahut dard ho raha hain, jaldi se embulens ke liye kol lagao.. … Patni- han, lagati hoon, apane mobaeel ka pasavard batao.. Pati- rahane Do, ab thoda theek lag raha hai, shaam ko dikha denge... 😝😝😂😂😂😂😂",True,FunkyLife Hindi Chutkule,https://funkylife.in/pati-patni-jokes/
HJ-000798,husband-wife,funkylife-viral,hinglish,dialogue,"kele lekar Pati gaya sasural – Pati Patni joks Ek aadmi jab sasural se Biwi lekar chalane laga toh uski Saas ne usko 100 roopaye diye!! lekin ghar pahunchate hi usne Patni se kaha teri man ne meri beizzati kar dee main 150 roopaye ke kele lekar gaya tha aur un ko mujhe 100 roopaye pakadate sharam nahi aayi . itana sunakar Patni matha pakadakar baith gayi… aur boli tu mujhe lene gaya tha ya,.., wahan kele bechane gaya tha!! 😝😝😂😂😂😂🤣🤣🤣",True,FunkyLife Hindi Chutkule,https://funkylife.in/pati-patni-jokes/
HJ-000799,husband-wife,funkylife-viral,hinglish,dialogue,"ghutano par chalakar aayi thi – Funny jokes Dost- Biwi se jhagada band huaa kya? Pati- ghutanon par chalakar aayi thi mere paas, ghutanon pe. Dost- kya baat kar raha hai? Pati- aur nahi toh kya? Pati- boli palang ke neeche se bahar aa jao, ab nahi maroongi. 😝😝😝😂😂😂😂😂😂",True,FunkyLife Hindi Chutkule,https://funkylife.in/pati-patni-jokes/
HJ-000800,husband-wife,funkylife-viral,hinglish,dialogue,bha.ja.ki.ge – Pati Patni chutkula Pati ne Patni se kaha pichhale maheene ka hisab Do Patni ne hisab likhana shuru kiya aur beech beech mein likhane lagi bha.ja.ki.ge . 800bha.ja.ki.ge 2000bha.ja.ki.ge 500bha.ja.ki.ge. Pati ne pucha yeh bha.ja.ki.ge kee kya hai ? Patni : bhagavan jane kidhar gaye 😝😝😝😂😂😂🤣🤣🤣,True,FunkyLife Hindi Chutkule,https://funkylife.in/pati-patni-jokes/
HJ-000801,husband-wife,funkylife-viral,hinglish,dialogue,"hipanotaij ka arth – Jokes Pati- hipanotaij karna kya hota hai Patni- kisi ko apane kantrol mein kar ke apani maji ke kam karavana. Pati- chal jhoothi, use toh shaadi kahate hain. 😝😝😝🤣🤣🤣🤣",True,FunkyLife Hindi Chutkule,https://funkylife.in/pati-patni-jokes/
HJ-000802,husband-wife,funkylife-viral,hinglish,dialogue,"Pati kee chot par davaayi – Pati Patni Jokes party mein sundar Ladki se hans hans kar baten kar rahe Pati ke paas Patni aayi aur boli, chaliye, ghar chal kar mai aapki chot pe Iodex laga doongi. Pati- par mujhe chot kahan lagi hai. Patni- abhi hum ghar bhi kahan pahunche hain.? 😝😝😂😂😂😂😂",True,FunkyLife Hindi Chutkule,https://funkylife.in/pati-patni-jokes/
HJ-000803,husband-wife,funkylife-viral,hinglish,dialogue,Pati Lockdown me hai – chutkula Pati nahane gaya tha.. Patni ne uska phone chek kiya toh kontekts mein Ek nam “korona” likha tha. usne dayal kiya toh kichan mein pada uska khud ka phone bajane laga. ab lakh samajhane par bhi Pati batharoom se bahar nahi aa raha… bol raha hai ki main “lakadaun” mein hoon 😂😂😂😂😂😂😂😂,True,FunkyLife Hindi Chutkule,https://funkylife.in/pati-patni-jokes/
HJ-000804,husband-wife,funkylife-viral,hinglish,dialogue,"chalak Biwi – Husband Wife Jokes In Hindi Biwi ne pentar se apana pentig banavaya phir kuchh soch kar pentar ko kaha kee gale mein navalakha har bhi bana Do penting banane ke bad pentar ne pucha aapane aisa kyu kiya.. Biwi boli kabhi mai mar gayi toh yeh doosari shaadi kar lenge nayi vali aaegi toh yeh har dhoondhegi aur milega nahi toh jhagada hoga tab meri aatma ko sachcha sukoon milega . ise kahate hai, jindagi ke saath bhi aur jindagi ke bad bhi 😂😂😂😂🤣🤣🤣🤣🤣",True,FunkyLife Hindi Chutkule,https://funkylife.in/pati-patni-jokes/
HJ-000805,husband-wife,funkylife-viral,hinglish,dialogue,"sona jaruri hai – Pati Patni Jokes Ek aadmi kee tabiyat kharab hone par usne Doctor ko dikhaya… Doctor ne kaha – aap sirph 12 ghante ke mehaman ho… shayad savera bhi nahi dekh paoge…!!!??? aadmi nen yeh baat bade du:kh ke saath apani Patni ko batayi, aur socha ki yeh aakhiri raat apani Patni ke saath pyar se bitayi jaye…!!! donon badi der tak baten kee or saath mein bitae lamhon ko yad kiya… thodi der bad patni ko sote hue dekhakar Pati ne pucha: tum so rahi ho…??? patni: kya karoon, tumhe toh subah uthana nahi hai… par mujhe toh uthana hai. .!!! 😜😜😝😝😂😂😂🤣🤣",True,FunkyLife Hindi Chutkule,https://funkylife.in/pati-patni-jokes/
HJ-000806,husband-wife,funkylife-viral,hinglish,dialogue,"Pati ka sher – Jokes patni: koi naya sher sunao? Pati: sangamaramar se tarasha, khuda ne tere badan ko.. Patni (khushi se): aage? pati: baki bacha patthar usne teri akl pe rakh diya. 😝😝🤣🤣🤣🤣🤣",True,FunkyLife Hindi Chutkule,https://funkylife.in/pati-patni-jokes/
HJ-000807,husband-wife,funkylife-viral,hinglish,dialogue,Hindi Jokes >>  \n  See Also:  \n  hindi chutakule  \n  Teacher Student Jokes in Hindi  \n  WhatsApp Jokes in Hindi  \n  Funny Quotes Hindi,True,FunkyLife Hindi Chutkule,https://funkylife.in/pati-patni-jokes/
HJ-000808,teacher-student,funkylife-viral,hinglish,dialogue,"Friends, you must have been a student in your childhood. If yes, you must have had a lot of fun during your school days, from school activities to arguments with teachers, etc. Today, you must be missing your childhood days very much. That time may not return, but that childish smile can be brought back. Today, we have brought you some of the funniest teacher–student jokes that will bring that same smile to your face. All these jokes are related to your school life, which you will definitely like. So without wasting time, start reading these Hindi jokes and remember the golden moments of your student life once again.",True,FunkyLife Hindi Chutkule,https://funkylife.in/teacher-student-jokes-hindi/
HJ-000809,teacher-student,funkylife-viral,hinglish,dialogue,muhavare ko vaky mein prayog – Teacher aur Student ka majedar chutkula Teacher – is muhavare ko vaky mein prayog karake batao – “munh mein paani aana “…. . . Student- jaise hi mainne nal kee tonti se munh lagakar nal chalu kiya – “mere munh mein paani aa gaya… “. Teacher – get aaut 😂😂😂😂😂😂😂,True,FunkyLife Hindi Chutkule,https://funkylife.in/teacher-student-jokes-hindi/
HJ-000810,teacher-student,funkylife-viral,hinglish,dialogue,Teacher murga bana dengi – Teacher and Student Jokes Teacher :- kal homavark nahi kiya toh murga banaoonga. . Student :- Sir murga toh mai nahi khata matar paneer bana lena. . 😜😜😂😂😂,True,FunkyLife Hindi Chutkule,https://funkylife.in/teacher-student-jokes-hindi/
HJ-000811,teacher-student,funkylife-viral,hinglish,dialogue,eloveera kya hota hai – funny teacher student jokes vijnyan ke Teacher ne Student se pucha….. eloveera kya hota hai ? Santa sinh : jab Ek panjabi vhiski ka paig apane bade Bhai ko deta hai……… toh kahata hai ai lo veera…😜😜😂 Chearssss,True,FunkyLife Hindi Chutkule,https://funkylife.in/teacher-student-jokes-hindi/
HJ-000812,teacher-student,funkylife-viral,hinglish,dialogue,"Teacher Student Jokes 2025  \n  Teacher golu se- Paanch mein se Paanch ghatane par kitne bachenge ?? . golu – pata nahi Madam. . Teacher- agar tere paas 5 bhature hai, aur mein 5 bhature tujhase mai le loon toh tere paas kya bachega ?? . golu- …..chhole. 😂😂😂😂😂😂😂",True,FunkyLife Hindi Chutkule,https://funkylife.in/teacher-student-jokes-hindi/
HJ-000813,teacher-student,funkylife-viral,hinglish,dialogue,"homavark kyu nahi kiya – Teacher Student Funny Jokes Teacher aur stoodent Teacher : homavark kyu nahi kiya ..? stoodent : Sir, lait nahi thi . Teacher : toh momabatti jala lete . stoodent : Sir, machis nahi thi . Teacher : machis kyu nahi thi ? stoodent : pooja ghar mein rakhi hui thi . Teacher : toh vahan se le aate … stoodent : nahaya huaa nahi tha Teacher : nahaya huaa kyu nahi tha .? stoodent : paani nahi tha Sir . Teacher : paani kyu nahi tha ..? stoodent : Sir motar nahi chal rahi thi . Teacher : motar kyu nahi chal rahi thi ..?? stoodent : ullu ke patthe bataya toh tha lait nahi thi ….! 😂😂😂😂😂😡",True,FunkyLife Hindi Chutkule,https://funkylife.in/teacher-student-jokes-hindi/
HJ-000814,teacher-student,funkylife-viral,hinglish,dialogue,"6 kee maut ho gayi – Teacher aur santa majedar chutkula Teacher – 1 se 10 tak ginati sunao. Santa ..1, 2, 3, 4, 5, 7, 8, 9, 10.. Teacher – 6 kahan hai ? Santa – ji woh toh mar gaya. Teacher – mar gaya? kaise mar gaya??? Santa …ji Madam, aaj subah teevi par nyooj mein bata rahe the ki svaeen phralu mein 6 kee maut ho gayi ! 😜😜😂😂😂",True,FunkyLife Hindi Chutkule,https://funkylife.in/teacher-student-jokes-hindi/
HJ-000815,teacher-student,funkylife-viral,hinglish,dialogue,"Madam sonu kee chinta karti hain – Teacher Student Jokes sonu LKG mein padhata tha. . Ek baar lagatar 4 dinon se school mein der se aane par Madam ne kaha – “tum itana let school kyu aate ho ?” . sonu –“Madam, aap meri itani chinta mat kiya karen …. Bacche galat samajhate hain !” 😜😜😂😂😂😂😂",True,FunkyLife Hindi Chutkule,https://funkylife.in/teacher-student-jokes-hindi/
HJ-000816,teacher-student,funkylife-viral,hinglish,dialogue,Madam bigada.gaayi hai – Funny teacher Student Joke teesari class ka Baccha (Teacher se) :- Madam mai aapko kaisa lagata hoon ?? Madam :- so sveet…😚😚 bachcho :- toh mai apane Mummy Papa ko kab bhejoon aapke ghar ?? Madam :- kyu ?? Baccha :- baat aage badhane ke liye…….! Madam :- yeh kya bakavas hai ?? Baccha :- tyushan ke liye……! kya Madam aap bhi na… kasam se WhatsApp padh-padh kar bigada.gaayi ho… 😜😂😂😂😂😂😂,True,FunkyLife Hindi Chutkule,https://funkylife.in/teacher-student-jokes-hindi/
HJ-000817,teacher-student,funkylife-viral,hinglish,dialogue,"guruji ne ritayarament le liya – Funny Teacher Student Jokes guruji : aisa kaun sa stanadhari prani hai, jo aakash me udata hai , par jameen par hi Bacche ko janm deta hai ? . poori class mein sannata ho gaya ….. . aise mein aakhari bench pe baitha Pappu bola . Sir:- earahostes….. . guruji behosh ho gaye……. . hosh aane par unhone svechchhik ritayarament le liya hai. 😜😂😂😂😂😂😂",True,FunkyLife Hindi Chutkule,https://funkylife.in/teacher-student-jokes-hindi/
HJ-000818,teacher-student,funkylife-viral,hinglish,dialogue,hindi Teacher stoodent joks  \n  adhyapak :- tebal par chai kisne giraayi? ise apani matribhasha me bolo . Student :- matribhasha matalab Mummy kee bhasha mein ? adhyapak :- han . Student :- are chhati koota mhara jeev liyan bina thane chain ni pade ? o kee tharo Baap dholi chai ? adhyapak behosh ! 😜😂😂😂🤣🤣🤣,True,FunkyLife Hindi Chutkule,https://funkylife.in/teacher-student-jokes-hindi/
HJ-000819,teacher-student,funkylife-viral,hinglish,dialogue,"man leejie na! – Very Funny Teacher Student Jokes praimari class mein Master sahab ganit sikha rahe the. . Master sahab – “Beta, man lo mainne tumhe 10 laddu diye !” . Pappu – “kyu man loon … aapane toh mujhe Ek bhi nahi diya ?” . Master sahab – “are man le na ! manane mein tere Baap ka kya jaata hai ?” . Pappu – “theek hai …” . Master sahab – “han, toh usamen se 5 tumane mujhe vapas de diye … toh batao tumhare paas kitne laddu bache ?” . Pappu – “20 !!!” . Master sahab – “kaise ?” . Pappu – “man leejie na ! manane mein aapke Baap ka kya jaata hai !!!” 😳👀👀😳😜😂😂😂😂😂😂",True,FunkyLife Hindi Chutkule,https://funkylife.in/teacher-student-jokes-hindi/
HJ-000820,teacher-student,funkylife-viral,hinglish,dialogue,"saeens laib mein – Teacher And Student Chutkula Teacher ne saeens laib mein apani jeb se 1 sikka nikala aur acid mein dala or Student se poonchha yeh bata ki yeh sikka ghul jaega ya nahi.. 😆 … Student – Sir nahi ghulega… 😏 …. Sir – shabash Student lekin tujhe kaise pata.. 😒 … Student – Sir agar acid mein dalane se sikka ghulana hota to,aap sikka humse mangate na ki apani jeb se nikalate ..  😜😜😜😆😆😂😂",True,FunkyLife Hindi Chutkule,https://funkylife.in/teacher-student-jokes-hindi/
HJ-000821,teacher-student,funkylife-viral,hinglish,dialogue,"maim lain marati hai – Funny Teacher Student Jokes narsari class ka Baccha bola : maim mein aapko kaisa lagata hu ?? maim : so sweet !! Baccha apani said ke ladake se : dekha ,mene bola tha na ,lain marati hai !!! 😜😂😂😂😂😂😂",True,FunkyLife Hindi Chutkule,https://funkylife.in/teacher-student-jokes-hindi/
HJ-000822,teacher-student,funkylife-viral,hinglish,dialogue,"jinda rahane ke liye kya jaruri hai – Funny Hindi Jokes sains kee Teacher class mein padha rahi thi, . Teacher ne Pappu se kaha – tu bata jinda rahane ke liye kya kya cheejen jaruri hain . Pappu – nahi pata Madam . Teacher – are jo aata hai vahi bata . Pappu – jinda rahane ke liye teri kasam Ek mulakat jaruri hai sanam 😂😜😂😉 de thappad de thappad 😜😁😜😁😜",True,FunkyLife Hindi Chutkule,https://funkylife.in/teacher-student-jokes-hindi/
HJ-000823,teacher-student,funkylife-viral,hinglish,dialogue,"buland eerade – majedar Teacher stoodent hindi chutkula Teacher: eerade buland hone chahiye, patthar se bhi paani nikala jaa sakta hai . Pappu: mai toh lohe se bhi paani nikal sakta hoon😛😛😕 . Teacher: kaise . Pappu: haind pamp se 😂😂😂😂😂",True,FunkyLife Hindi Chutkule,https://funkylife.in/teacher-student-jokes-hindi/
HJ-000824,teacher-student,funkylife-viral,hinglish,dialogue,Teacher student jokes in hindi  with answers  \n  Teacher : tum parindo ke bare mein sab janate ho ?? Sanju : han Teacher : accha yeh batao kaun sa parinda ud nahi sakta ?? Sanju : mara huaa parinda 😤😆 bhag pagal kaheen ka 😂😂😂,True,FunkyLife Hindi Chutkule,https://funkylife.in/teacher-student-jokes-hindi/
HJ-000825,teacher-student,funkylife-viral,hinglish,dialogue,"Teacher ko vaham hai – majedar Teacher joks Teacher: main sundar thi, sundar hoon, sundar rahoongi. isi tarah teenon kal ka udaharan do. harayanavi Student : tannai vaham tha, tannai vaham hai, tannai vaham ravaiga. Teacher: nalayak, tameej se batao. Student: aadaraneey Madam ji aap bhoondi thi, bhoondi hain, bhoondi rahengi. 😜😂😂😂😂😂😂",True,FunkyLife Hindi Chutkule,https://funkylife.in/teacher-student-jokes-hindi/
HJ-000826,teacher-student,funkylife-viral,hinglish,dialogue,"Baap kee barat me – phani hindi chutkula Baccha ghar se mar kha kar school jaa raha tha . raste me kisi ne pucha- Beta padhate ho,l ?? 😌 -‘- -‘- Baccha- nahi !! school dres pahan ke tere Baap kee barat me jaa raha hoon. 😜😂😂😂😂😂😂",True,FunkyLife Hindi Chutkule,https://funkylife.in/teacher-student-jokes-hindi/
HJ-000827,teacher-student,funkylife-viral,hinglish,dialogue,dilli mein kutta beemar hai – Funny Teacher Student Jokes Teacher class mein- dilli mein kutub meenar hai.. Pappu class mein so raha tha.. . Teacher ne use jagaya aur pucha : bata mainne abhi kya bola.. . Pappu- dilli mein kutta beemar hai. 😛😛😛😂😂😂😂,True,FunkyLife Hindi Chutkule,https://funkylife.in/teacher-student-jokes-hindi/
HJ-000828,teacher-student,funkylife-viral,hinglish,dialogue,"Madam ji ka dehant ho gaya – majedar Teacher stoodent chutkula Madam class ka group photo bachchon ko dikhakar boli- jab tum bade ho jaoge toh is photo ko dekhakar kahoge., . yeh raha raju jo amerika chala gaya., yeh raha ravi jo London chala gaya., aur yeh raha raladu jo yaheen ka yahi rah gaya.. . yeh baat sunakar raladu bola – aur yeh rahi hamari Madam jinaka dehant ho gaya.. thoko tali 😜😂😂😂😂😂😂",True,FunkyLife Hindi Chutkule,https://funkylife.in/teacher-student-jokes-hindi/
HJ-000829,teacher-student,funkylife-viral,hinglish,dialogue,15agast ko hame kya mili thi – funny teacher Student Jokes ganv ke Ek vidyalay se…. . adhyapika ne Ek Bacche se sawal kiya batao 15agast ko hame kya mili thi ? . Student – medam chhote se katore me zara si. * boondi * 😳🙄😂😂😂😄,True,FunkyLife Hindi Chutkule,https://funkylife.in/teacher-student-jokes-hindi/
HJ-000830,teacher-student,funkylife-viral,hinglish,dialogue,"Student aur adhyapak ke chutakule  \n  Teacher : Chipkali kise kehte hai??? Pappu : Chipkali ek garib magarmach hai, jise bachpan me born vita wala dudh nahi mila, jis kaaran woh kuposhan ka shikaar ho gai. 😜😂🤣🤣🤣🤣",True,FunkyLife Hindi Chutkule,https://funkylife.in/teacher-student-jokes-hindi/
HJ-000831,teacher-student,funkylife-viral,hinglish,dialogue,"panjabi bhasha mein divali’ ka itihas – Teacher stoodent joks yakeen maniye panjabi bhasha se kuchh bhi ho sakta hai! . Teacher Pappu se: ‘divali’ ke bare kuchh batao? . Pappu: yeh hai ‘divali’ ka itihas, ik var ik munda si. usada nam haippi si. o apane kanna vich valiyan pannda si. ik din us dee vali gum gaayi. usne bahut labbi par nahi mili par thodi der bad kisi hor munde nu us dee vali mil gaayi. lokka ne us toh poochhaya ki eh kee hai? tan usne kaha ki eh ‘haippi dee vali’ hai. bus us din toh sare ‘haippi divali’ manane lag gaye. 😜😂😂😂😂😂😂",True,FunkyLife Hindi Chutkule,https://funkylife.in/teacher-student-jokes-hindi/
HJ-000832,teacher-student,funkylife-viral,hinglish,dialogue,"kho gayi kopi, gum gaya pen – Teacher stoodent joks Madam Bacche se :- teri kopi aur pen kahan hai..?? Baccha :- mem jabase aapko dekha, kya kopi aur kya pen, tere mast-mast Do nain, mere dil ka le gaye chain, kho gayi kopi, gum gaya pen! 🤣🤣🤣🤣🤣🤣",True,FunkyLife Hindi Chutkule,https://funkylife.in/teacher-student-jokes-hindi/
HJ-000833,teacher-student,funkylife-viral,hinglish,dialogue,phataphat jawab dena – Teacher Student Funny jokes Teacher : main jo poochhoon uska jawab phataphat dena Sanju : ji Sir Teacher : bharat kee rajadhani batao? Sanju : phataphat Teacher abhi tak Sanju ko peet raha hai 😜🤣🤣🤣🤣🤣🤣🤣,True,FunkyLife Hindi Chutkule,https://funkylife.in/teacher-student-jokes-hindi/
HJ-000834,teacher-student,funkylife-viral,hinglish,dialogue,"gandhi ji ka janm – Teacher aur viddarthi phani joks Teacher- 1 aktoobar, 2 aktoobar or 15 aktoobar ko kya huaa tha jise har sal yad karake utsav ke roop mein manaya jaata he vidyarthi- Sir 1aktoobar ko gandhi ji kee man ko bharti kiya gaya tha.. 2 aktoobar ko gandhi ji ka janm huaa tha jisase hum 2 aktoobar ko gandhi jayanti manate he Teacher: or 15 aktoobar kya huaa tha ?? 😁😁 vidyarthi-15 aktoobar ko gandhi ji kee panjeeri aayi thi. 😜😜😜😗😜😜😜 Teacher aaj tak koma mein he. 😜🤣🤣🤣🤣🤣",True,FunkyLife Hindi Chutkule,https://funkylife.in/teacher-student-jokes-hindi/
HJ-000835,teacher-student,funkylife-viral,hinglish,dialogue,ganga kahan se nikalati hai – funny teacher student jokes Ek baar bhoogol kee Teacher ne bachchon se pucha – ganga kahan se nikalati hai aur kahan jakar milati hai..? Ek Bacche ne khade hokar kaha :- Madam ganga ghar se nikalati hai aur school ke peechhe jakar kalu se milati hai. 😜🤣😂,True,FunkyLife Hindi Chutkule,https://funkylife.in/teacher-student-jokes-hindi/
HJ-000836,teacher-student,funkylife-viral,hinglish,dialogue,"Ek taraph paisa, dusari taraph akkal – teacher And Student Jokes Teacher:- Ek taraph paisa, dusari taraph akkal, kya chunoge? vidyarthi: paisa. Teacher:- galat, mai akkal chunati vidyarthi:- aap sahi kah rahi ho medama,jisake paas jis cheej kee kami hoti hai woh vahi chunata hai. de thappad de thappad 😀😛😝😝😝",True,FunkyLife Hindi Chutkule,https://funkylife.in/teacher-student-jokes-hindi/
HJ-000837,teacher-student,funkylife-viral,hinglish,dialogue,"bade hokar kya banoge – tillu aur Teacher ka majedar chutkula Teacher :- tillu tum batao, bade hokar kya banoge ? tillu, sharamate hue : dulha Teacher :- are mera matalab hai, bade hokar kya pana chahate ho ? tillu, sharamate hue : dulhan Teacher :- uphphoh, mujhe batao, bade hokar aisa kya karoge jo tumane abhi tak nahi kiya ? tillu, sharamate hue : ji Teacher, shaadi! 😀😎🤣🤣🤣🤣🤣🤣",True,FunkyLife Hindi Chutkule,https://funkylife.in/teacher-student-jokes-hindi/
HJ-000838,teacher-student,funkylife-viral,hinglish,dialogue,kis liye – Master aur babalu phani hindi chutkula Master :- kal skul kyoon nahi aaye? babalu :- galphrend se milane gaya tha Master :- kis liye ? babalu :- YES SIR Master :- mainne pucha kis liye? babalu :- liye Sir bahut liye!! 😜🤣🤣🤣🤣🤣,True,FunkyLife Hindi Chutkule,https://funkylife.in/teacher-student-jokes-hindi/
HJ-000839,teacher-student,funkylife-viral,hinglish,dialogue,"Teacher Student Jokes Images  \n  Teacher :- kaunasa panchhi sabase tez udata hai? stoodet :- Sir, hathi. Teacher :- nalayak, tera Baap kya karta hai? stoodet :- daud ke gaing mein shootar hai. Teacher :- shabasha. likho bachcho hathi. 😜😂😂😂🤣🤣🤣",True,FunkyLife Hindi Chutkule,https://funkylife.in/teacher-student-jokes-hindi/
HJ-000840,teacher-student,funkylife-viral,hinglish,dialogue,"vatan ke liye jan de denge – majedar Teacher stoodent joks Teacher : bachcho, vada karo ki kabhi sharab, sigaret nahi pioge.✊ Bacche : nahi peeenge. Teacher : kabhi ladakiyon ka peechha nahi karoge! Bacche : nahi karenge. Teacher : ladakiyon se dosti nahi karoge! Bacche : nahi karenge. Teacher : vatan ke liye jan de doge! Bacche : de denge, aisi jindagi ka karenge bhi kya!! 😜🤣😝😆😂😂🤣🤣",True,FunkyLife Hindi Chutkule,https://funkylife.in/teacher-student-jokes-hindi/
HJ-000841,teacher-student,funkylife-viral,hinglish,dialogue,nale ka paani – teacher-student funny jokes Teacher kemistri pada rahi thi Teacher:paani ka pharmoola batao.. Pappu : H2O+mgcl2+caso4+alcl3+NaOH+koh+HNO3+HCL+CO2 Teacher:(gusse men)galat hai yeh Pappu: Mam yeh nale ka paani hai! 😜😝😝😝😝😝,True,FunkyLife Hindi Chutkule,https://funkylife.in/teacher-student-jokes-hindi/
HJ-000842,teacher-student,funkylife-viral,hinglish,dialogue,vidya ke liye college – Funny teacher Student Jokes Teacher :- raju tum kis liye college aate ho. Student :- vidya ke liye Sir. Teacher :- toh aaj tum so kyu rahe ho. Student :- aaj vidya nahi aayi hai Sir! 😜🤣🤣🤣🤣🤣,True,FunkyLife Hindi Chutkule,https://funkylife.in/teacher-student-jokes-hindi/
HJ-000843,teacher-student,funkylife-viral,hinglish,dialogue,deevaron ke bhi kan hoten hai – teacher Student hindi Chutkula Masterji:- “deevaron ke bhi kan hoten hai” yeh muhavare ke hisab se humein kis cheez mein savadhani rakhani chahiyen ? . pintu:- Sir.. main bataoon ? humein deevaron pe peshab nahi karna chahiyen varna unaken kan mein paani chala jayega !! 💦😜😂🤣🤣🤣🤣,True,FunkyLife Hindi Chutkule,https://funkylife.in/teacher-student-jokes-hindi/
HJ-000844,teacher-student,funkylife-viral,hinglish,dialogue,Best Teacher Student Jokes  \n  Master – aaj tumako muhavare padhaoonga “hath kangan toh aarasi kya” is muhavare ka arth kaun batayega ? Pappu – main bataoon Master ji Master – han bata Pappu – hath kangan toh aarasi kya… iska matalab jo ladakiyan hath mein kangan pahanakar skooti chalati hain police unse aar si nahi mangati… 🙂 😉 Master behosh… 😜🤣😂😂😂😂😂,True,FunkyLife Hindi Chutkule,https://funkylife.in/teacher-student-jokes-hindi/
HJ-000845,teacher-student,funkylife-viral,hinglish,dialogue,"jo bewakoof hai woh khada ho jaye – Funny Teacher Student joke Teacher: jo bewakoof hai woh khada ho jaye ? Pappu khada ho gaya … Teacher: tum bewakoof ho? Pappu: nahi Sir, aap akele khade the na toh mujhe accha nahi laga … 😜🤣🤣🤣🤣🤣",True,FunkyLife Hindi Chutkule,https://funkylife.in/teacher-student-jokes-hindi/
HJ-000846,teacher-student,funkylife-viral,hinglish,dialogue,buaa phoophaji – Funny Teacher Students Jokes Ek class mein Ek Ladki ko sab buaa-buaa kahate the….. Ek din is kee shikayat oosane apane Teacher se kar dee…… Teacher ne sab ladako se pucha …. jo ladake is ko buaa kahate hai woh sabhi khade ho jae……. Ek ladake ko chhod ke sabhi khade ho gaye….. Teacher ne puchha……kya tum is ko buaa nahi kahate ho … Ladka bola…… Sir mu toh phoophaji hoon…….. 😝😝😝😝😝😝😝,True,FunkyLife Hindi Chutkule,https://funkylife.in/teacher-student-jokes-hindi/
HJ-000847,teacher-student,funkylife-viral,hinglish,dialogue,"sag-pat khane vale kee nigahen tej hoti hai – Funny Jokes adhyapak – tum kaise siddh karoge ki sag-pat khane vale kee nigahen tej hoti hai | . Student – Sir ,aaj tak kisi ne bakare ya ghode ko chashma lagate dekha hai kya ? 😜🤣🤣🤣🤣🤣",True,FunkyLife Hindi Chutkule,https://funkylife.in/teacher-student-jokes-hindi/
HJ-000848,teacher-student,funkylife-viral,hinglish,dialogue,"Very Funny Teacher Student Jokes in Hindi  \n  Teacher – tum kal school kyu nahi aaye the ? Ladka – ji woh, kal mere ghar mein pooja thi Teacher – toh parso kyu nahi aaye the ? Ladka – ji parso mere ghar priya thi 🙂🙂 Teacher behosh 🤣🤣🤣🤣🤣",True,FunkyLife Hindi Chutkule,https://funkylife.in/teacher-student-jokes-hindi/
HJ-000849,teacher-student,funkylife-viral,hinglish,dialogue,"yamuna nadi kahon bahati hai – Very Funny Hindi Jokes Teacher – Sanju yamuna nadi kahon bahati hai ? Sanju – jameen par Teacher – nakshe mein bataon kahon bahati hai ?😡😡 Sanju – nakshe mein kaise bah sakti hai, naksha gal nahi jaega 😂😂😂😂😂",True,FunkyLife Hindi Chutkule,https://funkylife.in/teacher-student-jokes-hindi/
HJ-000850,teacher-student,funkylife-viral,hinglish,dialogue,"ganga nadi patiyala se nikalati hai – adhyapak aur Student chutkula adhyapak – bolo bachchon ganga nadi patiyala se nikalati hai | bhavana (chhatra ) – Sir nahi ganga nadi patiyala se nahi nikalati | prinsipal – mahoday aap bhi kaise adhyapak hai | ganga nadi patiyala se nahi gangotri se nikalati hai | adhyapak – prinsipal mahoday , ganga nadi patiyala se hi nikalati hai tatha tab tak nikalati rahegi , jab tak meri sat maheene kee tanakhah nahi mil jaati | 😜🤣🤣🤣🤣🤣🤣",True,FunkyLife Hindi Chutkule,https://funkylife.in/teacher-student-jokes-hindi/
HJ-000851,teacher-student,funkylife-viral,hinglish,dialogue,"sona adhik kahan hota hai – adhyapak aur ramesh majedar chutkula adhyapak ne ramesh se kaha – ramesh ! sona adhik kahan hota hai ? . ramesh ne kaha – ji ! jahan raten adhik lanbi hoti hai, vaheen sona adhik hota hai | 😜🤣🤣🤣🤣🤣🤣",True,FunkyLife Hindi Chutkule,https://funkylife.in/teacher-student-jokes-hindi/
HJ-000852,teacher-student,funkylife-viral,hinglish,dialogue,"nau sau choohe khakar billi – Master aur Pappu majedar hindi joks Master – nau sau choohe khakar billi …., …,chali. Pappu – nau sau choohe khakar billi tedhi-medhi chali. Master – tu pagala gaya hai kya ! nau sau choohe khakar billi haj ko jaati hai | Pappu – dekho Master sahab pahali baat yeh hai ki hum billi ko haj par kyu bhejen, nau sau choohe khakar toh billi se hila bhi na jayen | yeh billi hai, koi neta nahi hai ki jo kitna bhi khaye, chalate hi jaye | 😜🤣🤣🤣🤣🤣🤣",True,FunkyLife Hindi Chutkule,https://funkylife.in/teacher-student-jokes-hindi/
HJ-000853,teacher-student,funkylife-viral,hinglish,dialogue,"Student Teacher Jokes Chutkule  \n  adhyapika – kal mainne tujhe kutte par nibandh likhane ko kaha tha! tu likhakar kyu nahi laya? . rakesh – kya karoon Madam, jaise hi mainne kutte par pen rakha, woh bhag gaya! 😂😂😂😂😂😂😂😂",True,FunkyLife Hindi Chutkule,https://funkylife.in/teacher-student-jokes-hindi/
HJ-000854,teacher-student,funkylife-viral,hinglish,dialogue,kriket maich’ par nibandh – adhyapak aur Student ke majedar hindi chutakule adhyapak ne sabhi bachchon se ‘kriket maich’ par nibandh likhan ko kaha: .. sabhi Student apani-apani kapi lekar nibandh likhane mein jut gae. magar ?? Pappu chupachap baitha tha.. … adhyapak ne uski kapi dekhi aur dekhate hi behosh ho gaye. .. us par sirph Ek lain likhi thi: ‘barish kee vajah se maich sthagit kar diya gaya hai.‘ 😜😝😜😳😭😝,True,FunkyLife Hindi Chutkule,https://funkylife.in/teacher-student-jokes-hindi/
HJ-000855,teacher-student,funkylife-viral,hinglish,dialogue,"vailentain de par garlaphrend ke saath – Teacher aur Pappu majedar chutkula Teacher- kal kyu nahi aaya? Pappu- nahi bataoonga? Teacher chanta marakar- jaldi bata, Pappu- vailentain de par garlaphrend ke saath tha. Teacher- itana chhota hoke bhi garlaphrend ke saath ghoomata hai, kaun thi woh Ladki? Pappu- aapki beti !! (Teacher behosh) 😝😝🤣🤣🤣🤣🤣",True,FunkyLife Hindi Chutkule,https://funkylife.in/teacher-student-jokes-hindi/
HJ-000856,teacher-student,funkylife-viral,hinglish,dialogue,kabhi koi nek kam kiya hai – Teacher Student Jokes Teacher: tumane kabhi koi nek kam kiya hai? . Pappu-han Sir.. Ek bujurg dheere dheere apane ghar jaa rahe the.. mainne kutta peechhe laga diya jaldi pahunch gaye 😝😝🤣🤣🤣🤣🤣,True,FunkyLife Hindi Chutkule,https://funkylife.in/teacher-student-jokes-hindi/
HJ-000857,teacher-student,funkylife-viral,hinglish,dialogue,"sapane mein amareeka chala gaya – Funny Teacher Student jokes adhyapak – chitu tum kal school kyu nahi aaye ? chintu – Sir , kal main sapane mein amareeka chala gaya tha | adhyapak – theek hai ! pintu tum kyu nahi aaye? pintu – Sir , main chintu ko eyaraport chhodane gaya tha | 😝😝😝😝😝😝😝",True,FunkyLife Hindi Chutkule,https://funkylife.in/teacher-student-jokes-hindi/
HJ-000858,teacher-student,funkylife-viral,hinglish,dialogue,mobile me WhatsApp nahi hai – Funny Hindi Jokes Teacher tu boy: nalayak class me din bhar ladakiyo k saath itani bate kyu karta hai?….. boy: Sir me gareeb hu.! mere mobile me WhatsApp nahi hai.. 😝😝😝😝😝,True,FunkyLife Hindi Chutkule,https://funkylife.in/teacher-student-jokes-hindi/
HJ-000859,teacher-student,funkylife-viral,hinglish,dialogue,"Sir aap jinda kaise bach gaye – Funny Teacher Student Jokes school mein aag lag gayi sab Bacche khush the ki school nahi jaana padega, par Ek Baccha udas tha, adhyapak–Beta tum du:khi kyu ho? Baccha–Sir aap jinda kaise bach gae. 😝😝😝😝😂😂😂😂",True,FunkyLife Hindi Chutkule,https://funkylife.in/teacher-student-jokes-hindi/
HJ-000860,teacher-student,funkylife-viral,hinglish,dialogue,"jhooth nahi boloonga – Funny Child snd teacher jokes Ek Bacche ne class mein potti kar di. Teacher ne usko 50 rupaye ke jurmane kee parchi thama di. Bacche ne pucha yeh kya hai. Teacher- 30 rupaye potti ke aur 20 roopaye susu ke. Bacche ne jebu mein hath dala aur Teacher ko 55 rupaye die. Teacher- 5 rupaye zyada kyu? Baccha- sheeksha ke mandir mein baitha hoon jhooth nahi boloonga, Ek pad bhi mara tha 5 rupaye ka.😝😂😂🤣🤣🤣🤣",True,FunkyLife Hindi Chutkule,https://funkylife.in/teacher-student-jokes-hindi/
HJ-000861,teacher-student,funkylife-viral,hinglish,dialogue,"nyootan ka niyam – Teacher Student Funny Jokes Teacher :- nyootan ka niyam batao.. stoodent :- Sir poori lain toh yad nahi,, last ka yad hai. Teacher :- chalo last ka hi sunao stoodent :-…aur ise hi nyootan ka niyam kahate hai…!!!! 😆😝😂🤣🤣🤣",True,FunkyLife Hindi Chutkule,https://funkylife.in/teacher-student-jokes-hindi/
HJ-000862,santa-banta-style,funkylife-viral,hinglish,dialogue,"adhyapak – tajamahal kisne banaya ? Santa – ji, kareegar ne! adhyapak – mera matalab, banavaya kisne tha ? … … Santa – ji, thekedar ne …. !!! 😅😅😂😂😂😂😂",True,FunkyLife Hindi Chutkule,https://funkylife.in/teacher-student-jokes-hindi/
HJ-000863,santa-banta-style,funkylife-viral,hinglish,dialogue,"A B C sunao – Teacher And Santa Funny Jokes Teacher :- A B C sunao… Santa :- A B C Teacher :- aur sunao.. Santa :- aur sab badhiyan, aap sunao! 😝😝😝😝😝😝😝",True,FunkyLife Hindi Chutkule,https://funkylife.in/teacher-student-jokes-hindi/
HJ-000864,pappu-style,funkylife-viral,hinglish,dialogue,Pappu ne angrezi mein transalet kiya -adhyapak aur Pappu joks adhyapak :- santosh aam khata hain is vaky ko angreji mein transalet karo? . Pappu ne angrezi mein transalet kiya :- Satisfaction is General Account!! 😜🤣🤣🤣🤣🤣,True,FunkyLife Hindi Chutkule,https://funkylife.in/teacher-student-jokes-hindi/
HJ-000865,pappu-style,funkylife-viral,hinglish,dialogue,"chennaayi nam kyoon rakha gaya – gurooji aur Pappu ka majedar chutkula guruji : bachchon mujhe batao, pahale jis jagah ka nam madras tha ab use kis nam se jaana jaata hai..? Pappu : chennaayi . guruji : bilakul sahi jawab.. ab mujhe yeh batao ki yeh chennaayi nam kyoon rakha gaya..? Pappu : kyonki, Sir vahan ke log loongi pahanate hain. aur loongi mein paint kee tarah chain nahi hoti.. isalie (chain nahi) chennaayi yeh nam rakha gaya..!! 😒 guruji ne use paint phatane tak mara.. 😜🤣🤣🤣🤣🤣🤣",True,FunkyLife Hindi Chutkule,https://funkylife.in/teacher-student-jokes-hindi/
HJ-000866,engineer,funkylife-viral,hinglish,dialogue,"skoolon mein bole jane vale chutakule  \n  deevar ke aar-par dekhane vali cheej – majedar injeeniyaring stoodent chutkula injeeniyaring ke stoodent – Sir, humne college mein Ek aisi cheej banaayi hai…jisaki sahayata se aap deevar ke aar-par dekh sakte hain… Sir (khush hote hue) – vah ! kya baat hai…kya cheej hai woh 😊😊? student – chhed…😂😂😂 Sir – de thappad… de thappad… 🤣🤣🤣🤣🤣🤣🤣🤣",True,FunkyLife Hindi Chutkule,https://funkylife.in/teacher-student-jokes-hindi/
HJ-000867,boyfriend-girlfriend,funkylife-viral,hinglish,dialogue,"Teen nayi garlaphrend – Best Teacher Student Jokes adhyapak – rohan, agar tumhare paas pandrah seb hon jinamen se chha: tum nirmala ko de Do, Chaar sunita ko de Do aur Paanch dauli ko de Do toh tumhe kya milega? rohan – Sir ! mujhe Teen nayi garlaphrend milegi 😁😁😁😆😆😆😆",True,FunkyLife Hindi Chutkule,https://funkylife.in/teacher-student-jokes-hindi/
HJ-000868,whatsapp,funkylife-viral,hinglish,one-liner,aapko pata chal hi gaya hoga kee isamen aapko WhatsApp joks milenge😁. mai aapko bata doon yeh joks bahut hi dhamakedar hain aap jisako bhi yeh send karenge woh apani hansi nahi rok paega. aaj ke zamane mein isse badi baat kya hogi kee aapki vajah se kisi ke chehare par muskan aaayi. aap padh kar dekhie aapak khud apani hansi nahi rok paenge 😎. agar joks pasand aaen toh forward keejie apane WhatsApp grup par😊 aur doosaron ko bhi hansaie. 😊 Keep smiling keep reading ❤️,True,FunkyLife Hindi Chutkule,https://funkylife.in/whatsapp-jokes/
HJ-000869,whatsapp,funkylife-viral,hinglish,one-liner,"Baccha dadi ke paas aaya aur bola dadi man aap te…. bol kar dikhao 🧓te… 👶phir se bolo te.. 👶kitna badhiya bolati hain. aap Mummy ko kyu nahi suna deteen !! 🧓kya matalab teri Mummy ko kyu sunaoon? 👶woh apaneen saheliyon se kah rahi theen, iski dadi pata nahi kab te….bolengi. 😜😜😂😂🤣🤣🤣🤣",True,FunkyLife Hindi Chutkule,https://funkylife.in/whatsapp-jokes/
HJ-000870,whatsapp,funkylife-viral,hinglish,dialogue,"Most Funny CA Jokes Ek Pita apani beti ke liye Ladka dekhane gaya. unhone ladake ke Pita se pucha- chhoro kaayi kare hai? ladake ka Pita- sei hai. unhone pucha – chhora kee Behen kaayi kare hai? ladake ka Pita- ba bhi sei hai. unhone phir pucha- chhora kee man kai kare hai? ladake ka Pita- ba bhi sei hai. unhone phir pucha- are vah! sab sei hai, matalab aap bhi sei hi honga? ladake ka Pita- na na… main toh ghaghara blaunj kateeng karu … yeh sab log sei hain. 😝😝😝😂😂😂🤣🤣🤣",True,FunkyLife Hindi Chutkule,https://funkylife.in/whatsapp-jokes/
HJ-000871,whatsapp,funkylife-viral,hinglish,dialogue,"Very Funny Husband Wife Jokes Wife : mehaman aa rahe hain aur ghar mein dal ke sivay kuchh bana nahi hai. Husband : jab ve aaen toh kitchen mein Ek bartan gira dena, aur jab main poochhu toh kahana ki shahi paneer gir gaya! phir doosara bartan girana aur kahana paneer bhujji bhi gir gayi !! phir main kahoonga chalo dal hi le aao.. mehamanon ke aane ke bad bartan girane kee aavaz aayi, Husband : kya huaa?? Wife : bhangada pa le kanjara.. dal hi gir gayi !! 😝😝😝😂😂😂🤣🤣",True,FunkyLife Hindi Chutkule,https://funkylife.in/whatsapp-jokes/
HJ-000872,whatsapp,funkylife-viral,hinglish,dialogue,"Dada Dadi Funny WhatsApp Joke Ek baar Ek dada – dadi ne javani ke dinon ko yad karane ka phaisala kiya. … agale din dada phool le kar vaheen pahuncha jahan woh javani mein mila karte the, vahan khade-khade dada ke pairon mein dard ho gaya lekin dadi nahi aayi. ghar jaa kar dada gusse se, “aayi kyu nahi? dadi sharmate hue,” Mummy ne aane nahi diya"". 😝😝😂😂😂🤣🤣🤣",True,FunkyLife Hindi Chutkule,https://funkylife.in/whatsapp-jokes/
HJ-000873,whatsapp,funkylife-viral,hinglish,dialogue,Very Funny WhatsApp Joke in Hindi Ek baar Ek badashah ne khushi mein sab kaidi riha kar diye. … un kaidiyon mein badashah ne Ek kaidi ko dekha jo bahut hi bujurg tha. .. badashaha: tum kab se kaid mein ho? . bujurg: aap ke abba ke daur se. .. yeh sunakar badashah kee aankhon mein aansu aa gaye aur bola.. “isko dobara kaid karo yeh abba kee nishani hai.” 😭😝😬😂😂🤣🤣,True,FunkyLife Hindi Chutkule,https://funkylife.in/whatsapp-jokes/
HJ-000874,whatsapp,funkylife-viral,hinglish,dialogue,Gareeb Aadmi Majaak Jokes Ek gareeb aadmi bola:- aisi jindagi se toh maut acchi..!🙂 achanak yamadoot aaya aur bola:- tumhari jan lene aaya hoon..?😏 aadmi bola:- lo ab gareeb aadmi mazak bhi nahi kar sakta..? 😐😬😝😂🤣🤣,True,FunkyLife Hindi Chutkule,https://funkylife.in/whatsapp-jokes/
HJ-000875,whatsapp,funkylife-viral,hinglish,dialogue,"Latest WhatsApp jokes Images  \n  Baccha :-nal se aate paani ko dekhakar bola, Papa yeh paani kahan se aata hai ? Papa .- Beta nadi se…. Beta .-toh phir mujhe nadi dekhani hai. Papa use nadi dikhane le jaate hain. Baccha unhe nadi mein dhakka marakar gira deta hai. aur bhagata huaa ghar aakar man ko kahata hai. Mummy jaldi se nal kholo ,Papa aate honge 🤣🤣🤣🤣🤣🤣",True,FunkyLife Hindi Chutkule,https://funkylife.in/whatsapp-jokes/
HJ-000876,whatsapp,funkylife-viral,hinglish,dialogue,"TV Reporter Ek jakhmi se pucha . jab bomb gira toh kya woh zor se gira ? jakhmi gusse me: nahi sale, woh rengata huaa mere paas aaya aur sharma ke bola dhummm 😝😝🤣🤣🤣",True,FunkyLife Hindi Chutkule,https://funkylife.in/whatsapp-jokes/
HJ-000877,whatsapp,funkylife-viral,hinglish,dialogue,Ek Ladki ka phone tayalet me gir gaya. ….. TOILET se “jinnn” prakat huaa.. ….. “jinn ” ne Ladki ko gold ka phone diya aur kaha yeh lo tumhara phone… …. Ladki ne ‘kulhadi’ vali kahani sun rakhi thi . isalie eemanadari ka parichay dete hue kaha yeh sone ka phone mera nahi hai. jinn:- pagali rulaegi kya ? dho ke dekh tera hi hai. 🤣🤣🤣🤣🤣🤣,True,FunkyLife Hindi Chutkule,https://funkylife.in/whatsapp-jokes/
HJ-000878,whatsapp,funkylife-viral,hinglish,dialogue,"Different age groups Funny Joke 1st to 3rd class: Hey, I studied everything for exam. . 4th to 6th class: Hey That question was very hard, so I leave only that question. . 7th to 10th class: Hey, Read-only important questions. . 11th class: I think 4 chapters are enough 2 get pass. . 12th class: Kal exam Kaun sa hai yaar ?? . And in college: Saalo bataa to dete aaj exam hai, main toh pen bhi nahi laya 😝😝😝🤣🤣🤣🤣",True,FunkyLife Hindi Chutkule,https://funkylife.in/whatsapp-jokes/
HJ-000879,whatsapp,funkylife-viral,hinglish,one-liner,"phani deshi WhatsApp joks in hindi Ek baar Ek videshi kutta bharat aa gaya… . deshi kutto ne pucha, Bhai aapke wahan koi kami hai jo aap yahan aa gaye ? . usne kaha, mere wahan ka rahan sahan, vatavaran, khan pan, jeevan star sab kuchh yahan se zyada accha hai. . lekin bhaukane kee jaisi aajadi bharat mein hai aisi sansar mein kaheen nahi hai. 😝😝😂😂😂😂",True,FunkyLife Hindi Chutkule,https://funkylife.in/whatsapp-jokes/
HJ-000880,whatsapp,funkylife-viral,hinglish,dialogue,"Hindi WhatsApp Joke  \n  main: hailo, pizza hat? woh: Yes sir, how can I help you? main: 3 bade aur 1 chhota pijza bhej do. vaha: kisake nam par? main: bhagavan ke nam par 😝😝😂😂😂😂",True,FunkyLife Hindi Chutkule,https://funkylife.in/whatsapp-jokes/
HJ-000881,whatsapp,funkylife-viral,hinglish,one-liner,😁😁dil fad shayari😁😁 machchhar ne aapko kata … yeh uska junoon tha vah vah vah… machchhar ne aapko kata… yeh uska junoon tha phir aapane wahan khujaya … yeh aapka sukoon tha par chah kar bhi aap use mar nahi paye gaur faramaiye hujoor … chah kar bhi aap use mar nahi paye kyonki uski ragon mein aap hi ka khoon tha…!!! . yeh kahalata hai khoon ka rishta. 😂😂😂😂😂😂😂,True,FunkyLife Hindi Chutkule,https://funkylife.in/whatsapp-jokes/
HJ-000882,whatsapp,funkylife-viral,hinglish,dialogue,Whatsapp Funny Messages in Hindi  \n  1 chhote Bacche ne kabhi apana pichhavada nahi dekha… 1 din medam ne uske pichhavade pe khoob mara.. Baccha ghar ke aaine mein pichhavade dekhate hue bola ale Baap le – Do tukale kar diye.. 👶👶😂😂😂😂,True,FunkyLife Hindi Chutkule,https://funkylife.in/whatsapp-jokes/
HJ-000883,whatsapp,funkylife-viral,hinglish,dialogue,"Pita beti vhatsaepajoks Pita :- apani beti se beti, pahale tum mujhe Papa bulati thi, ab daid kyu kahane lagi ho…? . beti – woh Papa bolane se meri lipastik kharab ho jaati hai na…!!! 😂😂😂😂😂",True,FunkyLife Hindi Chutkule,https://funkylife.in/whatsapp-jokes/
HJ-000884,whatsapp,funkylife-viral,hinglish,one-liner,"veri phani WhatsApp joks in hindi agar aap English padhana janate ho toh ise phataphat padh ke dikhao Мy А Мy They My A My They My They They My A My They They A My A My They They My , maf karo chhutta nahi hai doosare grup mein jao.😝😝 maja aaya bheekh mangane me naya Bhikhari dhoodhane ke liye jaldi kisi aur ko phoravard kar Do 🤣🤣🤣🤣🤣🤣🤣",True,FunkyLife Hindi Chutkule,https://funkylife.in/whatsapp-jokes/
HJ-000885,whatsapp,funkylife-viral,hinglish,dialogue,sadak par Ek Ladki chakkar kha kar gir padi Ek tau chilla kar bola “koi nimbu soda lao re” Ek Ladka bhag kar bees rupaye kharch kar neenbu soda le aaya aur uske aate hi tau ne neenbu soda lekar khud pi gaya aur bola- ‘ mujhse aise hadase dekhe nahi jaate” 😝😝😝🤣🤣🤣,True,FunkyLife Hindi Chutkule,https://funkylife.in/whatsapp-jokes/
HJ-000886,whatsapp,funkylife-viral,hinglish,dialogue,"phani bhojapuri tota WhatsApp joks “Ek chidiyaghar mein Ek tote ke pinjade ke bahar likha tha inglish, hindi aur bhojapuri bolane vala tota”. . Ek aadmi ne is baat ko test karane ke liye tote se pahale inglish mein pucha — hu aar yu? tota — aayi em paireta. . aadmi (hindi mein) — tum kaun ho?,… tota — main Ek tota hoon. . aadmi (is baar bhojapuri mein)– tu ke hav ?, … tota — tahar Baap sarau… ekaayi bateeya Chaar beri puchhat hauve sare , patak ke latiya de b …. 😂😂😂😂🤣🤣🤣🤣",True,FunkyLife Hindi Chutkule,https://funkylife.in/whatsapp-jokes/
HJ-000887,whatsapp,funkylife-viral,hinglish,one-liner,"naye WhatsApp joks naye sanskara: yadi aapke ghar koi padharen toh use paani poochhane se pahale kahiye pranam, laiye main aapka phone charjing par laga den . kasam se dil se duaa dega samane vala…. phir mithaayi biskut poochhane se pahale poochhaie kya aap WI FI ka pasavard lena chahenge? mehaman khushi se pagala jayega ! atithi devo bhava:. 😁😁😁😁😁😂😂",True,FunkyLife Hindi Chutkule,https://funkylife.in/whatsapp-jokes/
HJ-000888,whatsapp,funkylife-viral,hinglish,dialogue,"Funny Jokes In Hindi For WhatsApp  \n  mere Ek shubhachintak ne mujhe yeh sujhav diya ki wife se bahas se nahi jeeto, balki apani muskan se harao. mainne prayas kiya….. Wife boli-bahut zyada hansi aa rahi hai tumako ojakala??lagata hai. tumhara bhoot utarana padega .. 🤣🤣🤣",True,FunkyLife Hindi Chutkule,https://funkylife.in/whatsapp-jokes/
HJ-000889,whatsapp,funkylife-viral,hinglish,one-liner,"khataron ke khiladi WhatsApp joks “”ise padhana mana hain” (khatara) jahan likha hota hain, thookana mana hain. log vaheen thookate hain. jahan likha hota hain, kachara phekana mana hain. log vaheen kachara phekate hain. jahan likha hota hain, gaadi khada karna mana hain. log vaheen gaadi khada karte hain. jahan likha hota hain, is kam ko nahi karna hain. log usi kam ko janaboojh ke karte hai. ab aap apane ko hi dekh leejie, sabase oopar likha hain""ise padhana mana hain”. lekin padhegen jaroor….. ..” 🤣🤣🤣🤣🤣🤣🤣🤣🤣",True,FunkyLife Hindi Chutkule,https://funkylife.in/whatsapp-jokes/
HJ-000890,whatsapp,funkylife-viral,hinglish,dialogue,"Girlfriend Boyfriend Jokes for Whatsapp Ek Ladki apane bvoyaphrend ko apane ghar aane ka rasta bata rahi thi.!! “dekho, bilding ke andar aakar baeen taraf lift hai.!! lift mein aakar apani kohani se 9 nambar ka batan dabana jab nauven flor par aa jao toh rait haind par doosara flait hamara hai. yahan aakar apani kohani se ghanti ka batana dabana, main daravaza khol doongi . bvoyaphrend: lekin sveetahart yeh sab batan main ungali se dabaoonga toh zyada aasani hogi🙄 Ladki: oh maayi god!!!… matalab tum khali hath aa rahe ho?!!!!😨😨 😜😜😜😜😜😜😜",True,FunkyLife Hindi Chutkule,https://funkylife.in/whatsapp-jokes/
HJ-000891,whatsapp,funkylife-viral,hinglish,dialogue,"Ladka:- man divali aane vali hai. is baar patakhe is dukaan se lunga! man:-haramajade, yeh patakhon kee dukaan nahi ladakiyon ka hostal hai. Ladka:- mujhe kya pata,, Ek din Papa kah rahe the ki yahan Ek Ek dhansu patakhe hai.. 😂😂😂😂😂😂",True,FunkyLife Hindi Chutkule,https://funkylife.in/whatsapp-jokes/
HJ-000892,whatsapp,funkylife-viral,hinglish,dialogue,hindi Ladka Ladki WhatsApp joks Ladka Ladki dekhane gaya: unko baat karane ke liye akele baitha diya gaya .. Ladki darate darate: bhaiya aap kitne Bhai bahin ho? Ladka:abhi tak Teen the ab Chaar ho gaye 😝😝😂😂😂🤣🤣,True,FunkyLife Hindi Chutkule,https://funkylife.in/whatsapp-jokes/
HJ-000893,whatsapp,funkylife-viral,hinglish,dialogue,"phani WhatsApp joks in hindi kuchh log Whatsapp par bus Do hi stetas post karte hain. pahala:– Good Morning doosara:– Good Night . aisa lagata hai, jaise Whatsapp kee dukaan ka shatar kholane aur band karane kee jimmedari inaki hai aur mal khareedane bechane kee jimmedari hamari 😆😆😆😂😂😂😂",True,FunkyLife Hindi Chutkule,https://funkylife.in/whatsapp-jokes/
HJ-000894,whatsapp,funkylife-viral,hinglish,one-liner,jo dar gaya woh mar gaya WhatsApp joks japan me 2 Bhai rahate the . Ek ka nam “jo ” tha. dusare ka nam “woh ” tha. Ek raat “jo ” ko batharoom me bhoot dikha . “jo ” dar gaya aur usne “woh “ko aavaj lagaayi “woh ” daudate hue batharoom me aaya aur bhoot ko dekhate hi uska hart phel ho gaya. aur “woh “ mar gaya. bus usi din se kahavat ho gayi . “jo ” dar gaya. “woh ” mar gaya . 😁😁😆😆😂😂😝🤣🤣,True,FunkyLife Hindi Chutkule,https://funkylife.in/whatsapp-jokes/
HJ-000895,whatsapp,funkylife-viral,hinglish,dialogue,"phani Grahak WhatsApp joks Grahak- tumhari bhains kee Ek aankh kharab hai, phir bhi tum iske ra25000 mang rahe ho . aadmi- tumhe bhains doodh ke liye chahiye ya nain matakka ke liye chahiye? 😝😆😝😂😂😂",True,FunkyLife Hindi Chutkule,https://funkylife.in/whatsapp-jokes/
HJ-000896,whatsapp,funkylife-viral,hinglish,one-liner,"malik naukar phani WhatsApp jok malik ne naukar se kaha machchhar mar Do bahut ho gaye hain…. naukar aalas mein pada raha…. thodi der bad bhi machchhar gunaguna rahe the.. malik ne phir naukar se kaha machchhar mare nahi kya …? naukar ne malik se kaha machchhar toh kab ke mar diye, yeh toh unke vidhava patniyon ke rone kee aavaj hai. 😆😆😝😝😂😂😂🤣🤣",True,FunkyLife Hindi Chutkule,https://funkylife.in/whatsapp-jokes/
HJ-000897,whatsapp,funkylife-viral,hinglish,dialogue,"deshi WhatsApp joks in hindi Ek bhains jangal mein ghabaraayi hui bhagi jaa rahi thi, Ek choohe ne pucha kya huaa Behen, kahan bhagi jaa rahi ho bhains– jangal mein hathi ko pakadane police aayi hui hai chooha–toh tum kyu bhag rahi ho,tum toh hathi nahi ho bhains– yeh indiya hai miyan,pakade gaye toh 20 sal yeh sabit karane mein lag jayenge,ki main hathi nahi bhains hoon.. hat teri kee yeh sunakar chooha bhi bhagane laga 😂😂😂😂😂🤣🤣",True,FunkyLife Hindi Chutkule,https://funkylife.in/whatsapp-jokes/
HJ-000898,whatsapp,funkylife-viral,hinglish,dialogue,"WhatsApp ke chutakule  \n  bevakoof angrez phani WhatsApp joks angrej sipahi se,- is aadmi ka kan kat Do aadmi – nahi mera kan mat kato nahi toh main andha ho jaoonga angrej- bevakoof koi kan katane se andha hota hai. aadmi – are bevakoof kan kat dega toh chashma kya tere Baap ke kan par lagaunga 😝😝😂😂😂🤣🤣🤣",True,FunkyLife Hindi Chutkule,https://funkylife.in/whatsapp-jokes/
HJ-000899,whatsapp,funkylife-viral,hinglish,dialogue,Mummy Beta phani WhatsApp joks Beta : Mummy aap jaise mujhe marati ho vaise nani bhi aapko marati thi kya? Mummy : bilakul marati thi Beta : toh yeh khanadani gundagardi kabatak chalegi! 😝😝😂😂😂😂😂,True,FunkyLife Hindi Chutkule,https://funkylife.in/whatsapp-jokes/
HJ-000900,whatsapp,funkylife-viral,hinglish,one-liner,"hasy chutakule hindi mein  \n  kharagosh aur lohar phani WhatsApp joks Ek kharagosh roz Ek lohar kee dukaan par jaata aur poochhata gajar hai??? lohar inkar kar deta. Ek din lohar ko bahut gussa aaya aur usne pakadakar kharagosh ke dant tod die. aur kaha ab tu""gajar kha ke dikha? phir ?phir kya agale din kharagosh aaya aur poochhane laga “gajar ka halava hai kya???” ise kahate hain attitude 😝😝😝😂😂😂🤣🤣🤣",True,FunkyLife Hindi Chutkule,https://funkylife.in/whatsapp-jokes/
HJ-000901,whatsapp,funkylife-viral,hinglish,one-liner,"naye WhatsApp chutakule hamare pitaji ke samay mein dadaji gate the mera nam karega roshan, jag mein mera raj dulara, hamare zamane mein humne gaya Papa kahate hai bada nam karega, . ab hamare Bacche ga rahe hain… bapu sehat ke liye tu toh hanikarak hai! 😝😝😝😝😂😂😂",True,FunkyLife Hindi Chutkule,https://funkylife.in/whatsapp-jokes/
HJ-000902,whatsapp,funkylife-viral,hinglish,one-liner,phani aalasi WhatsApp chutakule bharat mein kul 22546464372 log aalasi hain .. inamen se toh kuchh toh itane aalasi hain ki unhone abhi oopar likhi sankhya bhi nahi padh..!! na munna na… ab mat padh teri ginati isamen ho gayi hai….. 😝😝🤣🤣🤣🤣🤣,True,FunkyLife Hindi Chutkule,https://funkylife.in/whatsapp-jokes/
HJ-000903,whatsapp,funkylife-viral,hinglish,dialogue,"WhatsApp Jokes Status  \n  nepali naukar phani WhatsApp chutkula nepali naukar : (subah subah)- o shab ji!! motar kharab ho gaayi.. sahab ji bada pareshan ab kya karun?? is kambakht motar ko bhi subah hi kharab hona tha. naukara: kya karoon shab ji phaink den ishako kya? sahab ji : pagal hai kya, karavata hoon shaam tak theek. naukar : theek hai shab ji toh phir aaj aalu mein motar ke badale gobi dal deta hoon shab ji ….. sahab : de chappala…de chappal 😝😝😝😂😂😂🤣🤣🤣🤣",True,FunkyLife Hindi Chutkule,https://funkylife.in/whatsapp-jokes/
HJ-000904,whatsapp,funkylife-viral,hinglish,dialogue,"baniya aur panjabi Bhai phani joks sadak ke is par Ek panjabi Bhai kee dukaan thi. sadak ke us par Ek baniye ka naya stor khula aur sain board laga ki makkhan 100 rupaye ! . agale din panjabi Bhai kee dukaan par sain board tha, makkhan 90 rupaye ! . uske agale din banie ke sain board par makkhan 80 rupaye ! . isi chakkar kee bina par aur Do din bad banie ke sain board par makkhan 60 rupaye tanga tha! . is silasile par nigah rakhane vale Ek Mitra tab panjabi Bhai ke paas pahunche aur samajhaya ki Bhai, ‘woh baniya badi paise vali party hai, woh ghata khakar bhi lanbe samay tak apana makkhan ya mal bech sakte hain. tum uske samane zyada samay tak tik nahi paoge. . 🧔panjabi Bhai ne Mitra ko dekha, uski taraph jhuke aur rajadarana lahaje mein kaha – praji,main te makkhan bechada hi nahi 🤓😝😜🤣🤣🤣🤣",True,FunkyLife Hindi Chutkule,https://funkylife.in/whatsapp-jokes/
HJ-000905,whatsapp,funkylife-viral,hinglish,dialogue,"phani WhatsApp stetas joks police – tumhare samane Chor us Ladki ka. pars chheen raha tha aur tumane uski koi madad nahi ki. . Ladka – mein us Ladki ko janata hoon, . uska WhatsApp stetas hai – “I can handle my problems. Mind your own business… Don’t underestimate the power of woman.”",True,FunkyLife Hindi Chutkule,https://funkylife.in/whatsapp-jokes/
HJ-000906,whatsapp,funkylife-viral,hinglish,dialogue,police – phir theek hai maran de…. 😂😂😂😂😂😂😂😂😂,True,FunkyLife Hindi Chutkule,https://funkylife.in/whatsapp-jokes/
HJ-000907,whatsapp,funkylife-viral,hinglish,one-liner,"WhatsApp Jokes Chutkule in Hindi  \n  shaharee Ladka Dehaati Mahila Funny Jokes In Hindi Ek shahari Ladka nadi mein battakhon par nishana laga raha tha nisana chuk gaya aur paani bhar rahi Ek dehati mahila ka ghada phut gaya. woh us stri ke paas gaya aur bola ‘sorry for that’ us aurat ne Ek jhannatedar thappad mara, . “dahijara ke nati ! Ek tau ghada phori dihis oopar se kahat hai ‘sadi phar deb “, are hum tohar kareja nikar leb .. 😝😝😝🤣🤣🤣",True,FunkyLife Hindi Chutkule,https://funkylife.in/whatsapp-jokes/
HJ-000908,whatsapp,funkylife-viral,hinglish,dialogue,"gajab parivar Funny Jokes In Hindi Ek parivar me 5 bahane thi.. Ek ka nam tha -: tooti doosari ka nam -: phati teesari ka nam -: pheeki chauthi ka nam -: mari panchavi ka nam -: bhootani Ek din unke ghar par Ladki dekhane ke liye mehaman aaye! Mummy ne pucha, aap kursi par baithegen ya neeche chataayi par? mehaman:- kursi par Mummy :- tooti!! kursi lekar aao mehaman :- nahi nahi, hum chataayi par baith jayenge Mummy :- phati!! chataayi lekar aao mehaman :- rahane deejie, hum jameen par hi baith jayenge mehaman jameen par baith gaye) Mummy :- aap chai peeainge ya doodh? mehaman :- chai Mummy :- pheeki!! chai lekar aao mehaman :- nahi nahi, chai rahane Do, humein doodh le aao Mummy :- mari!! bhes ka doodh leke aao mehaman :- rehene deejiye humein kuchh bhi nahi chahiyen sirph Ladki dikhaeeye Mummy :- betiyon!! bhootani ko lekar aao mehaman:- behosh! 😂😂😂😂🤣🤣🤣🤣🤣",True,FunkyLife Hindi Chutkule,https://funkylife.in/whatsapp-jokes/
HJ-000909,whatsapp,funkylife-viral,hinglish,dialogue,"Long WhatsApp Jokes in Hindi  \n  Ladka Ladki Funny Jokes In Hindi “Ek ladake ne Ek Ladki ko prapoj kiya toh Ladki ne mana kar diya. ladake ne kaha : main Ek maheene tak tumhare ghar ke neeche khada rah kar tumhara intajar karoonga. Ek maheene bad Ladki ne us ladake se kaha, ‘aayi lav yu.’ Ladka: rahane Do, ab tumhari padosan set ho gayi hai.” 😝😝😂😂🤣🤣🤣",True,FunkyLife Hindi Chutkule,https://funkylife.in/whatsapp-jokes/
HJ-000910,doctor-patient,funkylife-viral,hinglish,dialogue,"Doctor-patient Funny WhatsApp Joke Patient : “Doctor sahab, is priskeepshan mein aapane jo davaiyan likhi hain, uname se sabase oopar kee nahi mil rahi hain.😐😕😟 … doktara: ” woh davaayi nahi hai, main toh pen chalakar dekh raha tha,chal raha hai ki nahi…!! … Patient: abe kameene…main 52 medikal shop ghoom ke aaya hoon teri haindaraiting ke chakkar mein .😡 … sala Ek medikal vale ne toh yeh bhi kaha! kal manga doonga…. … doosara kah raha tha….ye kanpani band ho gayi….doosari kanpani kee doon kya?? …. teesara kah raha tha….isaki bahoot dimand chal rahi hai….. yeh toh blek mein hi mil payegi! …. sala chautha toh bahoot hi edavans tha…ye toh kainsar kee davaayi hai… kainsar kisko ho gaya?? 😝😝😂😂😂🤣🤣🤣🤣",True,FunkyLife Hindi Chutkule,https://funkylife.in/whatsapp-jokes/
HJ-000911,doctor-patient,funkylife-viral,hinglish,dialogue,Doctor aur chintu WhatsApp joks Doctor – motape ka Ek hi ilaj hai. . chintu – kya Doctor…? . Doctor – tum roz Ek roti khao. . chintu – yeh Ek roti khane ke bad khani hai ya khane se pahale…? . Doctor sahab behosh….!! 🤣🤣🤣🤣🤣🤣🤣,True,FunkyLife Hindi Chutkule,https://funkylife.in/whatsapp-jokes/
HJ-000912,doctor-patient,funkylife-viral,hinglish,dialogue,"rogi aur Doctor phani WhatsApp joks rogi : Doctor sahab, aapane sir, badan aur jodo mein hone vala dard bilakul theek kar diya ab Ek takaleeph rah gayi hai. ki mujhe paseena nahi aata. . Doctor : chinta mat karen, mera bil dekhakar aapki yeh takaleeph bhi door ho jaegi 😬😁😁😂😂😂😂😂😂",True,FunkyLife Hindi Chutkule,https://funkylife.in/whatsapp-jokes/
HJ-000913,doctor-patient,funkylife-viral,hinglish,dialogue,"phani garlaphrend boyaphrend WhatsApp joks train mein… premika – janu, mere sir mein bahut dard hai. premi ne Ladki ke sir ko choomate hue pucha; ab sahi huaa? premika – han, ab bilkul sahi ho gaya… paas mein hi khada Ek Doctor bola- lanat hai meri emabeebeees kee digri par 😂😂😂😂🤣🤣🤣",True,FunkyLife Hindi Chutkule,https://funkylife.in/whatsapp-jokes/
HJ-000914,doctor-patient,funkylife-viral,hinglish,dialogue,"Doctor mareez phani WhatsApp joks Doctor – aapko kya bimari hai ? mareez – pahale aap vada karo kee hansoge nahi . Doctor – OK Promise mareez ne apani tange dikhaayi jo machis kee teeli jitani patali thi . Doctor ko yeh dekh ke hansi aa gayi. mareez – aapane na hansane ka vada kiya tha. Doctor – accha Sorry ab takaleeph batao. mareez – Doctor sahab, yeh sooj gayi hai . Doctor – hahahaha bhag sale tu aaya hi hansane ke liye hai. 😝😝😂😂😂😂😂",True,FunkyLife Hindi Chutkule,https://funkylife.in/whatsapp-jokes/
HJ-000915,doctor-patient,funkylife-viral,hinglish,dialogue,malik naukar phani WhatsApp joks malik: time kitna ho raha hai? naukara: mujhe time dekhana nahi aata. . malika: ghadi dekhakar batao ki badi sui aur chhoti sui kahan hai? naukar: donon suiyan ghadi mein hain. 😝😝😝🤣🤣🤣🤣,True,FunkyLife Hindi Chutkule,https://funkylife.in/whatsapp-jokes/
HJ-000916,doctor-patient,funkylife-viral,hinglish,dialogue,"Doctor-Patient Funny Jokes In Hindi 65 sal ke bujurg ne aspatal mein Doctor se kaha :- Dr. sahab mai zyada paise dene ko taiyar hoon par mere ilaj ke poore samay nars jara sundar rakhana. Doctor :-🤔🤔 ankal is umr mein aap aisi baat kar rahe hai..? ankal :- Doctor, aap galat samajh rahe hain, mere Do bete hain. nars sundar hogi toh, donon kameene subah-shaam Do baar mere hal poochhane aaenge…!! 😬😝😝😂😂🤣🤣",True,FunkyLife Hindi Chutkule,https://funkylife.in/whatsapp-jokes/
HJ-000917,doctor-patient,funkylife-viral,hinglish,dialogue,"Whatsapp Jokes in Hindi Text  \n  Doctor Mareez Funny Jokes In Hindi Doctor : tabiyat kaisi hai..? mareez : pahale se zyada kharab hai. Doctor : davaayi kha lee thi.? mareez khali nahi thi bhari hui thi.. Doctor : mera matalab hai davaayi le lee thi.? mareez : ji aap hi se toh lee thi. daktar : bevakoof !! davaayi pi lee thi.? mareez nahi ji, davaayi neeli thi.. Doctor : abe gadhe !! davaayi ko pi liya tha.? mareez nahi ji., peeliya toh mujhe tha. Doctor : ullu ke patte ! davaayi ko khol ke munh mein rakh liya tha.? mareez : nahi aap hi ne toh kaha tha ki phrij mein rakhana.. Doctor : abe kya mar khayega..? mareez nahi davaayi khaoonga. Doctor : nikal sale, tu pagal kar dega. mareez : jaa raha hoon, phir kab aaoon..? Doctor : marane ke bad.. mareez marane ke kitne din bad.? Doctor behosha. 😝😝😂😂🤣🤣🤣🤣",True,FunkyLife Hindi Chutkule,https://funkylife.in/whatsapp-jokes/
HJ-000918,husband-wife,funkylife-viral,hinglish,dialogue,"Funny Husband Wife WhatsApp Chutkule Ek aadmi kee Patni mar gayi! jab use shmashan le jaya jaa raha tha, toh poore raste bechara Pati ro raha tha ! “mujhe akela chhodakar kaha chali gayi ab kaun hai. mera is duniya mein??” …. paas khadi Ladki ne saheli se kaha- yeh apani Patni se kitna pyar karta hai. kash iska pata mere paas hota toh main isse shaadi kar leti!! …. rote hue Pati ne us Ladki kee baat sun lee!! woh aur bhi zyada oonchi aavaz mein rote hue bola “raju gupta ko gali nanbar 4, makan nanbar 12 mein akele chhodakar kaha chali gayi tum!!” 😭😭😬😝😝😂😂🤣🤣",True,FunkyLife Hindi Chutkule,https://funkylife.in/whatsapp-jokes/
HJ-000919,husband-wife,funkylife-viral,hinglish,dialogue,"phani guptaji aur bhabhi joks gupta ji gumasum baithe the… pucha kya huaa.? toh bole… Bhai ab kya bataoon, aapki bhabhi ne nak katava dee . mainne pucha: woh kese? . gupta ji: hum donon toilet philm dekhane gaye the, trephik ke karan philm mein kuchh der se pahunche menne pucha: isamen kya nak katava dee ? woh bole: teri bhabhi sare mohalle mein kahati phir rahi hai ki…""men aur patidev toilet gaye the, let ho gay toh thodi si nikal gayi” ab mein kis-kis ko samajhaoon 😝😝😝😝😝",True,FunkyLife Hindi Chutkule,https://funkylife.in/whatsapp-jokes/
HJ-000920,husband-wife,funkylife-viral,hinglish,dialogue,"husband Wife Funny WhatsApp Joke Ek aadmi ke fon par anajan nanbar se kol aaya. Ladki – kya aap shadeeshuda hain? aadmi – nahi, par aap kaun ho . Ladki – tumhari Biwi, aaj ghar aana phir bataungi. . thodi der bad phir anajan nanbar se kol aaya . Ladki – kya aap shadeeshuda ho ? aadmi – han, par aap kaun ? Ladki – tumhari garlaphrend, dhokebaz . aadmi – sori Yaar, mujhe laga meri Biwi hai. Ladki – Biwi hi hoon kutte, aaj toh bus tu ghar aaja . 😝😝😝🤣🤣🤣🤣🤣🤣",True,FunkyLife Hindi Chutkule,https://funkylife.in/whatsapp-jokes/
HJ-000921,husband-wife,funkylife-viral,hinglish,dialogue,"Pati Patni talak vhatsaepp joks Judge- tumhe talaq kyu chahiye ? Pati: Judge sahab, meri wife mujh se lahasan chhilavati hai, pyaz katavati hai, bartan manjavati hai. . Judge: isamen dikkat kya hai ?lahasun ko thoda garm kar liya karo aasani se chheele jayegen ! pyaj ko katane se pahale phrij mein rakha diya karo, katane ke samay aankhen nahi jalegi ! bartan manjane se 10 minit pahale bhare tab mein dal diya karo aasani se saf ho jayegen ! – Pati – samajh gaya hajoor ! arji vapis hi de Do meri Judge: kya samajhe ? .. Pati- yahi kee, aapki halat mujhse bhi zyada kharab hai !! 😂😂🤣🤣🤣",True,FunkyLife Hindi Chutkule,https://funkylife.in/whatsapp-jokes/
HJ-000922,husband-wife,funkylife-viral,hinglish,dialogue,"Pati patni phani WhatsApp joks Ek baar Sharabi raat mein sharab pi kar ghar aaya aar sote sote bhagavan ko pyara ho gaya. oopar jake usne dubara jindagi mangi toh murgi ke roop mein bhagavan raji hue aur use vapas bheja.. jaise hi woh murgi ban ke vapas aaya Sharabi ne Ek anda deeya, aur ande ko dekhate hi uske hosh ud gaye… kyonki uska anda sone ka tha.😱 khushi me usne zor laga ke Ek aur anda deeya, dekha toh woh bhi sone ka tha😱 ab toh khushi se Sharabi ne jaise hi teesare anda dene ke liye zor lagaya… vaise hi uske Sir pe kisi ne jhadu mari.. ab Pappu ne aankhe kholi toh dekha kee uski Patni use jhadu se marate hue chilla rahi thi – “uth jaa bevade bistar par tatti pe tatti kiye jaa raha hai 😝😝😝😝😝😝😝😝😝",True,FunkyLife Hindi Chutkule,https://funkylife.in/whatsapp-jokes/
HJ-000923,husband-wife,funkylife-viral,hinglish,dialogue,"Damad Sasur phani WhatsApp joks Sasur: meri beti ka khyal rakhana, iski aankhon mein aansu na aane paye😊 . Krishan:- theek hai pyaj main kat doonga par bartan ise hi dhone honge 😝😝😝😝😝",True,FunkyLife Hindi Chutkule,https://funkylife.in/whatsapp-jokes/
HJ-000924,husband-wife,funkylife-viral,hinglish,dialogue,"New WhatsApp Jokes in Hindi 2023  \n  Pati Patni se priye, main tumse bahut pyar karta hoon. Patni- toh kya main aapko nahi karti? main toh aapke liye sari duniya se lad sakti hoon. . Pati- lekin tum toh din-raat mujhse hi ladati rahati ho? Patni- janu, aap hi toh meri duniya ho! 😝😝🤣🤣🤣",True,FunkyLife Hindi Chutkule,https://funkylife.in/whatsapp-jokes/
HJ-000925,husband-wife,funkylife-viral,hinglish,dialogue,Pati patni WhatsApp joks Pati : mujhe apani Biwi se talak chahiye woh bartan phenk kar marati hai. . Judge: abhi bhi mar rahi hai ya pahale se Pati: 5 sal pahale se . Judge: toh eetane sal bad talak kyu Pati: kyonki ab uska nishana pakka ho gaya hai. 😝😝😝😝😝😝,True,FunkyLife Hindi Chutkule,https://funkylife.in/whatsapp-jokes/
HJ-000926,husband-wife,funkylife-viral,hinglish,dialogue,WhatsApp phani joks phor Pati patni Patni ne mayake se Pati ko phone kiya – “kaise ho ?” Pati – “theek hoon…” . Patni – “meri yad aati hai tab kya karte ho ?” Pati – “tumhari pasandeeda aaisakreem ‘kesar pista’ kha leta hu ya ‘amool nats’ kha leta hoon.. aur meri yad aane par tum kya karti ho ?” . Patni – “mai bhi ‘royal staig ‘ ka kvatar aur Teen sigaret peekar Ek rajaneegandha kha leti hoon. Pati behosh . 😝😝🤣🤣🤣🤣🤣,True,FunkyLife Hindi Chutkule,https://funkylife.in/whatsapp-jokes/
HJ-000927,husband-wife,funkylife-viral,hinglish,dialogue,"Pati Patni WhatsApp Joke In Hindi Patni :- kahan par ho?? Pati:- skootar se gir gaya hoon. ekseedent ho gaya hai. hospital jaa raha hoon !!🤕 . Patni :- dhyan khana, tifin teda na ho jaye, varana dal gir jayegi 🥱🙁😕😝🤣🤣",True,FunkyLife Hindi Chutkule,https://funkylife.in/whatsapp-jokes/
HJ-000928,husband-wife,funkylife-viral,hinglish,dialogue,"Very Funny Jokes For WhatsApp  \n  yeh hota hai pyar Patni:- kahan jaa rahe ho? Pati:- marane Patni:- kaheen bhi jao lekin svetar pahanakar jana. bahar bahut thand hai, beemar hue toh tumhari khair nahi. 😝😝😝🤣🤣",True,FunkyLife Hindi Chutkule,https://funkylife.in/whatsapp-jokes/
HJ-000929,husband-wife,funkylife-viral,hinglish,dialogue,ise kahate hain smart Pati Pati-patni mein jhagada ho raha tha. . patni: main poora ghar sanbhalati hoon.. kichan sanbhalati hoon.. bachchon ko sanbhalati hoon.. tum kya karte ho ? . Pati: main khud ko sanbhalata hoon. tumhari nasheeli aankhen dekhakar.. . Biwi: aap bhi na ….chalo batao aaj kya banaoon aapki pasand ka 😂😂😂🤣🤣🤣🤣,True,FunkyLife Hindi Chutkule,https://funkylife.in/whatsapp-jokes/
HJ-000930,husband-wife,funkylife-viral,hinglish,dialogue,"Smart Pati WhatsApp joks Patni : dekho na, hamare padosi ne 50 inch ka LED TV khareeda hain… . aap bhi khareed kar laiye na..?? . Pati : are darling.. jisake paas tumhare jaisi khoobasoorat Biwi ho.. woh kyoon falatu ka vaqt TV dekhane mein Waste karega.? . Patni : oh.. aap bhi na.. abhi aapke liye pakode banakar lati hoon.? 😁😁😁😂😂😂😂",True,FunkyLife Hindi Chutkule,https://funkylife.in/whatsapp-jokes/
HJ-000931,husband-wife,funkylife-viral,hinglish,one-liner,WhatsApp joks in hindi ghar jaate hue WhatsApp dekh raha tha | pados ke ghar mein kab pahunch gaya pata hi nahi chala | . aur aashchary yeh hai ki . us ghar kee aurat ne chai banakar dee . seeriyal mein dhyan hone ke karan use bhi nahi pata chala… . had toh tab ho gayi jab…. main chai pi raha tha ki uska Pati ghar aaya aur mujhe dekhate hi bola… . ” Sorry galat ghar mein aa gaya” kahakar bahar nikal gaya..! woh bechara… Facebook mein vyast tha!! 😂😂😂😂🤣🤣🤣🤣,True,FunkyLife Hindi Chutkule,https://funkylife.in/whatsapp-jokes/
HJ-000932,husband-wife,funkylife-viral,hinglish,dialogue,"deshi phani WhatsApp joks alag-alag deshon mein Pati-Patni sote samay Ek doosare ko kaise sanbodhit karte hain…? . dekhiye- . amerika : gud naeet darling briten : sveet dreems darling japan : gud naeet maayi lav kanada : lav yu hani, sveet dreems . aur… . *indiya😘 . men get ko talo laga diyo ? silendar oph kar diyo ? doodha/dahi phrij mein rakh diyo ? motar band kar dee ki ni ? aangan kee lait oph kar dee ? toh chal sau jaa pher… savere jaldi uthano hai. 🤣🤣🤣🤣🤣🤣🤣🤣",True,FunkyLife Hindi Chutkule,https://funkylife.in/whatsapp-jokes/
HJ-000933,husband-wife,funkylife-viral,hinglish,dialogue,"arthashastr kathin nahi hai WhatsApp joks CA kee Patni ne puchha – kyu ji, yeh mahangaayi dar kya hoti hai ? CA – pahale tumhari kamar 28 thi aur vajan tha 45 kilo ab tumhari kamar hai 38 aur vajan hai 75 kilo. ab tumhare paas sabakuchh pahale se zyada hai phir bhi vailyu kam hai. yahi manhagaayi dar hai. Moral – arthashastr utana kathin nahi hai yadi udaharan dekar samajhaya jae. 😂😂😂😂😂😂",True,FunkyLife Hindi Chutkule,https://funkylife.in/whatsapp-jokes/
HJ-000934,husband-wife,funkylife-viral,hinglish,dialogue,"Pati Patni WhatsApp joks hindi Ek kadava sach :- jab kanya apane, Pita ke ghar hoti hai, “rani” ban ke rahati hai. pahali baar sasural jaati hai, “lakshmi"",banakar jaati hai. aur sasural mein kam karte-karte “baayi” ban jaati hai, is tarah ladakiyan “rani-lakshmi-baeen” ban jaati hai…!! aur phir woh Pati ko angrej samajh kar bina talavar ke hi itana pareshan kar deti hai ki bechara woh Pati, angrej na ho kar bhi “angreji” lena shuru kar deta hai. 😁😁😝😝🤣🤣🤣🤣",True,FunkyLife Hindi Chutkule,https://funkylife.in/whatsapp-jokes/
HJ-000935,husband-wife,funkylife-viral,hinglish,dialogue,"phani Do Dost WhatsApp joks pahala Dost: Yaar, meri Biwi gussa bahut karti hai ! doosara Dost: meri bhi pahale karti thi, ab nahi karati. pahala Dost: tumane kya ilaj kiya ? doosara Dost: Ek din gusse mein thi, mainne kah diya ki budhape mein gussa aa hi jaata hai! bus woh din hai aur aaj ka din, tej aavaz mein bhi baat nahi karti! 😁😁🤭🤭😂😂😂",True,FunkyLife Hindi Chutkule,https://funkylife.in/whatsapp-jokes/
HJ-000936,husband-wife,funkylife-viral,hinglish,dialogue,"ganv kee Biwi WhatsApp joks Pappu – aapki Biwi dikhaayi nahi de raheen hain?? Boss – nahi main use party mein nahi lata!! Pappu – kyoon Sir Boss – woh gov kee hain na!! Pappu – ohah, maf karna mujhe laga keval aapki hain!! Pappu aspatal mein!! 😬😬😝😂🤣🤣🤣",True,FunkyLife Hindi Chutkule,https://funkylife.in/whatsapp-jokes/
HJ-000937,husband-wife,funkylife-viral,hinglish,dialogue,"phani takala WhatsApp joks Ek takala bina kolar kee teeshart mein Biwi se poochhata hai – kaisa lag raha hoon? Biwi – aji chhodo bhi takala – are bata na!! Biwi – aji rahane Do, ab main kya batau!! takala – are bata bhi, tujhe meri kasam Biwi – aise lag rahe ho jaise phate hue mauje se angootha bahar nikal aaya ho..... 😂😂😂😂🤣🤣🤣🤣😂",True,FunkyLife Hindi Chutkule,https://funkylife.in/whatsapp-jokes/
HJ-000938,husband-wife,funkylife-viral,hinglish,dialogue,"bevakoof Pati phani WhatsApp joks Ek baar Ek vyakti ne maut ke bad svarg ka daravaza khatakhataya toh andar se aavaj aayi,""kya tum shadeeshuda ho?” aadmi: ji han. andar se phir aavaz aayi,” tum andar aa sakte ho, tumane shaadi karake duniya mein kaphi saja payi hai.” uske bad doosare aadmi ne darwaza khatakhataya toh andar se aavaj aayi ,”kya tum shadeeshuda ho?” doosara aadmi: ji han, meri Do baar shaadi ho chuki hai. andar se aavaz aayi,” bhag jao, yahan bevakoophon ke liye jagah nahi hai.” 😝😝😝😂😂😂🤣🤣🤣",True,FunkyLife Hindi Chutkule,https://funkylife.in/whatsapp-jokes/
HJ-000939,husband-wife,funkylife-viral,hinglish,dialogue,"Pati Patni Funny Jokes In Hindi mayake gayi hui Patni ne apane Pati ko phone kiya aur kaha ki …. ab mujhe le jao… Pati : kuchh din aur rah lo.. Patni : nahi ji… bhaiya ,bhabhi, Behen, Mummy, Papa sab se Do – Do Teen Teen baar ladaayi kar lee… lekin… tumhare jaisa maza nahi aata… 😝😝😬😬😂😂🤣",True,FunkyLife Hindi Chutkule,https://funkylife.in/whatsapp-jokes/
HJ-000940,husband-wife,funkylife-viral,hinglish,dialogue,Most Funny WhatsApp Jokes  \n  Doctor Funny Jokes In Hindi Ek aadmi ravivar ko Doctor ke paas gaya aadmi: Doctor saheb meri Patni mujhe kuchh samajhati hi nahi hai har samay chidachid karti rahati hai. meri zara bhi nahi sunati kya aap use shant kar sakte hai? Doctor- abe yeh sab itana aasan hota toh kya main ravivar ko klinik khol kar baitha hota. 😐😬😝😝😂🤣🤣,True,FunkyLife Hindi Chutkule,https://funkylife.in/whatsapp-jokes/
HJ-000941,husband-wife,funkylife-viral,hinglish,dialogue,"Santa Funny Jokes In Hindi Santa badi dheere dheere phone pe baat kar raha tha, Biwi – itani dheemi aavaj mein kisase..bat kar rahe ho ? Santa – are Behen hai, Biwi – toh itana dheere kyu baat kar rahe ho ? Santa – teri Behen hai! 😝😝😂😂🤣🤣",True,FunkyLife Hindi Chutkule,https://funkylife.in/whatsapp-jokes/
HJ-000942,husband-wife,funkylife-viral,hinglish,dialogue,Pati Patni Funny Jokes In Hindi Pati: kya baat hai. aaj ghar bada saaf hai. kya whatsapp band hai tumhara? Patni: nahi woh toh charjar nahi mil raha tha toh dhoondhane ke chakkar mein saphaayi ho gaayi. 😬😬😂😂😂😂,True,FunkyLife Hindi Chutkule,https://funkylife.in/whatsapp-jokes/
HJ-000943,husband-wife,funkylife-viral,hinglish,one-liner,"Husband Wife Funny Jokes In Hindi aaeene ke samane khadi Patni ne apane Pati se pucha, main bahut zyada moti lag rahi hoon kya? 🤔 lok daun mein jhagada na ho jae, yeh soch Pati muskurakar bola, are nahi bilkul bhi nahi… Patni khush ho gayi aur boli, “theek hai, toh phir mujhe apani banhon mein uthakar phrij tak le chalo, mujhe aaisakreem khani hai. paristhiti niyantran ke bahar jaati dekhe Pati bola, tum yaheen ruko…. “main phrij utha kar lata hoon..!! 😬😝😝😂😂🤣🤣🤣",True,FunkyLife Hindi Chutkule,https://funkylife.in/whatsapp-jokes/
HJ-000944,husband-wife,funkylife-viral,hinglish,dialogue,"Miya Bivi Funny Jokes In Hindi Ek aadmi jakhmi halat mein police station pahuncha. havaladar—” kya huaa? aadmi—” Biwi ne pitaayi ki.” havaladar—” kyu ? “ aadmi—” uske Mummy-Papa hamare ghar par aaye toh usne mujhse kaha ki, bahar se unke liye kuchh le aao.” havaladar—” toh ? “ aadmi—” main taiksi le aaya. “ 😝😝😝😂😂🤣🤣🤣",True,FunkyLife Hindi Chutkule,https://funkylife.in/whatsapp-jokes/
HJ-000945,husband-wife,funkylife-viral,hinglish,dialogue,Father Daughter Funny Jokes In Hindi Ladki: Papa mujhe aapse bahut jaroori baat karani hai Pita: bolo Beta Ladki: mai Ek ladake se pyar karti hoon aur woh amerika mein rahata hai Pita: lekin Beta tum usse kaha mili Ladki: website par hamari pahachan hui facebook pe hum donon Dost bane skype par usne mujhe propoz kiya whatsapp par Do maheene tak pyar kiya Pita: oh riyali.. toh ab Twitter par shaadi karalo flipkart se Bacche mangavalo gmail se riseev kar lo aur phainali agar Pati pasand na aaya toh olx par bech dalo 😂😂😂😂😂🤣🤣🤣,True,FunkyLife Hindi Chutkule,https://funkylife.in/whatsapp-jokes/
HJ-000946,boyfriend-girlfriend,funkylife-viral,hinglish,dialogue,"Ladka Ladki phani WhatsApp chutakule Ladka – woh din bhi jaldi aaega, Ladki – tum mujhe chhod toh nahi doge..? Ladka – aisa sochana bhi mat! Ladki – mujhe roz shoping karaoge.? Ladka – kyu nahi bahut sari! Ladki – tumhare jindagi mein koi aur toh nahi..? Ladka – nahi bilkul nahi! Ladki – You Love ME NA.? Ladka – YES diyar Ladki – 0H DEAR😘 . Reality dekhane ke liye ab Ek baar neeche se oopar padhate jao. 😂😂😂",True,FunkyLife Hindi Chutkule,https://funkylife.in/whatsapp-jokes/
HJ-000947,boyfriend-girlfriend,funkylife-viral,hinglish,one-liner,"Ladka Ladki phani WhatsApp joks Ladki 🙋🏻‍♀️ dekhane ka karyakram tay huaa. ladake vale bahut seedhe log the. Ladka🧒 — aapki shiksha ? Ladki🙋🏻‍♀️ — MF. L.A.S. . ladake ne aage digri kee detail yeh sochakar nahi puchi ki, kaheen Ladki use ashikshit na samajhe !! 😒 bad mein ve log chale aaye. aur shaadi bhi ho gaayi. shaadi ke bad ladake ne Ladki se pucha ki yeh ME IAS , kya hota hai🙁 . usne bataya …. Matric Fail In All Subjects Ladka 4 din se behosh hai. 😝🤣🤣🤣🤣🤣🤣🤣",True,FunkyLife Hindi Chutkule,https://funkylife.in/whatsapp-jokes/
HJ-000948,boyfriend-girlfriend,funkylife-viral,hinglish,dialogue,"garlaphrend boyaphrend WhatsApp joks boyaphrend🧒: WhatsApp apadet kar lo. . garlaphrend🙋🏻‍♀️: kaise karte hain? . boyaphrend🧒: ple stor par jao aur vahan se kar lo. . garlaphrend🤷🏻‍♀️: hamare ganv mein ple stor nahi hai, janaral stor hai, vahan se kar lu. 😝😝🤣🤣🤣🤣",True,FunkyLife Hindi Chutkule,https://funkylife.in/whatsapp-jokes/
HJ-000949,boyfriend-girlfriend,funkylife-viral,hinglish,dialogue,"Sharabi Ladki WhatsApp joks Ladka shaadi ke liye Ladki dekhane gaya .. . usne socha , kyu na Ladki se angreji mein baat karoon usne Ladki se pucha inglis chalegi na …? . Ladki sharamate hue boli – ji pyaj aur namakeen saath ho toh deshi bhi chalegi .. 😝😝😝😝😝😝😝",True,FunkyLife Hindi Chutkule,https://funkylife.in/whatsapp-jokes/
HJ-000950,boyfriend-girlfriend,funkylife-viral,hinglish,dialogue,"joks in hindi phor WhatsApp grup  \n  Ladka Ladki phani WhatsApp joks Ek Ladki golagappe kha rahi thi, 15-20 kha chuki thi, phir boyaphrend se pucha- darling, 10 aur kha loon Ladka gusse se- nagin, kha le, Ladki ne joradar thappad mara,- “nagin kisko bola”?? Ladka- mar kyoon rahi hai?? maine kaha- na gin, kha le.. 😝😝😂😂😂😂🤣🤣",True,FunkyLife Hindi Chutkule,https://funkylife.in/whatsapp-jokes/
HJ-000951,boyfriend-girlfriend,funkylife-viral,hinglish,dialogue,Ladka Ladki WhatsApp joks daunalod ladaka :- wow itana bada ghar ??? ladaki :- han hum paise vale hai .!! ladaka :- wow itani badi car ?? ladaki :- han hum paise vale hai .! ladaka :- Oh my God itana sona bhi hai? ladaki :- han hum paise vale hai . ladaka :- yeh lo laitar ! ladaki :- yeh kya hai ??? ladaka :- hum INCOME_TAX vale hain. ladaki koma mein 😂😂😂😂🤣🤣🤣🤣🤣,True,FunkyLife Hindi Chutkule,https://funkylife.in/whatsapp-jokes/
HJ-000952,boyfriend-girlfriend,funkylife-viral,hinglish,dialogue,"joks in hindi phor WhatsApp imejej  \n  Ladka Ladki hindi joks Ladka- tu whatsapppar hai kya ??? Ladki- nahi main toh mere ghar hoon . Ladka – mera matoolab hai, whatsapp yooj karti hai kya ? Ladki – nahi main toh gori hone ke liye kreem yooj karti hoon!! Ladka – are pagali!!! whatsapp chalati hai kya ??? Ladki- nahi pagale! mere paas saeekil hai vaheen chalati hoon. Ladka – meri man! whatsapp chalana aata hai kya ? Ladki- tu chala lena! main peechhe baith jaoongi? 😆😂🤣🤣🤣🤣🤣",True,FunkyLife Hindi Chutkule,https://funkylife.in/whatsapp-jokes/
HJ-000953,boyfriend-girlfriend,funkylife-viral,hinglish,dialogue,"WhatsApp par bhejane ke liye chutakule  \n  GF BF phani WhatsApp joks GF: bebi? BF: ya diar GF: tum hamesha se mere saath the, jab mera woh bhayanak ekseedent huaa tab bhi, jab mere pachave semestar mein 3 sabjekt mein jeero aaye the tab bhi, jab mujhe kidani mein pathari hui thi tab bhi, aur jab mujhe Papa ne gusse mein ghar se nikal diya tha tab bhi BF: Aaawww love you baby 3k hamesha tumhare saath rahoonga GF: are nayi re mere ko lag raha hai kee shayad tu hi panoti hai! 😝😝😂😂😂🤣🤣🤣🤣",True,FunkyLife Hindi Chutkule,https://funkylife.in/whatsapp-jokes/
HJ-000954,boyfriend-girlfriend,funkylife-viral,hinglish,dialogue,"Ladka Ladki Funny Jokes In Hindi Ladki apane boyaphrend se lad rahi thi. Ladki – mujhe brekaap chahiye. Ladka – nahi meri jan. Ladki – mainne jo gipht diye woh vapas karo. ghadi, jeens, shooj, belt sab Do vapas mera, Ladka- theek hai tujhe jo itane din baik pe baitha ke ghumaya uska petrol vapas kar. Ladki – janu itani jaldi gussa kyu karte ho, main mazaak kar rahi hoon. 😁😁😂😂😝🤣🤣",True,FunkyLife Hindi Chutkule,https://funkylife.in/whatsapp-jokes/
HJ-000955,marriage,funkylife-viral,hinglish,one-liner,"Silent shabd ke Funny Jokes English ke alava hindi mein bhi kuchh shabd Silent hote hain.🤓 . 👉 jaise kee agar dhyan diya ho toh, jab koi Dukandar bhav karte samay kahata hai ki *”aapko zyada nahi lagaenge”* toh isame.. *”choona”* shabd Silent hota hai..😝😝 . 👉shaadi ke samay yeh kaha jaata hai ki hamari Ladki toh *”gay hai gay”* usamen *” seengavali”* shabd silent hota hai😂😂 . 👉bidaayi ke vakt jab doolhe se kaha jaata hai. *khyal rakhana, isamen *”apana”* shabd Silent rahata hai.🤣🤣🤣",True,FunkyLife Hindi Chutkule,https://funkylife.in/whatsapp-jokes/
HJ-000956,marriage,funkylife-viral,hinglish,dialogue,toophani barish mein aadhi raat ko Ek aadmi pijja lene gaya. pijjavala : aap shadeeshuda ho? aadmi : aise toophan mein kaun-si man apane bete ko pijja lene bhejegi. 🤣🤣🤣🤣🤣,True,FunkyLife Hindi Chutkule,https://funkylife.in/whatsapp-jokes/
HJ-000957,marriage,funkylife-viral,hinglish,dialogue,Bacche ke savalon ke jawab WhatsApp joks Ek Bacche ne sare savalon ke jawab diye phir bhi maukhik pareeksha mein phel ho gaya…kyon? . sawal ke jawab kuchh is tarah the.. sawal: – teepu sultan kee mrityu kis yuddh mein hui thi ? jawab: – uske aakhiri yuddh mein. sawal: – talak ka pramukh karan kya hai. jawab:- shaadi. sawal – ganga kis stet mein bahati hai ? jawab – likvid stet sawal:- mahatma gandhi ka janm kab huaa tha? jawab – unke janmadin ke din. sawal – 6 logon ke beech 8 aam ko tum kaise bantoge ? jawab – maingo shek banakar. bharat mein poore sal sabase zyada barph kahan girati hai ? jawab – daaru ke glas mein….. 😝😆🤪🤣🤣🤣💯,True,FunkyLife Hindi Chutkule,https://funkylife.in/whatsapp-jokes/
HJ-000958,marriage,funkylife-viral,hinglish,dialogue,Gadha Aur Maalik Funny Jokes In Hindi gadha: mera maleek mujhe bahut peetata hai. kutta: tum bhag kyu nahi jaate gadha: malik kee khubasurat ladaki jab padhaayi nahi karti toh malik kahata hain kee “teri shaadi gadhe se kar dunga” bus isi ummeed se teeka hun 😁😁😝😂😂🤣🤣,True,FunkyLife Hindi Chutkule,https://funkylife.in/whatsapp-jokes/
HJ-000959,friends,funkylife-viral,hinglish,dialogue,"Funny Jokes On Friends Do Dost safar par jaa rahe the, raat ho gayi woh tent laga kar so gaye.. raat ko Ek Dost kee neend khuli, usne dusare ko jaga kar kaha, aasaman kee taraph tujhe kya nazar aata hai? doosara : bahut sare sitare.. pahala : isse kya pata chalata hai? doosara : aasaman kitna khubasoorat hai … pahala : abe nyootan kee aulad, tent chori ho gaya hai.!!! 😂😂😂😂😂😂",True,FunkyLife Hindi Chutkule,https://funkylife.in/whatsapp-jokes/
HJ-000960,friends,funkylife-viral,hinglish,dialogue,"buddha budhiya phani WhatsApp jok Ek budda aaya, saath mein Ek budhiya laya… hotel mein jakar vetar ko bulaya, donon ne apana-apana ordar mangavaya, . pahale buddhe ne khaya, budhiya ne bil chukaya, phir budhiya ne khaya, buddhe ne bil chukaya, . yeh dekhakar vetar ka sir chakaraya, woh unke paas aaya aur bola, ‘jab tum donon mein itana pyar hai toh khana Ek saath kyu nahi khaya?’ . is par buddhe ne pharamaya, ‘jani tera sawal toh nek hai. par hamare paas danton ka set sirph Ek hai.’ 🤣🤣🤣🤣🤣🤣🤣",True,FunkyLife Hindi Chutkule,https://funkylife.in/whatsapp-jokes/
HJ-000961,friends,funkylife-viral,hinglish,dialogue,"Baap beti phani WhatsApp joks beti – main padosi se pyar karti hoon aur uske saath bhag rahi hoon ! Baap – thainks…. mere paise aur samay donon bach gaye. . beti – main laitar padh rahi hoon…. jo, Mummy rakhakar gayi hain …..! Baap behosh… 😝🤪😂😂🤣🤣",True,FunkyLife Hindi Chutkule,https://funkylife.in/whatsapp-jokes/
HJ-000962,friends,funkylife-viral,hinglish,dialogue,"bhang peene vala chooha phani WhatsApp joks Ek cheeta sigaret peene hi vala tha ki achanak chooha wahan aaya aur bola,, “Bhai chhod Do nasha, aao mere saath, dekho jangal kitna khoobasoorat hai. “cheeta choohe ke saath chal diya. aage hathi kokeen le raha tha, chooha phir bola, “Bhai chhod Do nasha, aao mere saath, dekho jangal kitna khoobasoorat hai. “hathi bhi saath chal diya. aage sher vhiski peene kee taiyari kar raha tha, choohe ne use bhi vahi kaha. sher ne glas Ek said mein rakha aur choohe ko 5-6 thappad mare. hathi bola: are Bhai kyu mar rahe ho is bechare ko? sher bola, “yeh sala roz bhang peeke aise hi sabako poori raat jangal ghumata hai. 😂😂😂🤣🤣🤣🤣🤣🤣🤣",True,FunkyLife Hindi Chutkule,https://funkylife.in/whatsapp-jokes/
HJ-000963,friends,funkylife-viral,hinglish,dialogue,pappu aur bitu phani WhatsApp chutkula pappu – Yaar bitu mera rijalt tu dekh ke aaja ! agar Ek Subject mein phel huaa toh bolana “jay shri ram”…. agar Do mein phel huaa toh bolana “radhe radhe” agar Teen mein phel huaa toh bolana “bramha vishnu mahesh” bitu – (result nikalavakar ) pappu- kya huaa ? bitu – bolo sanche darabar kee jay ... sab mein phel 😝😝😂😂😂😂😂😂,True,FunkyLife Hindi Chutkule,https://funkylife.in/whatsapp-jokes/
HJ-000964,friends,funkylife-viral,hinglish,dialogue,"Ladka Ladki Funny Jokes Ek 🧒Ladka Ek injeeniring mein padhane vali Ladki👩‍💼 ke ghar ke bahar roz khada rahata tha, 👩‍💼Ladki samajh gayi ki woh usse bahut pyar karta 👩‍💼Ladki ne baat apane ghar valon ko bataayi, unhe bhi Ladka🧒 pasand aa gaya,😘 aur shaadi kee taiyari hone lagi . 👩‍💼Ladki ne socha ki ladake ko bhi shaadi ke bare mein bata dena chahiye, so woh himmat karake ladake ke paas gayi, aur kan mein boli☺️ – mujhe pata hai tum mujhse bahut pyar karte ho,😘 mainne baat kar lee hai ab hamari shaadi ho jaegi, 🧒ladaka(ghabarakar)- maf karna Behen ji, 😨main toh aapke ghar ke paas isalie khada rahata hoon kyoonki aapke Wi-Fi mein pasavard nahi hai, mast net chalata hai 😝😝😝🤣🤣🤣🤣",True,FunkyLife Hindi Chutkule,https://funkylife.in/whatsapp-jokes/
HJ-000965,friends,funkylife-viral,hinglish,dialogue,Premi And Premika Funny Jokes In Hindi premika- kya tum mujhse pyar karte ho? premi- han. premika- lekin tumhe toh meri koi paravah hi nahi hai. premi- pyar karane vale kisi kee paravah nahi karate. 😁😁😂😂😂,True,FunkyLife Hindi Chutkule,https://funkylife.in/whatsapp-jokes/
HJ-000966,pappu-style,funkylife-viral,hinglish,dialogue,Pappu jangal mein jaa raha tha tabhi Ek sanp ne pair par kat liya. Pappu ko gussa aaya aur tang aage karake bola .- le kat le jitana katana hai kat le. sanp ne phir Teen-Chaar baar kata aur thak kar bola .- abe tu insan hai ya bhoot? Pappu .- main toh insan hi hoon lekin sale mera yahan pair nakali hai. 😝😝😝🤣🤣🤣,True,FunkyLife Hindi Chutkule,https://funkylife.in/whatsapp-jokes/
HJ-000967,pappu-style,funkylife-viral,hinglish,dialogue,"vhatsapp joks in hindi  \n  teeti ne Pappu ko pletaphorm pe pakad liya, teeti – ticket dikha, Pappu – are main train mein aaya hi nahi, teeti- kya saboot hai? Pappu – ab saboot yahi hai ki mere paas ticket nahi hai? 😂😂😂😂😂",True,FunkyLife Hindi Chutkule,https://funkylife.in/whatsapp-jokes/
HJ-000968,pappu-style,funkylife-viral,hinglish,dialogue,"WhatsApp hindi chutkula  \n  pyar mein kutta ban gaya WhatsApp joks ladaki Pappu se : aap ka kutta toh taigar jaisa dikhata hai, kya khilate hain aap ! Pappu : yeh kameena taigar hi hai, pyar vyar ke chakkar mein pad gaya shakal kutte jaisi ho gayi hai. 🤣🤣🤣🤣🤣🤣",True,FunkyLife Hindi Chutkule,https://funkylife.in/whatsapp-jokes/
HJ-000969,pappu-style,funkylife-viral,hinglish,dialogue,keedevale amarud phani WhatsApp joks Pappu ne amarud liye toh usamen se keeda nikala Pappu amarud vale se: isamen toh keeda hai. amarud vala:- yeh kismat kee baat hai. kya pata agali baar motarasaikil nikal jae Pappu : 2 kilo aur de do. 😂😂😂😂😂😂😝,True,FunkyLife Hindi Chutkule,https://funkylife.in/whatsapp-jokes/
HJ-000970,pappu-style,funkylife-viral,hinglish,dialogue,"Pappu aur banti phani WhatsApp chutkula Pappu daaru pi ke tala kholane laga, hath kapane kee vajah se tala nahi khul raha tha. banti- main khol doon? Pappu- main khol loonga, tu ghar ko pakad sala bahut hil raha hai. 😝😝🤣🤣🤣🤣🤣",True,FunkyLife Hindi Chutkule,https://funkylife.in/whatsapp-jokes/
HJ-000971,teacher-student,funkylife-viral,hinglish,dialogue,Teacher aur Pappu WhatsApp joks Teacher: tumane kabhi koi nek kam kiya hai? . Pappu-han Sir.. Ek bujurg dheere dheere apane ghar jaa rahe the.. mainne kutta peechhe laga diya jaldi pahunch gaya 😂😂🙄🙄😂😂,True,FunkyLife Hindi Chutkule,https://funkylife.in/whatsapp-jokes/
HJ-000972,teacher-student,funkylife-viral,hinglish,dialogue,"Teacher aur gopu phani WhatsApp jok Teacher :- tens kitne prakar ke hote hain. . gopu:- 3 prakar ke Past, Present, Future . Teacher :- bahut accha, udaharan Do gopu:- kal aapki beti ko dekha tha, aaj pyar karta hoon, kal bhaga ke le jaoonga. . Teacher behosh 🤣🤣🤣🤣🤣🤣🤣🤣",True,FunkyLife Hindi Chutkule,https://funkylife.in/whatsapp-jokes/
HJ-000973,teacher-student,funkylife-viral,hinglish,dialogue,Madam stoodent phani WhatsApp joks paper dete samay Ek Baccha gumasum sa tha .. Madam: tum confused kyu ho ? Baccha: chup raha Madam: kya tum pain bhool gaye ? Baccha phir chup raha Madam: kya rol nan bhool gaye? Baccha phir chupachap raha. . Madam: kya kailkuletar bhool gaye ho? . Baccha : are chup ho jaa meri man !! idhar mai parchiyan galat sabjekt kee le aaya aur tujhe pen pensil kee aag lagi hai… 🤣🤣🤣🤣🤣🤣🤣🤣,True,FunkyLife Hindi Chutkule,https://funkylife.in/whatsapp-jokes/
HJ-000974,teacher-student,funkylife-viral,hinglish,dialogue,"Master ji – bharat kee sabase khataranak nadi kaun si hai…? raju – bhavana…! Master (chaunk kar) – woh kaise..? raju – kyonki, sab isamen bah jaate hain…! 😂😂😂😂😂",True,FunkyLife Hindi Chutkule,https://funkylife.in/whatsapp-jokes/
HJ-000975,teacher-student,funkylife-viral,hinglish,dialogue,"teacher student phani WhatsApp joks 👩‍🏫Teacher:- Ek taraph akal aur doosari taraph paisa ho toh tum kya chunoge? . 👶chhotu:- paisa, . 👩‍🏫Teacher:- galat main toh akal chunati. . 👶chhotu:- sahi kaha aapane Teacher jisake paas jis cheej ki kami hogi woh vahi chunega. 😜😜🤣🤣 . chhotu ko 2 ghante tak murga banana pada. 😂😂😂😂😂😂😂",True,FunkyLife Hindi Chutkule,https://funkylife.in/whatsapp-jokes/
HJ-000976,teacher-student,funkylife-viral,hinglish,dialogue,honahar Student phani WhatsApp joks kaksha dasaveen kee pareeksha me prashna pucha gaya – “malyarpan karna” ka arth batao honahar Student ne likha – sarakari bainkon dvara gareeb janata kee gadhi kamaayi malya ko arpan karane ko hi malyarpan kahate hai. aur Baccha seedhe MBA ke liye selekt ho gaya. 🤣🤣🤣🤣🤣🤣🤣,True,FunkyLife Hindi Chutkule,https://funkylife.in/whatsapp-jokes/
HJ-000977,teacher-student,funkylife-viral,hinglish,dialogue,"Master ji aur Pappu phani WhatsApp joks Master ji – bachcho batao kal kitne prakar ke hote hai .. chhota chirakut- kal Teen prakar ke hote hain. Master ji – shabasha. ab Pappu tum batao 3 prakar ke kal kaun se hai . Pappu – ji dayal kol , riseev kol aur mis kol …. Master ji pathashala chhodakar genhu katane chale gaye 😂😂😂😂😂🤣🤣🤣🤣",True,FunkyLife Hindi Chutkule,https://funkylife.in/whatsapp-jokes/
HJ-000978,teacher-student,funkylife-viral,hinglish,dialogue,"iljam kee bhi had ho gayi . aaj Ek boodhau hamare pasavale school ke Sir se bol rahe the- massab, school khule toh kaayi din hui gaye..par bo gori vali Madam dikhi nahi ab tak? . Sir bole- Bhai sahab, unko transaphar ho gao. . sajjan bole – he bhagavan.. je mo'di kou ko khush nayi dekh sakat . 🤣🤣🤣🤣🤣🤣🤣🤣",True,FunkyLife Hindi Chutkule,https://funkylife.in/whatsapp-jokes/
HJ-000979,teacher-student,funkylife-viral,hinglish,dialogue,"Teacher Student Funny Jokes In Hindi Teacher- accha bachchon batao draivar aur kandaktar mein kya phark hota hai? .. guruji, kandaktar so gaya toh kisi ka ticket nahi katega. .. lekin agar draivar so gaya toh sab ka ticket kat jaega 😬😝😂🤣🤣🤣",True,FunkyLife Hindi Chutkule,https://funkylife.in/whatsapp-jokes/
HJ-000980,teacher-student,funkylife-viral,hinglish,dialogue,"Mahila And conductor Funny Jokes In Hindi Ek mahila Teen bachchon ke saath Ek bus mein yatra kar rahi thi !! kandaktar : Madam in bachchon ka tikit lagega, umr batao ..?? mahila : pahale vale kee 2 sal, doosare vale kee dhaayi sal, aure teesare ki Teen sal..!! kandaktar : Madam tikit chahe mat lo par gaip toh 9 maheene ka rakho.. mahila : karamaphute 😡 beech vala jethani ka hai..!! tu tikit kat.., jnyan mat bant .! 😝😝😂😂🤣🤣🤣",True,FunkyLife Hindi Chutkule,https://funkylife.in/whatsapp-jokes/
HJ-000981,santa-banta-style,funkylife-viral,hinglish,dialogue,Ek baar Santa aur Banta rajaayi mein so rahe the. Santa bola – Yaar Banta pad mar aur razaayi garam kar den. Banta ne razaayi mein Potty kar dee aur bola- le aag hi laga dee. 😝😝😝🤣🤣🤣🤣,True,FunkyLife Hindi Chutkule,https://funkylife.in/whatsapp-jokes/
HJ-000982,santa-banta-style,funkylife-viral,hinglish,dialogue,Santa Banta phani WhatsApp joks santa – shart ke liye Ek accha kapada dikhaiye.. . sels man – plen mein dikhau? . santa – nahi helikoptar mein dikha.. sale bandar kee aulad… yaheen pe dikha !! 😝😝😝🤣🤣🤣🤣,True,FunkyLife Hindi Chutkule,https://funkylife.in/whatsapp-jokes/
HJ-000983,desi-life,funkylife-viral,hinglish,dialogue,"Sharabi: garam kya hai? vetar . chaumeen. Sharabi: aur garam? vetara: soop. Sharabi:aur garam? vetara: ubalata paani. Sharabi:aur garam? vetara: aag ka gola hai sale. sharabi: lekar aao,beedi jalani hai . 🤣🤣🤣🤣🤣",True,FunkyLife Hindi Chutkule,https://funkylife.in/whatsapp-jokes/
HJ-000984,husband-wife,funkylife-viral,hinglish,dialogue,"ramesh ne shauk-shauk mein vrat rakh liya. ramesh ( Patni se ) – dekho sooraj doob chuka hai, ab khana khate hai. Patni ( ramesh se ) – nahi ji. ramesh – dekho dooba ya nahi Patni – nahi ji… ramesh – lagata hai yeh mujhe saath lekar hi doobega. 😝😂😂🤣🤣🤣",True,FunkyLife Hindi Chutkule,https://funkylife.in/chutkule/
HJ-000985,husband-wife,funkylife-viral,hinglish,dialogue,"Santa party se raat ko der se ghar gaya. agale din doston ne usse pucha: Biwi ne kuchh kaha toh nahi?? …… Santa: na na, kuchh khas nahi… yeh Do dant toh mujhe vaise bhi nikalavane the! 😜😜😜😜😜😜",True,FunkyLife Hindi Chutkule,https://funkylife.in/chutkule/
HJ-000986,husband-wife,funkylife-viral,hinglish,dialogue,"Pati kam se ghar jaldi aa gaya… Patni ne yeh dekha toh ghabara kar premi gupta ji ko paudar laga kar, kone mein moorti banakar khada kar diya… Pati kamare mein aaya toh usne moorti dekhi aur pucha- : yeh kya hai darling..? . Patni muskurate hue boli: ji, yeh moorti hamare padosi gupta ji ne dee hai… . Pati kuchh na bola aur kam kaj mein vyast ho gaya… . Pati aadhi raat ko uth kar moorti ke aage sendavich rakhakar bola- : kha lo gupta ji, parso main bhi tumhare ghar sari raat aise hi khada raha kisi ne paani tak bhi nahi pucha tha… 😜😝😁😂",True,FunkyLife Hindi Chutkule,https://funkylife.in/chutkule/
HJ-000987,husband-wife,funkylife-viral,hinglish,dialogue,👌👉Ladka :- main tumhare saath shaadi nahi kar sakta. ghar vale nahi man rahe. 💃Ladki:- tumhare ghar mein kaun kaun hai. 🚶Ladka:- Ek Biwi aur 2 Bacche. 😂😂😂😂😂,True,FunkyLife Hindi Chutkule,https://funkylife.in/chutkule/
HJ-000988,husband-wife,funkylife-viral,hinglish,dialogue,"Ek aadmi ke ghar daku ghus gaye aur unhone loot ka sara saman trak mein lad diya toh us aadmi ne Ek sandook kee taraph ishara karte hue kaha ki ise bhi le jao. .  dakuon ka Sardar shadeeshuda tha aur akalamand bhi toh usne pucha : kyu, isame teri Biwi hai?  .  aadmi : nahi, woh toh alamari mein chali gayi, isame meri Saas hai. 😝😝😝😂😂😂😂",True,FunkyLife Hindi Chutkule,https://funkylife.in/chutkule/
HJ-000989,husband-wife,funkylife-viral,hinglish,dialogue,"mataji, aap baar-baar ghar ke andar-bahar kyu aa-jaa rahi hain? koi problam hai kya? ….. boodhi aurat – nahi Beta, meri Bahu teevi dekhakar yoga kar rahi hai. usamen babaji kah rahe hain ki Saas ko bahar karo Saas ko andar karo. 😜😜😜😜😜😜😜",True,FunkyLife Hindi Chutkule,https://funkylife.in/chutkule/
HJ-000990,husband-wife,funkylife-viral,hinglish,one-liner,"3 bachchon vali Ek vidhava aurat ne 3 bachchon vale Ek aadmi se shaadi kar lee.. shaadi ke bad donon ke phir 3 Bacche ho gaye 1 din ghar mein bachchon kee zabaradast ladaayi ho gayi. ….. Patni ne Pati ko phone lagaya aur boli, “sunate ho ji, jaldi ghar aa jao.. aapke Bacche aur mere Bacche mil kar hamare bachchon ko mar rahe hain. 😜😜😜😜😜",True,FunkyLife Hindi Chutkule,https://funkylife.in/chutkule/
HJ-000991,husband-wife,funkylife-viral,hinglish,dialogue,"Patni: agar main kho gayi toh tum kya karoge ?” Pati: “main akhabar mein ishtihar doonga .” Patni: “tum kitne acche ho, kya likhoge ?” Pati: “jisako mile uski” 😜😜😜😂😂😂😂",True,FunkyLife Hindi Chutkule,https://funkylife.in/chutkule/
HJ-000992,husband-wife,funkylife-viral,hinglish,one-liner,"Biwi na pyar se Pati ka Sir dabate hue pucha ? shaadi se pahale kaun dabata tha? Pati bola, shaadi se pahale Sir dard hota hi nahi tha. 😂😂😂😂😂😂",True,FunkyLife Hindi Chutkule,https://funkylife.in/chutkule/
HJ-000993,husband-wife,funkylife-viral,hinglish,dialogue,Pati Patni Ek saath ghoom rahe the raste me gadha mila Patni ko mazaak soojhi Patni- aapke ristedar hai- namaste karo Pati bhi bahut kameena tha bola- “”Sasur ji namaste” 😂😂😂😂😂,True,FunkyLife Hindi Chutkule,https://funkylife.in/chutkule/
HJ-000994,husband-wife,funkylife-viral,hinglish,one-liner,"Ek sharaji ne doston kee davat ka program banaya, aur apane hi ghar se raat ko bakara chori kiya. raat ko apane doston ke saath khoob davat ka maja liya aur subah jab ghar pahuncha toh bakara ghar mein hi tha. yeh dekh usne Biwi se pucha, “yeh bakara kahan se aaya?” …. Biwi boli, “bakare ko maro goli, batao raat ko tum choron kee tarah kutte ko kahan le gaye the?” 😜😜😝😝😝😝😂😂",True,FunkyLife Hindi Chutkule,https://funkylife.in/chutkule/
HJ-000995,husband-wife,funkylife-viral,hinglish,dialogue,Patni- aaj maine tumhare liye speshal dish banaayi hai… khate hi garmi gayab ….. Pati- aisa kya bana diya tumane Yaar… Patni- navaratn tel ke pakode. 😂😂😂😂😂😂,True,FunkyLife Hindi Chutkule,https://funkylife.in/chutkule/
HJ-000996,husband-wife,funkylife-viral,hinglish,dialogue,2023 ke majedar chutakule  \n  Vakeel: tumhare Pati kee maut kaise hui? mahila: jahar peene se. Vakeel: phir yeh chot ke nishan kaise hain? mahila: peene se mana kar rahe the na ! 😝😝😂😂😂😂,True,FunkyLife Hindi Chutkule,https://funkylife.in/chutkule/
HJ-000997,husband-wife,funkylife-viral,hinglish,dialogue,"Patni : suno ja….somavar khareedari, mangal ko hotel program, budh ko log draiv par, guruvar chayaneej restorent, shukravar movie dekhenge, shaneevar ko pikanik..!! kitna maja aaega na..!!” Pati : jaroora…aur ravivar ko mandir jaenge.” Patni : “kyu ?? “ Pati : bheekh mangane…! 😝😝😝😝😝😝😝",True,FunkyLife Hindi Chutkule,https://funkylife.in/chutkule/
HJ-000998,husband-wife,funkylife-viral,hinglish,dialogue,Patni ne angreji kee kitab padhate hue Pati se pucha yeh complete aur finish mein kya antar hai ..??? …. Pati :: jainse main tumhe mil gaya toh tumhari laiph ho gayi complete aur tum mujhe mil gayi toh meri laiph ho gayi finish…! Pati ghar se pharar hai. 😝😝😝😝😝😝,True,FunkyLife Hindi Chutkule,https://funkylife.in/chutkule/
HJ-000999,husband-wife,funkylife-viral,hinglish,dialogue,Pati : sabji me namak kyu nahi hai? Patni : woh sabji thodi jal gayi thi na. Pati : toh namak kyu nahi dala? Patni : hum log jale par namak nahi chhidakate. 😝😝😂😂😂😂,True,FunkyLife Hindi Chutkule,https://funkylife.in/chutkule/
HJ-001000,husband-wife,funkylife-viral,hinglish,dialogue,"patni: darling, sunate ho… meri umr 48 sal hote hue bhi aapka Ek Dost mere husn kee tareeph karta hai. Pati : usman Bhai hoga…..!! Patni : aapane kaise pahachana ? Pati : woh sala…….. kabad ka vyapari hai! 😂😂😂😂😂😂😂",True,FunkyLife Hindi Chutkule,https://funkylife.in/chutkule/
HJ-001001,husband-wife,funkylife-viral,hinglish,dialogue,Pati -: main doosare mulk jaa raha hoon…. …. Patni-:bharat jao toh 2-4 sadeeya bhejana dubaayi jao toh jvelari bhej dena phrans jao toh paraphyoom bhej dena Pati-: narak mein jau toh kya bheju..! Patni-: bus apani veediyo bhejana hum bhi toh dekhe Biwi ko satane vale kis hal mein hai.. 😂😂😂😂😂😂,True,FunkyLife Hindi Chutkule,https://funkylife.in/chutkule/
HJ-001002,husband-wife,funkylife-viral,hinglish,dialogue,"Santa kee Patni (Santa se): suno….! aaj mujhe kisi mahangi jagah ghumane le chalo. Santa: theek hai, taiyar ho jao. Patni: vaise kahan chal rahe hai hum? Santa: pahale petrol panp chalenge, phir gais ejensi aur vahan se sab‍ji mandi! 😂😂😂😂😂😂😂",True,FunkyLife Hindi Chutkule,https://funkylife.in/chutkule/
HJ-001003,husband-wife,funkylife-viral,hinglish,dialogue,"chatapate joks chutakule  \n  Santa kee shaadi ho gayi ! Santa suhag raat par apani Patni ko bade pyar se samajha raha tha. Santa: sabase pyar se rahna, sabaki ijzat karna, unka vishvas jeetana, unka dhyan rakhana, accha khana banana aur hamesha sach bolana. Santa kee baat sun dulhan fatafat bistar se uthi aur kamare ka daravaza khol kar chilla kar boli, “sab fatafat andar aa jao yahan baba ji ka pravachan chal raha hai.” 😂😂😂😂😂😂😂",True,FunkyLife Hindi Chutkule,https://funkylife.in/chutkule/
HJ-001004,husband-wife,funkylife-viral,hinglish,dialogue,"Santa (Banta se): aur suna Yaar, Biwi se jhagada khatm huaa ya nahi? Banta: abe ghutanon par chal kar aayi thi mere paas, ghutanon para. …. Santa: kya baat kar raha hai, sach mein.. Banta: aur nahi toh kya. Santa: phir kya boli? Banta: boli bed ke neeche se bahar aa jao, pakka ab nahi marungi. 😂😂😂😂😂😂😂",True,FunkyLife Hindi Chutkule,https://funkylife.in/chutkule/
HJ-001005,husband-wife,funkylife-viral,hinglish,dialogue,"maravadi hath mein bled mar raha tha … Biwi: yeh kya kar rahe ho ji? maravadi: Dettol kee sheeshi toot gayi hai, kaheen dettol barbad na ho jae, la teri oongali bhi kat doon.! 🤪😝🤪😝🤪😝",True,FunkyLife Hindi Chutkule,https://funkylife.in/chutkule/
HJ-001006,husband-wife,funkylife-viral,hinglish,dialogue,"Ek baar train mein teeti ne bench ke neeche soe musaphir ko bahar nikalakar ticket manga. musaphir gidagidate hue kahane laga- sahab maph keejie. Ek baar chhod deejie. meri beti kee shaadi hai aur jaana jaroori hai. teeti ne raham khakar chhod diya. itane mein uski najar doosari bench ke neeche chhupe naujavan par padi. teeti ne usko bahar nikalakar pucha- kyu miyan! kya tumhari bhi beti kee shaadi hai? naujavan ne sharamate hue jawab diya- ji nahi, main inaka hone vala Damad hoon. 😂😂😂😂😂😂😂",True,FunkyLife Hindi Chutkule,https://funkylife.in/chutkule/
HJ-001007,husband-wife,funkylife-viral,hinglish,dialogue,"Ek aadmi (doosare se) – Dost ‘eshiyan pent‍s’ hote hai, jo duniya badal de… ………… garlaphrend ‘evarest masala’ kee tarah test mein best hoti hai… ……….. pahala kuchh aur bol pata, usse pahale hi… doosare ne kaha – …aur Patni ‘machchhar kee kvoil’ kee tarah hoti hai, jo kone-kone se dhoondh-dhoondh ke marati hai. 😂😂😂😂😂😂",True,FunkyLife Hindi Chutkule,https://funkylife.in/chutkule/
HJ-001008,husband-wife,funkylife-viral,hinglish,dialogue,"chhutti ka din tha. Pati mahashay subah-subah Facebook khol kar baith gae. unki Ek mahila Mitra ne saindavich ka photo apalod karake likha, aao sab nashta karen. Pati mahashay ne koment kiya, bahut testi nashta tha, maja aa gaya. Patni ne yeh kament padh liya aur Pati ko nashta hi naheen diya. 4 ghante bhookha rakhane ke bad Patni boli, lanch ghar par karoge ya Facebook par? 😝😝😂😂😂😁😁",True,FunkyLife Hindi Chutkule,https://funkylife.in/chutkule/
HJ-001009,husband-wife,funkylife-viral,hinglish,dialogue,"Santa: Yaar, meri Patni hamesha sadiyon kee hi pharamaish karti rahati hai. kal hi Ek sadi lane ko kah rahi thi. aaj subah phir Ek sadi mang rahi thi Banta: ajeeb baat hai. itani sadiyon ka kya karti hai? Santa: pata naheen. mainne kabhi sadi lakar toh dee naheen. 😝🤣🤣🤣😂😂😂",True,FunkyLife Hindi Chutkule,https://funkylife.in/chutkule/
HJ-001010,husband-wife,funkylife-viral,hinglish,dialogue,"Pati aur Patni kaheen jaa rahe the. tabhi Ek Bhikhari vahan se gujara aur aavaj lagaayi- ‘ai husn kee mallika, andhe ko 5 roopae de de.’ Pati ne Patni kee taraph dekha aur bola- ‘de Do, bechara vakaayi andha hai…’ 😝😂😂😂😂😂",True,FunkyLife Hindi Chutkule,https://funkylife.in/chutkule/
HJ-001011,husband-wife,funkylife-viral,hinglish,dialogue,"Facebook ke Chutkule in Hindi  \n  Pati ne nayi car khareedi aur socha ki Biwi ko sarapraij diya jae. ghar mein pahunchate hi Biwi ko zor se aavaj dete hue bola, ‘darling, tumhara itane salon ka sapna aaj poora ho gaya.’ Biwi daudati hui rasoeeghar se bahar aayi aur chillaayi: hay, hay! mami ji ko kya ho gaya? 😝😝😜🤣🤣🤣",True,FunkyLife Hindi Chutkule,https://funkylife.in/chutkule/
HJ-001012,husband-wife,funkylife-viral,hinglish,dialogue,"hindi ka peeriyad tha.. Master ne pucha: kavita aur nibandh main kya antar hai stoodent: premika ke munh se nikala Ek shabd bhi kavita hota hai aurapatni ka Ek hi shabd nibandh ke saman hota hai Master ke aankh main aansu aa gaye, gala bhar aaya.. unhone us ladake ko class ka maneetar banaya . 😂😂😂😂😂😂😂",True,FunkyLife Hindi Chutkule,https://funkylife.in/chutkule/
HJ-001013,husband-wife,funkylife-viral,hinglish,dialogue,"Damad apani Saas se baat karta hain : aapki beti mein toh hazaron kamiyan hain . Saas: han Beta , isi vajah se toh use accha Ladka nahi mila. 😀 😝😝😝😝🤣🤣🤣",True,FunkyLife Hindi Chutkule,https://funkylife.in/chutkule/
HJ-001014,husband-wife,funkylife-viral,hinglish,dialogue,Pati- sutali bam hai kya? Patni- divali khatm ho gaayi…ab sutali bam kyu chahiye? . . Pati- tumhare mayake se aaya besan ka laddu phodana hai. 😂😂😂😂😂😂,True,FunkyLife Hindi Chutkule,https://funkylife.in/chutkule/
HJ-001015,husband-wife,funkylife-viral,hinglish,one-liner,"Ek Ladki ne bus stop par Ek haindasam ladake ko dekha aur mohit hokar boli—” I LOVE YOU. ” , ladake ne Ladki ke Sir par usi ka dupatta rakha aur bola—” ram ka nam japa karo ,, pyar muhabbat mein kuchh nahi rakha. , is kagaz par gayatri mantr likhakar de raha hoon, ise sone se pahale roz padh liya karo. . ( ladake ne kagaz likhakar Ladki ko pakadaya, bus aayi aur woh nikal gaya ) . sharminda Ladki ne kagaz kholakar dekha toh usame likha tha—” akl kee andhi, pitavaegi kya ? 😲 . peechhe meri Biwi khadi thi.. yeh mera mobile nanbar hai. sev kar le. phone par baat karenge, aur han…. I LOVE U 2 😘 . 😁😁😜😝",True,FunkyLife Hindi Chutkule,https://funkylife.in/chutkule/
HJ-001016,husband-wife,funkylife-viral,hinglish,dialogue,Ek mahashay kee sasural ganv mein thi. Ek baar woh sasural pahuche aur unhone apane sale sahab ko Ek badhiya kism kee itr kee sheeshi bhent mein di. sale sahab ne itr apani hatheli par dala aur chat gae. bahanoi ko bada gussa aaya unhone Sasur ji se shikayat ki. is par Sasur ji bole – bada nalayak hain. ghar mein roti thi toh roti mein lagakar khata. 😝😝😝😂😂😂😂,True,FunkyLife Hindi Chutkule,https://funkylife.in/chutkule/
HJ-001017,husband-wife,funkylife-viral,hinglish,dialogue,"apane Vakeel Pati se Patni ne kaha – e ji , phrij aur ti.vi kab leejiega ? padosan ke yahan donon cheejen hain. . Vakeel Pati – ne muskarakar jawab diya – kuchh din aur sabr karo. Ek talak ka mukadama hath mein hain. jaise hi unka ghar ujadega, apana ghar bus jaega. 😝😝😂😂😂😂😂",True,FunkyLife Hindi Chutkule,https://funkylife.in/chutkule/
HJ-001018,husband-wife,funkylife-viral,hinglish,dialogue,"shaadi ke teesare din Patni ne apane nikhattu Pati se man kee ichchha jahir kee, maine bi e paas kiya hai, agar naukari karoon, toh aapko etaraj hoga? . Pati – tum bhi kamaal karti ho, isi ummeed par toh mainne tumse shaadi kee hai. 😝😂😂😂😂😂😂",True,FunkyLife Hindi Chutkule,https://funkylife.in/chutkule/
HJ-001019,husband-wife,funkylife-viral,hinglish,dialogue,"Doctor- tum pagal kaise hue? pagal- mainne Ek vidhava se shaadi kee, uski javan beti se mere Baap ne shaadi kee toh meri woh beti meri man ban gaayi. unke ghar beti hui toh woh meri Behen hui, magar main uski nani ka shauhar tha. isalie woh meri navasi bhi hui. isi tarah mera Beta apani dadi ka Bhai ban gaya aur main apane Beta ka bhanja. aur mera Baap mera Damad ban gaya aur mera Beta apane dada ka sala ban gaya aur.. Doctor- abe chupakar mujhe bhi pagal karega kya? 😝😝😂😂🤣🤣🤣",True,FunkyLife Hindi Chutkule,https://funkylife.in/chutkule/
HJ-001020,husband-wife,funkylife-viral,hinglish,dialogue,malakin ko udas dekhakar naukarani ne karan pucha toh malakin ne bataya – mere Pati office kee sundar Ladki se pyar karane lage hain. naukarani ne kaha – nahi aisa kabhi nahi ho sakata. yeh sab aap mujhe jalane ke liye kah rahi hain. 😝😂😂😂😂😂,True,FunkyLife Hindi Chutkule,https://funkylife.in/chutkule/
HJ-001021,husband-wife,funkylife-viral,hinglish,dialogue,"piyakkadapan ke liye badanam Ek bade amareeki Vakeel ko ladakhadate hue lautate dekh unki padosan unse boli padosan – agar main aapki Patni hoti toh aapko jahar pila deti. amareeki Vakeel- devi ji, agar aap meri Patni hoteen, toh main jahar pi leta. 😝😂😂🤣🤣🤣",True,FunkyLife Hindi Chutkule,https://funkylife.in/chutkule/
HJ-001022,husband-wife,funkylife-viral,hinglish,dialogue,"Ek mahila jyotishi ke paas apana bhavishy janane pahunchi. jyotishi : Teen mah bad aapke Pati ka saya aapke sir se uth jaega. mahila : lekin unhe mare hue Chaar varsh beet chuke hain. jyotishi : accha, toh phir aap par aapke Pita kee chhatrachhaya nahi rahegi. mahila : unhe gujare hue bhi kaayi sal beet gaye hain. jyotishi : tab aap apane bade Bhai kee chhatrachhaya se vanchit ho jaengi. mahila : lekin maharaj, main toh apane man-Baap kee ikalauti santan hoon. jyotishi : toh phir aapka chhata jaroor kho jaega. 😝😂😂😂🤣🤣🤣",True,FunkyLife Hindi Chutkule,https://funkylife.in/chutkule/
HJ-001023,husband-wife,funkylife-viral,hinglish,dialogue,"reema – “main kisi aise khushamijaj vyakti se shaadi karna chahati hoon jo accha gata ho, badhiya dansar ho, mujhe roz nayi-nayi jagah dikhae, har haphte pikchar dikhane le jae, duniya bhar kee baten kare, main jab bolane ko kahoon toh bole aur chup rahane ko kahoon toh chup ho jaye. . ”seema – “mere khayal se tumhe Pati kee nahi, teleevijan set kee aavashyakata hai…!!” 😝😂😂😂🤣🤣🤣",True,FunkyLife Hindi Chutkule,https://funkylife.in/chutkule/
HJ-001024,husband-wife,funkylife-viral,hinglish,dialogue,Ek aadmi kee Biwi lapata ho gayi. us aadmi ne akhabar mein Biwi kee gumashudagi ka ishtahar kuchh is tarah chhapavaya – “meri Biwi pichhale Paanch dinon se lapata hai. jo koi bhi uski khoj-khabar mere paas laega ya use khojane kee koshish karega… woh apani jan se hath dho baithega !” 😝😂😂😂🤣🤣🤣,True,FunkyLife Hindi Chutkule,https://funkylife.in/chutkule/
HJ-001025,teacher-student,funkylife-viral,hinglish,dialogue,"Teacher: Beta, batao jan kaise nikalati hai? Pappu: khidaki se. Teacher: kya matalab? Pappu: deedi ​kal hi Ek ladake se kah rahi thi- jan, khidaki se nikal jao. 😝😂😂😂😂😂",True,FunkyLife Hindi Chutkule,https://funkylife.in/chutkule/
HJ-001026,teacher-student,funkylife-viral,hinglish,dialogue,"prophaisar ne hindi class main puchha – “gali kee paribhasha batao ..” stoodent bola – atyadhik krodh aane par shareerik roop se hinsa na karte hue, maukhik roop se kee gayi hinsatmak karyavahi ke liye chune gaye shabdon ka samooh , jisake uchcharan ke pashchat man ko aseem shanti ka anubhav hota hain, use hum gali kahate hain !! prophesar – aapke charan kahan hain prabhu 😂😂😂😂😂😂😂😂",True,FunkyLife Hindi Chutkule,https://funkylife.in/chutkule/
HJ-001027,teacher-student,funkylife-viral,hinglish,dialogue,"Pita- tumhare rijalt ka kya huaa..?? putr- hedamastar ka bete phel ho gaya…. Pita- aur tum..?? putr- Doctor ka Beta bhi phel ho gaya…. Pita- aur tumhara rijalt kaisa aaya..?? putr- woh Vakeel ka Beta bhi phel ho gaya…. Pita- nalayak, main tere rijalt ke bare mein poochh raha hoon!! Beta : toh aap kaun se rajaneekant ho??? aapka Beta bhi phel ho gaya!!! 😂😂😂😂😂😂😂😂",True,FunkyLife Hindi Chutkule,https://funkylife.in/chutkule/
HJ-001028,teacher-student,funkylife-viral,hinglish,dialogue,Teacher (Student se)- batao hathi aur ghode mein kya phark hota hai? Student – Sir ghode kee Ek taraph dum hoti hai aur hathi kee donon tarapha. 😂😂😂😂😂,True,FunkyLife Hindi Chutkule,https://funkylife.in/chutkule/
HJ-001029,teacher-student,funkylife-viral,hinglish,dialogue,"Teacher : paani me rahane vale 5 jeeo ke nam batao.? Pappu : mendek Teacher : vheri gud, baki Chaar bolo.. Pappu : uski ma, uska Baap, uski behan aur uska Bhai!! 😝😝😝😂😂😂😂",True,FunkyLife Hindi Chutkule,https://funkylife.in/chutkule/
HJ-001030,teacher-student,funkylife-viral,hinglish,dialogue,"adhyapak ne Ek Bacche se pucha – hajar ke bad lakh, phir karod, phir arab aata hai, arab ke bad kya aata hai? Student ne kaha – Sir! arab ke bad eeran aata hai. 😝😂😂😂😂😂",True,FunkyLife Hindi Chutkule,https://funkylife.in/chutkule/
HJ-001031,teacher-student,funkylife-viral,hinglish,dialogue,adhyapak ne uresh se kaha – suresh ! tum kaksha mein sabase peechhe ho? … suresh ne kaha – nahi Masterji! mere peechhe deevar bhi hai. 😝😂😂😂,True,FunkyLife Hindi Chutkule,https://funkylife.in/chutkule/
HJ-001032,teacher-student,funkylife-viral,hinglish,dialogue,"Teacher: tum kahan paida hue? stoodent: Sir, tiruvanantapuram mein. Teacher: speling batao. stoodent: Sir, ab mujhe lagata hai, main gova mein paida huaa tha. 😝😂😂😂😂",True,FunkyLife Hindi Chutkule,https://funkylife.in/chutkule/
HJ-001033,teacher-student,funkylife-viral,hinglish,dialogue,ram ( Teacher se ) – mera Beta itihas mein kaisa hai? main toh itihas mein bahut kamajor tha… . Teacher – bus yoon samajhie ki itihas apane-aap ko dohara raha hai…! 😝😂😂🤣🤣🤣,True,FunkyLife Hindi Chutkule,https://funkylife.in/chutkule/
HJ-001034,teacher-student,funkylife-viral,hinglish,dialogue,"Teacher Student Funny Chutkule  \n  Teacher: batao “aayi lav yu shabd” ka aavishakar kis desh main huaa? student 8 chaina mein 😋 Teacher 8 woh kaise ? 🙄 toodent isamen sare chaineez gun hain na koi garanti, na koi varanti chale toh chand tak, na chale toh shaam tak 😂😂😂😂😂😂😂😂",True,FunkyLife Hindi Chutkule,https://funkylife.in/chutkule/
HJ-001035,teacher-student,funkylife-viral,hinglish,one-liner,"hariyane kee lugaiyon na angrejji sikhan khattar Teacher aaeen. ib A phor eppal B phor boy toh samajhana aasan nahi tha isalie naya tareeka nikala gaya. … A phor amar kee Bahu, B phor babalu kee Bahu, C phor chandar kee Bahu, ….. acchi tarai ratavaya, ar pher test liya. ….. taayi kanphyooz ho gayi. W dekh ke kahanan lagi, dikkhe toh yo madan kee Bahu sai, par tangan na uppar kyoon karake padi sai. 😂😂😂😂😂😂😂😂😂😂",True,FunkyLife Hindi Chutkule,https://funkylife.in/chutkule/
HJ-001036,teacher-student,funkylife-viral,hinglish,dialogue,"Teacher: ladakiyan agar paraya dhan hoti hain, toh ladake kya hote hain? tappu: Sir ladake Chor hote hain. … Teacher: woh kaise? tappu: kyonki choron kee nazar hamesha parae dhan par hoti hai. 😂😂😂😂😂😂😂",True,FunkyLife Hindi Chutkule,https://funkylife.in/chutkule/
HJ-001037,teacher-student,funkylife-viral,hinglish,dialogue,"Master ji ne stoodent ka lanch poora kha liya aur dakarate hue bole : Beta, ghar jakar mera nam toh nahi loge ki mainne tumhara lanch kha liya… …. Baccha masoomiyat ke saath : nahi Master ji, main ghar jakar bol doonga ki…ki….mera khana kutta kha gaya… 😝😝😝😝😝😝😝",True,FunkyLife Hindi Chutkule,https://funkylife.in/chutkule/
HJ-001038,teacher-student,funkylife-viral,hinglish,dialogue,"rasayan shastr kee kaksha mein Teacher: paani ka phormoola batao stoodent: H2O + MgCl2 + CaSO4 + AlCl3 + NaOH + KOH + HNO3 +HCl + CO2 … Teacher: yeh uttar galat hai . stoodent: Madam, yeh nale ka paani hai. 😝😝😝🤣🤣🤣🤣",True,FunkyLife Hindi Chutkule,https://funkylife.in/chutkule/
HJ-001039,teacher-student,funkylife-viral,hinglish,dialogue,chutkule hasi ke  \n  adhyapika- itane din se kahan the? Student- bard phlu ho gaya tha. adhyapika- par yeh toh bard mein hota hai insanon mein nahi. Student- insan samajha hi kahan aapane…roj toh murga bana deti ho. 😝😝😝😂😂😂😂😂,True,FunkyLife Hindi Chutkule,https://funkylife.in/chutkule/
HJ-001040,teacher-student,funkylife-viral,hinglish,dialogue,"Teacher- ikabal ke is sher ka matalab batao khol aankh jameen dekh, phalak dekh phija dekh masharik se ubharate hue, sooraj ko jara dekh stoodent- Sir ikabal kah rahe hain…. gud morning 😁😁😁😁😁😁",True,FunkyLife Hindi Chutkule,https://funkylife.in/chutkule/
HJ-001041,teacher-student,funkylife-viral,hinglish,dialogue,"pahali class ka Baccha Madam se, main aapko kaisa lagata hoon? Madam- bahut hi pyare. Baccha- toh phir main apane Mummy-Papa ko aapke ghar kab bheju? Madam- woh kyu? Baccha- taki woh hamari baat aage chalaye. Madam- yeh kya bakavas hain? Baccha- are Madam tyooshan padhane ke liye….. aap bhi na kasam se.. teevi, vatsaap dekh dekh kar kharab ho gayi hain 😝😝😝😂😂😂😂",True,FunkyLife Hindi Chutkule,https://funkylife.in/chutkule/
HJ-001042,teacher-student,funkylife-viral,hinglish,dialogue,"adhyapak – ( chhatron se ) bataon gulam kitne prakar ke hote hai? Student – Sir ! Chaar prakar ke. adhyapak – kaun-kaun se hote hai? Student – pan ka gulam, chidi ka gulam, hukm ka gulam, aur eet ka gulam 😝😂😂😂😂😂😂",True,FunkyLife Hindi Chutkule,https://funkylife.in/chutkule/
HJ-001043,teacher-student,funkylife-viral,hinglish,dialogue,adhyapak – batao gadhe aur manushy mein kya phark hai? Student – manushy ko gadha kaha jaa sakta hai paranntu gadhe ko manushy nahi kaha jaa sakta hai. 😂😂😂😂😂,True,FunkyLife Hindi Chutkule,https://funkylife.in/chutkule/
HJ-001044,pappu-style,funkylife-viral,hinglish,dialogue,yeh Pappu toh kabhi paas nahi hoga.. .. Ek din kee baat hai Pappu apane Dost ke saath sinema hal men philm dekhane gaya … .. philm dekhate-2 baar baar tayalet jaata baithata phir jaata .. .. ab uske Dost ko gussa aa gaya aur woh Pappu se bola- sale tujhe chain naheen hai kya jo baar baar jaata hai ? .. Pappu dheere se bola- Yaar “chain” toh hai par sali khul hi naheen raheen Yaar !! 😒😞,True,FunkyLife Hindi Chutkule,https://funkylife.in/chutkule/
HJ-001045,pappu-style,funkylife-viral,hinglish,dialogue,Pappu Ladki dekhane gaya Pappu: kitne tak padhi ho Ladki: B.A tak. …. Pappu ne mana kar diya aur bola sali Do akshar padhi hai woh bhi ulate 😝😝😝😝😝,True,FunkyLife Hindi Chutkule,https://funkylife.in/chutkule/
HJ-001046,pappu-style,funkylife-viral,hinglish,dialogue,Pappu train se apane ‘ganv jaa raha tha . teeti aaya . ti ti: ticket dikhao . Pappu: gareeb hai sahab!!! chatani basi roti khate hai . ti ti: ticket dikhao? . Pappu: gareeb aadmi hain sahab sag dal roti khate hain . ti ti gusse mein- toh hum kya gobar khate hain . Pappu: bade aadmi ho sahab khate hoge 😝😝😝😂😂😂😂,True,FunkyLife Hindi Chutkule,https://funkylife.in/chutkule/
HJ-001047,pappu-style,funkylife-viral,hinglish,dialogue,"Ek boodhi aurat ai ti em ke paas Pappu se boli : Beta mera bailans chek karna ! . Pappu ne use dhakka de diya, boodhi aurat gir gayi ! . Pappu : aapka bailans kharab hai ! 😝😂😂🤣🤣",True,FunkyLife Hindi Chutkule,https://funkylife.in/chutkule/
HJ-001048,pappu-style,funkylife-viral,hinglish,dialogue,Short Jokes in Hindi  \n  Pappu kee naukari chali gayi… Pappu roz Boss ke ghar ke bahar potti kar aata… Boss:- yeh kya harakat hai..?? Pappu:- yeh batana chahata hoon ki.. bhookha nahi mar raha hoon…!! 😝😝😝😝😝😝,True,FunkyLife Hindi Chutkule,https://funkylife.in/chutkule/
HJ-001049,pappu-style,funkylife-viral,hinglish,dialogue,"nattu Vakeel ban gaya. use pahala kes mila mujarim (Vakeel Pappu se): koshish karna umrakaid ho, phansi na ho. Vakeel nattu: tum chinta mat karo, main hoon na. …. peshi ke bad kort ke bahar- patrakar: kya huaa? Vakeel nattu: bahut mushkil se umrakaid karavaayi. Judge toh riha kar raha tha. 😝😝😝😝😝😝",True,FunkyLife Hindi Chutkule,https://funkylife.in/chutkule/
HJ-001050,pappu-style,funkylife-viral,hinglish,dialogue,"Ek baar Pappu train mein safar kar raha tha. train mein bahut bheed hone ke karan Pappu Ek ganje aadmi kee seet par baith gaya. aadmi jhunjhala kar bola, “han-han, mere sir par aa kar baith ja.” Pappu: nahi ankal main yaheen theek hoon, wahan se phisalane ka dar hai! 😝😂😂🤣🤣",True,FunkyLife Hindi Chutkule,https://funkylife.in/chutkule/
HJ-001051,pappu-style,funkylife-viral,hinglish,dialogue,"Pappu ne gali ke kone mein kachara phek diya ! thodi der bad woh ghoom phir kar gali mein aaya, toh mohalle vale aapas mein lad rahe the ke kachara kisne pheka ..?? . Ek aadmi ne gusse se kaha : “pheka hoga kisi kutte ke Bacche ne !” Pappu said mein jaa kar bahut hansa aur bola : “kachara mainne pheka aur nam kutte ke Bacche ka lag gaya !” 😝😂😂🤣🤣🤣",True,FunkyLife Hindi Chutkule,https://funkylife.in/chutkule/
HJ-001052,clean-family-friendly,funkylife-viral,hinglish,dialogue,"Ek Bhikhari roz-roz mang kar khate-khate tang aa gaya tha. Ek din usne bhagavan se prarthana kee – “bhagavan, mujhe khane ko aisa kuchh de jo khane par bhi khatm na ho !” … bhagavan bole – “yeh le Beta …. chyooing gam !” 😝😝😝😂😂😂😂",True,FunkyLife Hindi Chutkule,https://funkylife.in/chutkule/
HJ-001053,clean-family-friendly,funkylife-viral,hinglish,one-liner,"amitabh bachchan aur pran sahab bus stop par khade the. bus aayi, pran sahab bus mein chadh gaye, lekin amitabh nahi chadhe. kyonki bus par likha tha, raghukul reet sada chali aayi, ‘pran’ jaayi par ‘bachan’ na jaayi 🙂 🤣🤣🤣🤣😂😂",True,FunkyLife Hindi Chutkule,https://funkylife.in/chutkule/
HJ-001054,clean-family-friendly,funkylife-viral,hinglish,dialogue,"majedar hindi chutakule  \n  Ek raat Ek ghar mein Chor ghus aaya. khatapat sunakar malik kee aankh khul gaayi. malik: kaun hai? Chor: myaoon. malik: kaun hai? Chor: myaoon. malik: kaun hai? Chor: abe sale, billi hoon billi. 😝😝😂😂😂😂😂",True,FunkyLife Hindi Chutkule,https://funkylife.in/chutkule/
HJ-001055,clean-family-friendly,funkylife-viral,hinglish,dialogue,Pita (bete ke path yad na hone par gusse mein)- tumane gadha dekha hai? Beta- han. Pita- ullu? Beta- han. Pita- tumhari shakl donon kee tarah hai. Beta- par Mummy toh kahati hain main aapke jaisa dikhata hoon. 😝😝😝😂😂😂😂😂,True,FunkyLife Hindi Chutkule,https://funkylife.in/chutkule/
HJ-001056,clean-family-friendly,funkylife-viral,hinglish,dialogue,"Pita- Beta, 5 ke bad kya aata hai? Beta- 6 aur 7? Pita- vah mera samajhadar beta. aur 6,7 ke bad? Beta- 8,9,10. Pita- kya baat hai Beta vah, aur uske bad? Beta- gulam, begam, badashaha. 😝😝😝😝😝",True,FunkyLife Hindi Chutkule,https://funkylife.in/chutkule/
HJ-001057,clean-family-friendly,funkylife-viral,hinglish,dialogue,Interviewer: Can you talk in a British accent? Candidate: Yep. I: Say something… C: doogana lagan dena padega. I: get out 😝😝🤣🤣🤣🤣🤣,True,FunkyLife Hindi Chutkule,https://funkylife.in/chutkule/
HJ-001058,clean-family-friendly,funkylife-viral,hinglish,dialogue,Jokes in Hindi  \n  Beta : mubarak ho man. aaj meri sat janm ke liye naukari lag gayi hai.  man : accha Beta woh kaise? Beta : kyonki man mujhe Ek teevi seeriyal mein kam mil gaya hai. 😂😂😂😂😂😂,True,FunkyLife Hindi Chutkule,https://funkylife.in/chutkule/
HJ-001059,clean-family-friendly,funkylife-viral,hinglish,dialogue,"chhagan : main yahan nahi rahoonga! itana chhota sa kamara. na toh koi khidaki hai or na batharoom! mujhe mere paise vapas chahie.  vetar : lekin Sir yeh toh…  chhagan : nahi-nahi, mujhe paise vapas de Do!  vetar  : abe ganvar oopar room mein toh chal, yeh toh lipht hai! 😝😝😂😂😂😂",True,FunkyLife Hindi Chutkule,https://funkylife.in/chutkule/
HJ-001060,clean-family-friendly,funkylife-viral,hinglish,dialogue,"Bhikhari : bhagavan ke nam par kuchh de do.  Ladki : kuchh nahi hai baba, maph karo.  Bhikhari : kuchh nahi toh apana mobile nanbar hi de Do, baba duaa bhi karega aur message bhi! 😂😂😂😂😂😂",True,FunkyLife Hindi Chutkule,https://funkylife.in/chutkule/
HJ-001061,clean-family-friendly,funkylife-viral,hinglish,dialogue,"New Chutkule in Hindi  \n  Ek aadmi ke ghar ke samane kutta mara pada tha. usani nagar nigam valon ko phone kiya “mere ghar ke samane kutta mara pada huaa hai uthava len.” . jawab mila: vaheen dafana Do . aadmi ko gussa toh bahut aaya par aaram se bola: “ji main toh dafan karane laga tha, par kutte ke bachchon ko batana bhi toh zaroori tha. ki munh dekh lo apane Baap ka. 😜😜😜😜😜😜😜😜",True,FunkyLife Hindi Chutkule,https://funkylife.in/chutkule/
HJ-001062,clean-family-friendly,funkylife-viral,hinglish,dialogue,"Papa- kitni phreekvensi ka bhookanp aaya tha. Beta – 7.9 ka. Papa – are vah Beta, aajakal toh bhookanp bhi tere nanbar se zyada aane lage. 😂😂😂😂😂😂",True,FunkyLife Hindi Chutkule,https://funkylife.in/chutkule/
HJ-001063,clean-family-friendly,funkylife-viral,hinglish,dialogue,chhagan kee 90 sal kee dadi gujar gaeen. maiyyat mein kaayi log ro rahe the. pahala aadmi : amma… humein bhi le jateen.. doosara aadmi : amma humein bhi le jateen… Do-Chaar aadmi aur bole : amma humein bhi le jateen.. chhagan (guss mein) : abe salon chup ho jao…amma kya loding tempo karake gayi hain. 🤣🤣🤣🤣😂😂😂😂,True,FunkyLife Hindi Chutkule,https://funkylife.in/chutkule/
HJ-001064,clean-family-friendly,funkylife-viral,hinglish,dialogue,"Baap, bete se :- kya chal raha hai tera us Ladki ke satha. dinabhar uske saath ghoomate rahata hai, us par paise kharch karta hai. log tarah tarah kee baten kar rahe hai, kya jawab du unhe?? . . Beta : pitaji unse kahana bajeerav ne mastani se mohabbat kee hai ayyasi naheen. de thappad pe thappad 😂😂😂😂😂😂",True,FunkyLife Hindi Chutkule,https://funkylife.in/chutkule/
HJ-001065,clean-family-friendly,funkylife-viral,hinglish,dialogue,"Ek baar Ek aatankavadi ne boodhi aurat ke ghar mein bam rakh diya. aasapas ke logon ne dekha toh woh zor-zor se chillane lage: budhiya bam hai, bu‍dhiya bam hai…..! . . . . . . budhiya (sharmate hue boli): dhata. woh toh main javani mein thi….! ab nahi rahi. 😂😂😂😂😂😂",True,FunkyLife Hindi Chutkule,https://funkylife.in/chutkule/
HJ-001066,clean-family-friendly,funkylife-viral,hinglish,dialogue,"100 hindi chutakule  \n  Ek raja ne apane Employee ko Ek mariyal-sa ghoda inam mein diya. Employee khushi-khushi woh ghoda apane ghar le gaya. lekin usi raat woh ghoda mar gaya. agale din raja ne jab ghode ke bare mein pucha toh Employee ne bataya – mere aaka, aisa tej raphtar ghoda mainne koi doosara apane jeevan mein nahi dekha, woh Ek hi raat mein is duniya se us duniya mein pahunch gaya 😝😂😂😂🤣🤣🤣",True,FunkyLife Hindi Chutkule,https://funkylife.in/chutkule/
HJ-001067,clean-family-friendly,funkylife-viral,hinglish,dialogue,putr – man mai bhi talab mein tairana chahata hun ? man – nahi ! Beta doob jaoge. putr – lekin pitaji toh ghante-bhar se talab me tair rahen hai. man – Beta tumhare Papa ka beema ho chuka hai. 😝😂😂😂😂😂😂,True,FunkyLife Hindi Chutkule,https://funkylife.in/chutkule/
HJ-001068,clean-family-friendly,funkylife-viral,hinglish,dialogue,"el ke ji ke Bacche ko imtahan mein jeero mila. Pita – ( gusse se ) yeh kya hai ? Baccha – Papa, maim ke paas star khatm ho gaye toh unhone mujhe moon de diya. 😝😝😝😂😂😂",True,FunkyLife Hindi Chutkule,https://funkylife.in/chutkule/
HJ-001069,clean-family-friendly,funkylife-viral,hinglish,dialogue,"Beta – “Papa, 10 rupaye dena gareeb ko dena hai …!” . Papa – “kahan hai gareeb … ?” . Beta – “bechara bahar dhoop mein aaisakreem bech raha hai … !” 😝😝😂😂😂😂",True,FunkyLife Hindi Chutkule,https://funkylife.in/chutkule/
HJ-001070,clean-family-friendly,funkylife-viral,hinglish,dialogue,"Ek kanjoos seth jab marane ko huaa toh Ek rishtedar ne kaha- ab toh aap mar hi rahe hain, jaate-jaate samaj ke liye kuchh de jaie. . seth – ab jan toh de raha hoon , isse zyada kya chahiye samaj ko. 😜😝😂😂😂😂😂",True,FunkyLife Hindi Chutkule,https://funkylife.in/chutkule/
HJ-001071,clean-family-friendly,funkylife-viral,hinglish,dialogue,"Majedar Chutkule  \n  Do aadmi apane mohalle ke Ek vyakti ke mar jane par shok-sabha main baithe the. Ek aadmi ne doosare aadmi se kaha – bechara poori jindagi Ek-Ek dane ko mohataj raha, aur kismat palati toh kahan aakara. doosare aadmi ne pucha – kahan aakar? pahale aadmi ne bataya – jab kabr khodi jaa rahi thi toh jameen mein se sone ka mataka nikal aaya. 😝😂😂😂😂😂",True,FunkyLife Hindi Chutkule,https://funkylife.in/chutkule/
HJ-001072,clean-family-friendly,funkylife-viral,hinglish,dialogue,udate hue havaayi jahaj ka chalak achanak hi zor se hans pada. jab usse hansane ka karan pucha gaya toh woh bola – jab pagal khane ke adhikariyon ko pata chalega ki main vahan se bhag gaya hoon toh ve bechare kya sochenge. 😝😂😂😂🤣🤣🤣,True,FunkyLife Hindi Chutkule,https://funkylife.in/chutkule/
HJ-001073,clean-family-friendly,funkylife-viral,hinglish,dialogue,"pahala kaidi – shaklen bhi khoob dhokha deti hain. Ek baar Ek sahab mujhe dileep kumar samajh baithe. . doosara kaidi – theek kah rahe ho, mere saath bhi aisa hi huaa. mujhe dekhakar Ek sahab javaharalal neharu ka dhokha kha gae. . teesara kaidi – aji, yeh toh kuchh bhi naheen. main jab chauthi baar jel pahuncha toh jelar bola – he bhagavan ! tu phir aa gaya. 😝😂😂😂😂🤣🤣",True,FunkyLife Hindi Chutkule,https://funkylife.in/chutkule/
HJ-001074,clean-family-friendly,funkylife-viral,hinglish,dialogue,"kisi aadmi ne apane Ek Mitra ko davat dee, sara khana vahi kha gaya. ghar vale bhookhe rah gae. Paanch sal ka babalu toh bhookh ke mare ro pada. uski man ne kaha- Beta mehaman ko jane Do, sare milakar roenge, tum akele kyu rote ho? 😝😝😂😂😂🤣🤣",True,FunkyLife Hindi Chutkule,https://funkylife.in/chutkule/
HJ-001075,clean-family-friendly,funkylife-viral,hinglish,dialogue,"inspektar – “kya tumane bhagate hue qatil ko pakad liya?” havaladar – “nahi Sir, par uski ungaliyon ke nishan le aaya hoon !” inspektar – “chalo theek hai … kahan hain nishan ?” havaladar – “Sir, mere galon par !” 😝😂😂😂🤣🤣🤣",True,FunkyLife Hindi Chutkule,https://funkylife.in/chutkule/
HJ-001076,clean-family-friendly,funkylife-viral,hinglish,dialogue,"dilachasp chutakule  \n  jyotishi munna ka hath dekhakar- Beta tum bahut padhoge. . munna- padh toh main 4 sal se raha hoon, yeh batao ki pass kab hooonga. 😝😂😂😂😂😂",True,FunkyLife Hindi Chutkule,https://funkylife.in/chutkule/
HJ-001077,clean-family-friendly,funkylife-viral,hinglish,dialogue,"Ek aadmi jo tairana nahi janata tha, galati se gahari jheel mein gir gaya. doobate-doobate uske hath mein Ek machhali aa gayi. usne poori takat se machhali ko paani se bahar phenka aur bola – “jaa ! kam se kam tu toh apani jan bacha le…!” 😝😂😂😂🤣🤣🤣",True,FunkyLife Hindi Chutkule,https://funkylife.in/chutkule/
HJ-001078,clean-family-friendly,funkylife-viral,hinglish,dialogue,premika : mere onth gulab kee pankhudi jaise hain na ? premi : han premika : meri aankhen kamal ke phool jaisi hain na ? premi : han premika : meri aavaj koyal jaisi hai na ? premi : han premika : meri chal morani jaisi hai na ? premi : han premika : oh ! tum kitni acchi baten karte ho…! 😝😂😂🤣🤣🤣🤣,True,FunkyLife Hindi Chutkule,https://funkylife.in/chutkule/
HJ-001079,clean-family-friendly,funkylife-viral,hinglish,dialogue,tarabooj vale se mainne pucha kee bhaiya tarabooj par thapaki marane se aapko kaise pata chal jaata hai ki bilkul lal aur meetha nikalega woh bola- mujhe kya pata sahab Papa ne sikhaya tha 2 tarabooj ko thapaki maro or teesara uthakar de Do toh Grahak khush ho jaata 😂😂😂😂😂😂,True,FunkyLife Hindi Chutkule,https://funkylife.in/chutkule/
HJ-001080,clean-family-friendly,funkylife-viral,hinglish,dialogue,Husband : yeh kya vahiyat shopping karti rahati ho.. itani ghatiya cheeje kaise pasand aati hai tumako ? …. Wife : o hello aapko bhi mainne hi pasand kiya hai… Husband : 🤐😬🤬😤😠🤬,True,FunkyLife Hindi Chutkule,https://funkylife.in/chutkule/
HJ-001081,clean-family-friendly,funkylife-viral,hinglish,dialogue,mainne Ek Bacche se puchha : aaj aanganabadi kyu nahi gaye? badi masoomiyat se kahane laga – kamabakht kal mujhe taul rahe the …. kya pata aaj bech de. 😂😂😂😂😂,True,FunkyLife Hindi Chutkule,https://funkylife.in/chutkule/
HJ-001082,clean-family-friendly,funkylife-viral,hinglish,dialogue,"Ladki vale- humein aisa Ladka chahiye, jo kuchh khata peeta na ho, aur kuchh galat kam na karta ho. …. Pandit- aisa Ladka toh aapko ICU ke imarajensi vard mein hi milega. 😂😂😂😂😂😂😂",True,FunkyLife Hindi Chutkule,https://funkylife.in/chutkule/
HJ-001083,clean-family-friendly,funkylife-viral,hinglish,dialogue,ganv kee Ek aurat ne teji se aa rahi bus ko hath dikhakar roka draivar ne achanak brek mara aur pucha: kahan jaana hai? …. aurat boli: jaana kaheen nahi hai…. Baccha ro raha hai jara pon-pon baja Do…!! 😂😂😂😂😂😂,True,FunkyLife Hindi Chutkule,https://funkylife.in/chutkule/
HJ-001084,clean-family-friendly,funkylife-viral,hinglish,dialogue,"Beta – Papa Ek baat boloon… Papa – han bol… Beta – Facebook par mere 10 phek aaeedi hain. Papa – haramakhor mujhe kyu bata raha hai? Beta – aap jis pooja sharma ko 10 din se chai pe bula rahe ho, woh main hi hoon… 😂😂😂😂😂😂",True,FunkyLife Hindi Chutkule,https://funkylife.in/chutkule/
HJ-001085,clean-family-friendly,funkylife-viral,hinglish,dialogue,chunnu aaram se baitha tha ! munnu (chunnu se) : kuchh kam karo ! chunnu : main garmiyon mein kuchh kam nahi karta hoon ! munnu : aur sardiyon mein kya kam karte ho ? chunnu : garmiyan aane ka intajar ! 😆😆😆😆😆😆😆,True,FunkyLife Hindi Chutkule,https://funkylife.in/chutkule/
HJ-001086,clean-family-friendly,funkylife-viral,hinglish,dialogue,"Ek aadmi raat ko gali ke samane khada tha. vahan ke chaukeedar ne dekha toh kadak kar pucha kaun ho tum yahan kya kar rahe ho? aadmi bola, “mera nam sher sinh hai"". chaukeedar: Baap ka nam kya hai? aadmi: shamasher sinha. chaukeedar: kahan rahate ho? aadmi: sheron vale mohalle men. chaukeedar: toh itani raat mein yahan khade kya kar rahe ho, jao apane ghar jao? aadmi: kaise jaoon, aage kutte bhaunk rahe hain. 😂😂😂😂😂😂😂",True,FunkyLife Hindi Chutkule,https://funkylife.in/chutkule/
HJ-001087,clean-family-friendly,funkylife-viral,hinglish,dialogue,"gunda ( bandook tanate hue ) : jindagi chahate ho toh apana pars mere havale karado ! Sardar ji : yeh lo ! gunda : kitne moorkh ho tum, meri bandook mein toh goli hi nahi hai ! Sardar ji : aur mere pars mein bhi kahan rupaye the ! 😝😝😝😝😝😝😝",True,FunkyLife Hindi Chutkule,https://funkylife.in/chutkule/
HJ-001088,clean-family-friendly,funkylife-viral,hinglish,dialogue,"Sardar ji kee man : puttar tujhe yahan se jalandhar jane mein 1 din laga aur vapas aane mein 3 din lage, woh bhi nayi car se aisa kyu ?? …. Sardar ji : man! yeh car banane vale bhi pagal hain ! aage jane ke liye 4 giyar banaye hain, aur vapas aane ke liye keval 1 hi rivars giyar banaya hai ! 🤪🤪🤪🤪🤪🤪",True,FunkyLife Hindi Chutkule,https://funkylife.in/chutkule/
HJ-001089,clean-family-friendly,funkylife-viral,hinglish,dialogue,"6 sal ka chintu apani Mummy ke saath ka photo khinchavane ke liye photo stoodiyo gaya. photographar Bacche ko puchakarate hue bola – Beta, meri taraph dekho, is kaimare se abhi kabootar nikalega. …. chintu – bevakoophon jaisi baten mat kar, phokas edajast kar, portret mod yooj karna, maikro ke saath, ISO 200 ke andar rakhana, haayi rizolyooshan mein photo aani chahie. varana paise nahi milenge. kam par dhyan de. bolata hai kabootar nikalega. tere tau ne kabootar dala tha kaimare men. 🤪🤪🤪🤪🤪🤪",True,FunkyLife Hindi Chutkule,https://funkylife.in/chutkule/
HJ-001090,clean-family-friendly,funkylife-viral,hinglish,dialogue,"Ek baar champu bazar se kapada khareedane gaya, dukaan par pahunch kar… champu : shart ka kapada dikhaie… Dukandar : Sir, plen mein dikhaoon….??? champu : nahi heleekoptar mein dikha….haramakhor, bandar kee aulad… mujhe kya bandar samajh rakha hai, dikha nahi ki mazaak shuru…. 😂😂😂😂😂😂😂",True,FunkyLife Hindi Chutkule,https://funkylife.in/chutkule/
HJ-001091,clean-family-friendly,funkylife-viral,hinglish,dialogue,"Bahu- man ji, yeh abhi tak nahi aaye …… kaheen koi Ladki ka chakkar toh nahi hai unke? ……….. man ji- are kambakht..! tu toh hamesha galat hi sochati hai… …… ho sakta hai ki kisi trak ke neeche aa gaya ho…!! 😂😂😂😂😂😂",True,FunkyLife Hindi Chutkule,https://funkylife.in/chutkule/
HJ-001092,clean-family-friendly,funkylife-viral,hinglish,dialogue,"Husband Wife ke Chutkule  \n  deepa ne apani man ko phone kiya – Mummy, mera unse jhagada ho gaya hai, main 3-4 maheenon ke liye ghar aa rahi hoon. …. man boli- jhagada us kambakht ne kiya hai toh saja bhi use hi milani chahie. tu vaheen ruk, main 5-6 maheene ke liye aa rahi hoon. 😂😝😝😝😝😝",True,FunkyLife Hindi Chutkule,https://funkylife.in/chutkule/
HJ-001093,clean-family-friendly,funkylife-viral,hinglish,dialogue,"ghonchu- bhaiya, sabhyata aur shishtachar ka toh lagata hai jamana hi nahi rah gaya…. ponchu- kyu kya huaa…? ghonchu- kal mannu aaya tha. mainne kaha- chai mangaoon, toh jhat hami bhar di. tumheen kaho, mera pharj poochhana tha toh uska bhi mana karna pharj tha ya nahi? 😝😝😝😝😝😝😝",True,FunkyLife Hindi Chutkule,https://funkylife.in/chutkule/
HJ-001094,clean-family-friendly,funkylife-viral,hinglish,dialogue,"Ek baar rel mein baithe Do musaphiron mein ladaayi ho rahi thi. Ek khidaki khol deta tha aur kahata tha, ‘garmi lag rahi hai, isalie khidaki khuli rahane do.’ doosara khidaki band kar deta tha aur kahata ‘sardi lag rahi hai isalie khidaki band rahane do.’ ………. jab unhe ladate-ladate kaphi der ho gayi toh teesare musaphir ne kaha- ‘kyu ladate ho Bhai! koi phark nahi padata, kyonki khidaki ka sirph phrem hi hai, kanch naheen.’",True,FunkyLife Hindi Chutkule,https://funkylife.in/chutkule/
HJ-001095,clean-family-friendly,funkylife-viral,hinglish,one-liner,"Ek murga tha. bahut jiddi tha. apane malik ko bahut pareshan karta tha. malik ne tang aakar Ek din use Ek tokari me band kar diya. lekin, murga toh jiddi tha. peechhe se nikal gaya. malik ko phir gussa aaya. is baar usne murge ko pinjare me band kar diya. lekin, murga toh jiddi tha. phir peechhe se nikal gaya. malik ko itana gussa aaya ki usne murge ko mara, pakaya aur kha gaya. lekin, murga toh jiddi tha…. 😂😂😂😂😂😂",True,FunkyLife Hindi Chutkule,https://funkylife.in/chutkule/
HJ-001096,clean-family-friendly,funkylife-viral,hinglish,dialogue,nasa ka roket blast huaa. japan: teknolaji pareekshan kiye the? nasa: han. roos: kritikal mas volyoom theek tha? nasa: han. bharat: neenbu-mirchi tange the? nasa: naheen. bharat: jana hi phatagyo tharo roketa. 😝😝😝😝😝😝,True,FunkyLife Hindi Chutkule,https://funkylife.in/chutkule/
HJ-001097,clean-family-friendly,funkylife-viral,hinglish,dialogue,"Ladki: aaj Papa ne mujhe tumhare saath baik par jaate dekh liya. Ladka: oh, phir kya huaa?……… Ladki: vahi jisaka dar tha. bus ke kiraye ke paise vapas le lie. hamari phaimili bahut strikt hai na… 😂😂😂😂😂😂",True,FunkyLife Hindi Chutkule,https://funkylife.in/chutkule/
HJ-001098,clean-family-friendly,funkylife-viral,hinglish,dialogue,"Ladka-Ladki ganga kinare baithe the. mahaul romantik tha. sooraj doobane ko tha. mand-mand hava chal rahi thi. Ladki bahut der se bol rahi thi aur Ladka muskarata huaa uski baat sun raha tha. …. Ladki ne pucha- kya tumhe meri baten sunana itana accha lagata hai ki tum kuchh bolate hi nahi? …. ladake ne sir hilaya aur Ek ungali se ret par likha- nahi re, rajaneegandha khae hain. 😆😆😆😆😆😆",True,FunkyLife Hindi Chutkule,https://funkylife.in/chutkule/
HJ-001099,clean-family-friendly,funkylife-viral,hinglish,one-liner,"Whatsapp majedar chutakule  \n  Ek kharagosh roz lohar kee dukaan par jaata aur poochhata, gajar hai kya? lohar roz inakar kar deta, phir bhi kharagosh agale din usi sawal ke saath tapak padata. Ek din lohar ko bahut gussa aaya aur usne hathaude se kharagosh ke aage ke dant tod diye aur bola, ab tu gajar khakar dikha. …. agale din kharagosh phir aa gaya aur pucha, gajar ka halava hai kya? 😝😝😝😝😝😝",True,FunkyLife Hindi Chutkule,https://funkylife.in/chutkule/
HJ-001100,clean-family-friendly,funkylife-viral,hinglish,dialogue,"Baccha: mami, pregnent ka matalab kya hota hai? man gusse mein Bacche ko dekhati hai toh Bacche ko lagata hai ki shayad gussa hone ko hi pregnent hona kahate honge. …. doosare din Baccha school se aate vakt Ek Ladki ke oopar gir jaata hai. Ladki kee man apani beti ko uthate hue Bacche ko dantati hai. Baccha: aanti, gira toh aapki beti ke oopar hoon, aur pregnent aap ho rahi hain. Baccha hoon, galati ho jaati hai. aise baat-baat par pregnent hongi toh kaise chalega? 😝😝😝😝😂😂😂🤣🤣🤣",True,FunkyLife Hindi Chutkule,https://funkylife.in/chutkule/
HJ-001101,clean-family-friendly,funkylife-viral,hinglish,dialogue,Ek Pandit ke paas Ek tota tha. woh roz Ek aadmi ko dekhata aur bolata: oe kutte! Ek din us aadmi ne Pandit se tote kee shikayat kar di. Pandit ne tote ko bahut mara. agale din jab tote kareeb se gujara toh tota kuchh nahi bola. thoda aage jakar aadmi ne mudakar dekha toh tota hanste hue bola: ‘samajh toh tu gaya hi hoga.’ 😝😝😂😂😂🤣🤣,True,FunkyLife Hindi Chutkule,https://funkylife.in/chutkule/
HJ-001102,clean-family-friendly,funkylife-viral,hinglish,dialogue,naukar: malik kal raddi kee tokari mein das-das ke Do not mile the. …. malik: mainne hi unhe phenka tha woh asali nahi hain. naukar: iseelie toh vapas kar raha hoon. 😜😂😂😂😂😂😂,True,FunkyLife Hindi Chutkule,https://funkylife.in/chutkule/
HJ-001103,clean-family-friendly,funkylife-viral,hinglish,one-liner,"phlait ke dauran Ek payalat yatriyon ko soochana dene ke uparant maik band karna bhool gaya. doosare payalat se bola, ab main pahale Ek kophi piyoonga phir eyar hostes ko kiss karoonga! eyar hostes jo ki viman ke andar thi, yeh sunate hi maik band karane ke liye payalat ke kebin kee or bhagi par hadabadi mein phisal kar gir padi. Ek bujurg yatri bole, `beti, aaram se jaa, pahale woh kophi piega!” 😝😝😝😂😂😂",True,FunkyLife Hindi Chutkule,https://funkylife.in/chutkule/
HJ-001104,clean-family-friendly,funkylife-viral,hinglish,dialogue,"aanti (phone par) : Beta Mummy hain? golu : Ek minat bulata hoon. Mummy….. Mummy : kisaka phone hai? golu : phone toh apana hi hai, usapar kisi ka kol aaya hai. 😝😝😝😂😂😂😂😂😂",True,FunkyLife Hindi Chutkule,https://funkylife.in/chutkule/
HJ-001105,clean-family-friendly,funkylife-viral,hinglish,dialogue,"adhyapika :- oye yahan aao Chaprasi :- medam ji mera nam “oye” nahi hai aap mujhe nam lekar bulaya kare adhyapika :- accha batao kya nam hai tumhara Chaprasi :- prananath adhyapika :- nahi koi or nam batao, chalo ghar vale kis nam se bulate hain ? Chaprasi:- balam adhyapika:- yeh bhi sahi nahi hai chalo mohalle vale kis nam se bulate hain Chaprasi:- sajan adhyapika :- yeh bhi thik nahi hai, Sir nem kya lagate ho ? Chaprasi:- svami!! adhyapika ji behosh! 😝😂😂😂😂😂😂",True,FunkyLife Hindi Chutkule,https://funkylife.in/chutkule/
HJ-001106,clean-family-friendly,funkylife-viral,hinglish,dialogue,"chutkule acche acche  \n  Ek ladake kee sagaayi Ek bahut hi khoobasoorat Ladki ke saath tay huyi…💬 💬 woh donon poore poore din WhatsApp par cheting karte rahate the ..💬 💬 aakhir woh raat aa hi gayi jisaka unhe intazar tha.💬 💬 us raat Ladka, Ladki ka ghoonghat uthakar bola 💬 💬 tum vakaayi hi bahut khoobasoorat ho” 💬 💬 batao haneemoon ke liye kahan chalen ?💬 💬 Ladki sharmati huyi boli:-”adale haphte dammu tatameel tale… ??💬” 💬 moral: kam se kam Ek kol toh kar lena chahiye tha.💬 💬 bus dekh liya …phri ke whatsapp ka nateeja ?💬 💬 ab jaa ‘dammu tatameel’ ..? 😜😜😜😜😜",True,FunkyLife Hindi Chutkule,https://funkylife.in/chutkule/
HJ-001107,clean-family-friendly,funkylife-viral,hinglish,one-liner,"santa ko vodaphon me oparetar kee janb, mili!! . magar santa ko pahale hi din bahut mar pangi, or nikal diya gaya. . kyoki, pahala kanlara: Sir meri vodaphon kee sim, kharab ho gaayi., . santa: toh pagal erayatel kee le le!! 😂😂😂😂😜😜😂😂",True,FunkyLife Hindi Chutkule,https://funkylife.in/chutkule/
HJ-001108,clean-family-friendly,funkylife-viral,hinglish,dialogue,"hariyanavi chhora :- babu car kee chabi de de, college jaana sai..! chhore ka babu :- pher car kee ke jarurat sai? chhora :- babu 20 lakh kee car mein jaoonga toh college mein hava si banegi na…! chhore ka babu :- le Beta 50 rupaye aur 50 lakh kee bus mein jaa hava-hava, ke jama aandhi si udegi…!! 😉😃😜😂😂😂😝",True,FunkyLife Hindi Chutkule,https://funkylife.in/chutkule/
HJ-001109,clean-family-friendly,funkylife-viral,hinglish,dialogue,man: Beta kya kar raha hai? Beta: padh raha hoon! man: are vah! kya padh raha hai? Beta: aap kee hone vali Bahu ke mesej* *140 kimi/ghanta kee raftar se udata huaa chappal kanapati par laga 😂😂😂😂😂😂,True,FunkyLife Hindi Chutkule,https://funkylife.in/chutkule/
HJ-001110,clean-family-friendly,funkylife-viral,hinglish,dialogue,"navajot sinh siddu ka putr school mein. Teacher : What is a Noun? Son : mohatarama… arj kiya hai :- Kutta bhi hota hai apni galli me King. Noun is the name of any Person, Place or Thing. !! . Thoko Talliii 😜😜😜😜",True,FunkyLife Hindi Chutkule,https://funkylife.in/chutkule/
HJ-001111,clean-family-friendly,funkylife-viral,hinglish,dialogue,Ek vriddh sajjan ne Ek kampani ke daphtar mein jakar mennejar se kaha – aapke daphtar mein mera ladaka kam karta hai. kya main usse mil sakta hun? mainnejar – ne gaur se dekha aur kaha – khed hai ki aap der se aaye ! aapka antim sanskar karane ke liye chhutti lekar abhi-abhi gaya hai. 😝😝😝😂😂😂,True,FunkyLife Hindi Chutkule,https://funkylife.in/chutkule/
HJ-001112,clean-family-friendly,funkylife-viral,hinglish,dialogue,jelar -ab jel se chhootakar kya karoge ? kaidi – jauhari kee dukaan kholoonga. jelar – jauhari kee dukaan kholane ke liye rupaya kahan se laoge ? kaidi – hujoor jauhari kee dukaan kholane ke liye toh sirph Ek hathaude kee jarurat hoti hai. 😝😝😂😂🤣🤣🤣,True,FunkyLife Hindi Chutkule,https://funkylife.in/chutkule/
HJ-001113,clean-family-friendly,funkylife-viral,hinglish,dialogue,"Ek pagal baitha apane galon par tamache mar raha tha. Ek sajjn uske paas aakar bole- are bhaayi pagal hai kya, jo apane hi hathon se khud ko peete jaa raha hai. pagal utha aur sajjan ke galon par tamache marane laga. 😝😝😝😝😝",True,FunkyLife Hindi Chutkule,https://funkylife.in/chutkule/
HJ-001114,clean-family-friendly,funkylife-viral,hinglish,dialogue,"Baap – bete ko dantate hue – kya tum janate ho ki neharu ji jab tumhari umr ke the toh apani kaksha ke monitar the ? Beta – hanste hue bola – acchi tarah janata hoon , aur kya aap janate hai ki jab woh aapki umr ke the toh bharatake pradhanamantri the. 😝😂😂😂😂😂😂",True,FunkyLife Hindi Chutkule,https://funkylife.in/chutkule/
HJ-001115,clean-family-friendly,funkylife-viral,hinglish,dialogue,pandit ji -tumhara vivah Ek piyakkad se hoga aur vivah ke pashchat kuchh varshon tak tum bahut dukhi rahogi. geeta – parantu pandit ji uske bad kya hoga ? pandit ji- uske bad tumhe dukh sahane kee aadat pad jaegi. 😝😝😂😂😂🤣🤣🤣,True,FunkyLife Hindi Chutkule,https://funkylife.in/chutkule/
HJ-001116,clean-family-friendly,funkylife-viral,hinglish,dialogue,"kabristan ka Ek Employee nasha karake kabr khod raha tha, aur khodata gaya, shaam pad gaayi. kabr gahari ho jane ke karan bahar nahi nikal saka. Employee ne– gidagidakar kaha -khuda ke vaste mujhe bahar nikalo. mai thand se mara jaa raha hun… tabhi Ek aadmi udhar se gujar raha tha, us aadmi ne jhankakar kabr mein dekha aur kaha – thand toh lagegi hi Bhai log tum par mitti dalana bhi bhool gaye hai. 😝😝😂😂😂😂😂",True,FunkyLife Hindi Chutkule,https://funkylife.in/chutkule/
HJ-001117,clean-family-friendly,funkylife-viral,hinglish,dialogue,"Hindi Jokes Chutkule Sms  \n  phakeer – Ek rupaya de Do baba. aadmi – sharm nahi aati hai, itane hatte-katte naujavan ho kam kyu nahi karte ho, bheekh kyu mangate ho? phakeer – accha, phir apani Behen ka rishta de do. 😝😂😂🤣🤣🤣",True,FunkyLife Hindi Chutkule,https://funkylife.in/chutkule/
HJ-001118,clean-family-friendly,funkylife-viral,hinglish,dialogue,"Ek ajanabi ne Ek ghar ka daravaza khatakhataya. ghar ka malik bahar aaya toh ajanabi ne kaha- “shayad aap mujhe pahachan nahi pa rahe hain … aaj se 10 sal pahale aapane 10 rupaye dekar meri sahayata kee thi. main aapke us ahasan ko aaj tak nahi bhoola hoon ! ”ghar ka malik bola – “oh … main toh sachamuch bhool gaya tha … kya aap woh 10 rupaye vapas karane aaye hain ?” . ajanabi – “ji nahi, aisi koi baat nahi! daraasal main idhar se gujar raha tha toh socha ki 10 rupaye aur leta chaloon … !!!” 😝😝😂😂🤣🤣🤣",True,FunkyLife Hindi Chutkule,https://funkylife.in/chutkule/
HJ-001119,clean-family-friendly,funkylife-viral,hinglish,dialogue,daku ( yatri se ) – kyu sahab ! aapane idhar apane aas-paas kaheen pulisavale ko toh nahi dekha? . yatri – jahan tak mera khyal hain yahan koi pulisavala nahi hain. . daku- toh jara jaldi se apana sara mal-masala mere havale kar do. 😂😂😂😂😂😂,True,FunkyLife Hindi Chutkule,https://funkylife.in/chutkule/
HJ-001120,clean-family-friendly,funkylife-viral,hinglish,dialogue,"mahesh (suresh se bola ) – jo cheej mangate hain, yeh kutta lakar de deta hain, phir aap ise bech kyu rahe hain? suresh ( mahesh se bola ) – kya karoon ? Ek din hamare ghar Chor aaye toh yeh kutta lalaten lekar choron ko rasta dikha raha tha. 😝😂😂😂😂😂",True,FunkyLife Hindi Chutkule,https://funkylife.in/chutkule/
HJ-001121,clean-family-friendly,funkylife-viral,hinglish,dialogue,chidiyaghar ke Ek bandar ne doosare bandar ke hath kee rekhaon ko dekhate hue kaha – mujhe tumhara bhavishy andhakaramay lagata hai. doosara bandar- lekin bandar ka bhavishy toh accha hota hai ? pahala bandar- lekin tum kuchh dinon bad insan ban jaoge. 😝😂😂😂😂😂,True,FunkyLife Hindi Chutkule,https://funkylife.in/chutkule/
HJ-001122,clean-family-friendly,funkylife-viral,hinglish,dialogue,"panjab mein Ek train ke neeche 100 Sardar aa gaye !! 99 mar gaye……. Ek Sardar bach gaya.. riportar ne usse pucha : “yeh sab kaise huaa.?” Sardar bola – “galat anaoonsament kee vajah se, anaoonsament huaa tha ki shatabdi eksapres pletapharm par aa rahi hai!” toh sab ghabarakar pletapharm se utarakar patari par aa gaye! par train pletapharm par nahi, patari par aayi….. . riportar: aur aap samajhadar nikale jo patari par nahi utare!! Sardar: ji nahi, mai toh susaid karane aaya tha, anaoonsament sunakar main patari se hat kar pletapharam par let gaya tha”!! 😝😝😝😂😂😂😂😂",True,FunkyLife Hindi Chutkule,https://funkylife.in/chutkule/
HJ-001123,clean-family-friendly,funkylife-viral,hinglish,dialogue,"Ek kanjoos aadmi jindagi bhar apane putron ko kam se kam kharch karane kee hidayaten deta raha tha. jab woh maranasann sthiti mein pahunch gaya toh putr aapas mein mashavara karane lage ki kis prakar Pita kee ichchha ke anusar kam se kam kharch mein unki antim yatra nipataayi jae. Ek ne kaha – ”aimbulens mein le jaya jae.” doosare ne kaha – ”nahi, aimbulens bahut manhagi hogi. thelagadi mein le chalate hain.” teesare ne kaha – ”kyu na saikil par bandhakar le chalen?” yeh sab sunakar kanjoos se raha nahi gaya. uthakar bola – ”kuchh mat karo, mera kurta aur joote la do. main paidal hi chala jaoonga.” 😝😂😂😂😂🤣🤣🤣",True,FunkyLife Hindi Chutkule,https://funkylife.in/chutkule/
HJ-001124,clean-family-friendly,funkylife-viral,hinglish,dialogue,kavivar devaraj dinesh ne aadat ke anusar apane kutte kee tareeph ke pul bandhate hue kaha- mera kutta roz akhabar la kar deta hain. hasy kavi omaprakash aadity ne tang adaayi – toh isamen nayi baat kaun-si hain? dinesh ji ne kaha- nayi baat? nayi baat yeh hai ki mera kutta padosi ke ghar ka akhabar lakar deta hai. 😝😂😂🤣🤣,True,FunkyLife Hindi Chutkule,https://funkylife.in/chutkule/
HJ-001125,clean-family-friendly,funkylife-viral,hinglish,dialogue,Vakeel ne kataghare mein khadi khoobasoorat yuvati se pucha – “parso raat tum kahan thi ?” yuvati – “apane padosi ke saath restaran gayi thi.” Vakeel ne doosara sawal pucha- “aur kal raat ?” yuvati- “mere Ek doosare padosi ke saath.” Vakeel ne dheere se pucha- “aur aaj ka tumhara kya karyakram hai ?” doosara Vakeel chillaya- “objekshan mi lord! yeh sawal mainne pahale hi kar liya hai…!!!” 😝😂😂😂😂,True,FunkyLife Hindi Chutkule,https://funkylife.in/chutkule/
HJ-001126,clean-family-friendly,funkylife-viral,hinglish,dialogue,"Ek yuvak Ek pulisavale ke saath marapeet, hathapaayi karane ke jurm mein adalat mein pesh kiya gaya. Judge – kya huaa tha ? yuvak – janab, main teleephon booth mein tha aur ekadam shantipoorn dhang se apani garlaphrend reena se baten kar raha tha. tabhi yeh sand jaisa pulisiya vahan pahunch gaya aur na jane ise phone karane kee aisi kya jaldi thi ki isne meri banh pakadakar mujhe bahar kheencha aur sadak par dhakka de diya. Judge – toh isalie tum aape se bahar ho gaye aur tumane iske saath hathapaayi ki. yuvak – ji janaba. Judge – yeh toh sachamuch is pulisavale kee bahut jyadati hai. jab tum pahale se booth mein maujood the toh …… yuvak – isne aur bhi jyadati kee janaba. Judge – accha ? aur bhi jyadati kee ? yuvak – ji, phir isne reena kee bhi banh pakadakar use bahar kheencha aur use bhi sadak par dhakka de diya……. 😝😂😂😂🤣🤣🤣",True,FunkyLife Hindi Chutkule,https://funkylife.in/chutkule/
HJ-001127,clean-family-friendly,funkylife-viral,hinglish,dialogue,Ek japani mahila apani saheli ke saath singapur kee sadakon se gujar rahi thi. tabhi Ek mahila ne apane premi ko khidaki ke bahar dhakka diya jo neeche rakhe koodedan mein jaa gira. yeh dekhakar japani mahila ne apani saheli se kaha – yeh singapuri mahilaen bahut phijoolakharch hoti hain. woh kaise ? saheli ne pucha . ab dekho na ! yeh aadmi abhi aur Chaar-Paanch sal iske kam aa sakta tha. 😝😂😂🤣🤣,True,FunkyLife Hindi Chutkule,https://funkylife.in/chutkule/
HJ-001128,friends,funkylife-viral,hinglish,dialogue,"hathi ne cheenti ko prapoj kiya. cheenti ne jawab diya, “”main bhi tum se pyar karti hoon. hathi: toh phir shaadi se kyu mana karti ho. cheenti: main tum se kitni baar kah chuki hoon! mere ghar mein intar-kast shaadi toh ho sakti hai lekin intar-saij naheen. 😝😝😂😂😂😂😂",True,FunkyLife Hindi Chutkule,https://funkylife.in/chutkule/
HJ-001129,friends,funkylife-viral,hinglish,dialogue,"aaliya ne nyooj paper mein nyooj padhi, ‘police ne 80 kilogram heeroin pakadi’ aaliya: shit Yaar, sonakshi pakadi gayi! 😂😂😂😂😂",True,FunkyLife Hindi Chutkule,https://funkylife.in/chutkule/
HJ-001130,friends,funkylife-viral,hinglish,dialogue,"jelar (kaidi se)- kya baat hai, sukheeram tumhe kabhi koi bhi jel mein milane nahi aata hai? kaidi – kya karoon sahab woh sabhi…………. jelar – sukheeram tumhara koi saga-sanbandhi nahi hai is duniya mein? kaidi – sab hai, Bhai-Baap, aur Yaar-dosta. jelar – par tumse milane kyu nahi aate? kaidi – sahab woh sab bhi isi jel mein saja kat rahe hain. 😝😝😂😂🤣🤣🤣",True,FunkyLife Hindi Chutkule,https://funkylife.in/chutkule/
HJ-001131,friends,funkylife-viral,hinglish,dialogue,"motu ( apane Mitra chhotu se ) – tumhari dadi har samay baithi ramayan padhati rahati hain ? . chhotu – han, woh apani antim pareeksha kee taiyari kar rahi hain. 😝😂😂😂😂😂",True,FunkyLife Hindi Chutkule,https://funkylife.in/chutkule/
HJ-001132,friends,funkylife-viral,hinglish,dialogue,"Teen moorkh train se yatra kar rahe the achanak kisi ne chen kheench di. gadi ruki toh pahala moorkh bola – Yaar, gadi lagata hai gadi pankchar ho gaayi. doosara moorkh bola- gadi ka tayar barst ho gaya hai. teesara moorkh bola – main neeche utarakar dekhata hoon, usne dekha aur aashchary se bola – are Yaar, gadi ke pahiye mein se tayar hi nikalakar bhag gae. 😝😂😂😂🤣🤣🤣🤣",True,FunkyLife Hindi Chutkule,https://funkylife.in/chutkule/
HJ-001133,friends,funkylife-viral,hinglish,dialogue,"Ladka – Sir, main aapki beti se 15 sal se pyar karta hoon. Ladki ka Pita – toh ab kya chahate ho? Ladka – shaadi. Ladki ka Pita – thaink god, mainne socha shayad tum penshan chahate ho…! 😝😜🤪😂😂",True,FunkyLife Hindi Chutkule,https://funkylife.in/chutkule/
HJ-001134,friends,funkylife-viral,hinglish,dialogue,garlaphrend : kya shaadi kee bad bhi tum mujhe itana hi pyar karoge? . boy-phrend : kyu nahi? mujhe toh shaadi-shuda ladakiyan bahut pasand hain….! 😝😂😂😂🤣🤣,True,FunkyLife Hindi Chutkule,https://funkylife.in/chutkule/
HJ-001135,friends,funkylife-viral,hinglish,dialogue,"Ek aurat ne hirani ka matan pakaya. Bacche ne puchha : yeh kya cheez pakaayi hai. aurat : nam nahi bataungi lekin hint deti hu, jo sahi jawab dega use chankalet dungi. aur sharamate hue hint diya. …. ” yeh woh hai jo tumhare Papa mujhe aksar pyar se kahate hain” tabhi Ek Baccha chillaya aur bola mat khana mat khana pakka kutiya pakki hai kutiya. 😂😂😂😂😂😂😂😂😂",True,FunkyLife Hindi Chutkule,https://funkylife.in/chutkule/
HJ-001136,friends,funkylife-viral,hinglish,one-liner,Chaar Dost hotel mein khana khane ke bad aapas mein bil dene par ulajh pade sab bol rahe the mein bil doonga …. aakhir mein tay huaa jo hotel ka chakkar lagakar pahale aaega woh bil dega… unhone menejar ko siti bajane ko kaha mainejar ne seeti bajaayi charon bhag pade. …. mainejar aaj bhi unke aane ka intajar kar raha hai…ye hoti hai dosti 😁😁😁😂😂😂😂😂,True,FunkyLife Hindi Chutkule,https://funkylife.in/chutkule/
HJ-001137,friends,funkylife-viral,hinglish,dialogue,hait oph pajitiv aittiyood Ladka- aayi lav yu… Ladki- ha ha ha ha Ladka (apane Dost se)- Bhai 4 baar ‘han’ boli…!,True,FunkyLife Hindi Chutkule,https://funkylife.in/chutkule/
HJ-001138,friends,funkylife-viral,hinglish,dialogue,"champu apane hostal mein baitha ro raha tha. uske Dost gampu ne pucha- kya huaa?? champu ne kaha- Dost, mere saath dhokha ho gaya. mainne Papa se kitabon ke liye paise mangae the, lekin unhone kitaben hi khareedakar bhej deen.",True,FunkyLife Hindi Chutkule,https://funkylife.in/chutkule/
HJ-001139,friends,funkylife-viral,hinglish,dialogue,"college mein 2 Dost Ek seminar mein baithe the. pahala Dost: Yaar, yeh lekchar itana boring hai ki meri tashareeph tak so gaayi. …. doosara Dost: mujhe pata hai, abhi 2 baar tumhari tashareeph ke kharrate mainne sune. 😂😂😂😂😂😂",True,FunkyLife Hindi Chutkule,https://funkylife.in/chutkule/
HJ-001140,friends,funkylife-viral,hinglish,dialogue,"Ek baar Ek Bacche ne apane pados mein rahane vali Ladki ko uske bvoyaphrend ke saath kis karte hue dekh liya. ….. Baccha- mujhe bhi karane Do, varana main aapke Mummy-Papa ko bata doonga. ….. Ladki- le Yaar, tu bhi kar len…. ….. Baccha bahut der tak koshish karta raha, par lanbaayi (hait) kam hone ke karan kis nahi kar paya. ….. ant mein Baccha pareshan hokar bola- ….. bhad mein jae duniyadari! jo kam galat hai, woh galat hai... main toh bataoonga….!! 😜😜😜😂😂😂",True,FunkyLife Hindi Chutkule,https://funkylife.in/chutkule/
HJ-001141,friends,funkylife-viral,hinglish,dialogue,"ladake ne apani nayi bani Girl- Friend ko bade pyar se samajhate hue kaha. . Ladka: “darling hamare pyar ke bare main kisi ko kuchh mat batana” . Ladki: “tumhari Behen ko toh jaroor bataoongi” . Ladka: “are, usko kyoon.?” . Ladki: “kameeni kahati thi ki koi kutte ka pilla hi hoga, jo tum se pyar karega.” 😜😜😜😜😜😜",True,FunkyLife Hindi Chutkule,https://funkylife.in/chutkule/
HJ-001142,friends,funkylife-viral,hinglish,dialogue,Ladki- agar main mar jaoon toh tum kya karoge.. Ladka- main bhi mar jaunga.. ladaki(romantic hokar)- mujhse itana pyar karte ho??? Ladka- nahi tere chakkar mein itani udhari ho gayi hai qi jeena mushkil hai.. 😜😜😜😜😜😜,True,FunkyLife Hindi Chutkule,https://funkylife.in/chutkule/
HJ-001143,friends,funkylife-viral,hinglish,dialogue,"sonu – Yaar, main agar gadha hota toh kya tum bhi dosti ke khatir gadhe ban jaate? . monu- gadha toh nahi banata, par dosti kee khatir tumhe ghas jaroor khilata 😂😂😂😂😂",True,FunkyLife Hindi Chutkule,https://funkylife.in/chutkule/
HJ-001144,friends,funkylife-viral,hinglish,dialogue,"premi – rekha, tumane apane Pita se kaha hai ki tumse shaadi karane ke liye taiyar hoon, toh ve kya bole? premika – ve aankhen moondakar bole – he bhagavan, jis moorkh kee talash mein dharati aakash mein ghoom raha tha, use tumane itani aasani se bhej diya. 😝😂😂😂🤣🤣🤣",True,FunkyLife Hindi Chutkule,https://funkylife.in/chutkule/
HJ-001145,friends,funkylife-viral,hinglish,dialogue,Do purane Dost bade lanbe arase ke bad mile. Ek doosare ka halachal poochhane par maloom huaa ki donon shaadi kar chuke the. “kaisi hai tumhari beebi ?” – Ek ne utsukatavash pucha.. “meri beebi ka kya kahana Yaar !” – doosare ne chahakakar bataya – “woh toh svarg kee apsara hai.” . “khushakismat ho Bhai” – pahala udas svar mein bola – “meri toh abhi jinda hai …” 😝😂😂🤣🤣🤣,True,FunkyLife Hindi Chutkule,https://funkylife.in/chutkule/
HJ-001146,boyfriend-girlfriend,funkylife-viral,hinglish,dialogue,"chhoti – si Ladki ne apani man se pucha – Mummy , tumane kaha tha na ki pariyon ke pankh hote hain aur woh ud sakti hain na ? Mummy – han beti , kaha tha. Ladki – kal raat daidi aaya ko kah rahe the ki woh toh pari hain. woh kab udegi Mummy ? Mummy ( chhoti si Ladki se ) – subah hote hi ud jaegi beti. 😂😂😂😂😂😂",True,FunkyLife Hindi Chutkule,https://funkylife.in/chutkule/
HJ-001147,boyfriend-girlfriend,funkylife-viral,hinglish,dialogue,garlaphrend – mere Papa ne mujhe naya mobile khareed kar diya … boyaphrend – are vah …kaun si kanpani ka ?? garlaphrend – lavaris !!! Ladka behos hote hote bacha …aur bola….. are akl kee andhi woh lavaris nahi lava iris hai …. 😀😀😀😀,True,FunkyLife Hindi Chutkule,https://funkylife.in/chutkule/
HJ-001148,boyfriend-girlfriend,funkylife-viral,hinglish,dialogue,"park mein Ek ped kee ot mein Ladka-Ladki hathon mein hath liye chipak kar baithe baten kar rahe the. wahan tahalane aaye Ek bujurg sajjan ne jab unhe dekha toh paas aakar bole – “Beta, kya yahi hamari sanskriti hai ?” ladake ne tapak se jawab diya – “nahi ankal, yeh toh anjali hai… aap kisi aur ped ke neeche jakar dekh lo !!!” 😝😂😂😂😂😂😂",True,FunkyLife Hindi Chutkule,https://funkylife.in/chutkule/
HJ-001149,boyfriend-girlfriend,funkylife-viral,hinglish,dialogue,Ek Ladka Ek gadhe ke samane gir gaya. Ek khoobasoorat Ladki ne yeh dekhakar kaha – “apane bade Bhai ke pair chhu rahe ho ?” Ladka bola – “ji bhabheeji !” 😝😂😂😂😂,True,FunkyLife Hindi Chutkule,https://funkylife.in/chutkule/
HJ-001150,boyfriend-girlfriend,funkylife-viral,hinglish,dialogue,Ladka -: Mummy ‘lav mairij’ karane se gharavale naraj hote hain kya..? Mummy -: tu jaroor kisi chudail ke chakkar mein hoga … aur yeh sab tujhe usi dayan ne kaha hoga ladakiyan toh bus ladakon ko phansane mein hi lagi rahati hain. jahan accha Ladka dekha shuru ho gaeen…beta tu inase bach ke rahana. yeh bahut makkar aur kameeni hoti hain.aur inaka toh khanadan bhi………. Ladka -: bus Mummy … aisa kuchh nahi hai... woh toh daidi bata rahe the ki aap donon kee lav mairij hui thi ! 😂😂😂😂😂😂😂,True,FunkyLife Hindi Chutkule,https://funkylife.in/chutkule/
HJ-001151,boyfriend-girlfriend,funkylife-viral,hinglish,dialogue,"Boss – aapki shaadi ho gayi? Sardar – han ji, 1 Ladki se hui hai, Boss – shaadi toh Ladki se hi hoti hai, Sardar – na ji meri Behen ki toh ladake se hui thi !!! 😆😆😆😆😆😆",True,FunkyLife Hindi Chutkule,https://funkylife.in/chutkule/
HJ-001152,boyfriend-girlfriend,funkylife-viral,hinglish,dialogue,"Ek ladake kee mangani Ek bahut khoobasoorat Ladki se tay hui, woh donon poora din-raat whatsapp pe baat karte rahate the. …. aakhir shaadi ke bad pahali raat ko jab ladake ne Ladki ka ghoonghat uthaya toh bola, “tum sach mein bahut khoobasoorat ho, tumhe kya tohafa doon.” Ladki sharamaayi aur boli, “Do aap ta dil tale!” ……… shiksha: kya phayada huaa kuchh kol ke paise bachakar, kam se kam Ek fon toh kar lena chahiye tha. yeh hai Whatsapp ka nateeja! 😂😂😂😂😂😂",True,FunkyLife Hindi Chutkule,https://funkylife.in/chutkule/
HJ-001153,boyfriend-girlfriend,funkylife-viral,hinglish,dialogue,apane bete ka riport kard dekhakar Pita bole- tumhe pareeksha mein itane kam nanbar kaise aaye ?? putr- gairahajir rahane ke karana. Pita- toh kya tum pareeksha ke dauran gayab ho gaye the. putr- nahi! mere paas baitha padhaku Ladka us din gayab tha. 😝😝😝😂😂😂😂,True,FunkyLife Hindi Chutkule,https://funkylife.in/chutkule/
HJ-001154,boyfriend-girlfriend,funkylife-viral,hinglish,dialogue,reema – mere pados vali aanti mujhe bahut tang karateen theen… mohalle mein jab bhi kisi Ladki kee shaadi hoti toh mere gal kheenchakar kahateen ‘ab tumhari bari hai ‘…. lekin mainne unki yeh aadat chhudava dee. seema – kaise? reema – mohalle mein jab koi mar jaata toh main unke gal kheenchakar kahati – ‘ab aapki bari hai… 😝😂😂😂😂😂,True,FunkyLife Hindi Chutkule,https://funkylife.in/chutkule/
HJ-001155,boyfriend-girlfriend,funkylife-viral,hinglish,dialogue,"Ek baar kajoons Baap ne apane bete se pucha – aaj tum apani garlaphrend ke saath hotel mein khana-khane aur pikchar dekhane gaye the toh isamen kul kitne rupaye kharch hue the. ladake ne bataya – ji, lagabhag Do hajar rupaye kharch ho gaye then. kanjoos Pita ne kaha – satyanash kar diya toone? ladaka bola – han pitaji asal mein isse adhik paise uske paas the hi naheen. 😝😂😂😂😂😂😂",True,FunkyLife Hindi Chutkule,https://funkylife.in/chutkule/
HJ-001156,boyfriend-girlfriend,funkylife-viral,hinglish,dialogue,"Comedy Jokes Chutkule  \n  padosi mahila – aapka Ladka meri nakal utarata hain, aap use rokati nahi? . ladake kee man – Behen ! kaayi baar use samajha chuki hoon kee moorkhon kee nakal mat kiya karo par woh manata hi naheen. 😝😂😂😂😂😂",True,FunkyLife Hindi Chutkule,https://funkylife.in/chutkule/
HJ-001157,office-work,funkylife-viral,hinglish,dialogue,"Employee : Sir mainne apane aadhar kard ko apane bank akaunt se link bhi nahi karavaya, phir bhi mere akaunt mein gais kee 200 rupaye sabsidi aa gaayi. …. Boss : woh sabsidi nahi hai, tumhara inkreement laga hai. 😂😂😂😂😂😂",True,FunkyLife Hindi Chutkule,https://funkylife.in/chutkule/
HJ-001158,office-work,funkylife-viral,hinglish,dialogue,sanata intaravyu dene gaya… Boss ne pucha tum kitne Bhai Behen ho… Sardar: 5 Boss: un mein tumhara nanbar kaunasa hai… ? sanata : eyaratel ka…. 😂😂😂😂😂😂😂,True,FunkyLife Hindi Chutkule,https://funkylife.in/chutkule/
HJ-001159,office-work,funkylife-viral,hinglish,dialogue,"Employee – (apane Boss se) Sir, kal se mai sat baje ghar chala jaoonga, Boss – kyu..? Employee – aapki naukari se ghar ka gujar nahi chalata, raat ko riksha chalata hoon isalie.. Boss – (bhavuk ho kar) kabhi bhookh lage toh mere paas aa jaana mai bhi raat ko pavabhaji ka thela chalata hoon.",True,FunkyLife Hindi Chutkule,https://funkylife.in/chutkule/
HJ-001160,office-work,funkylife-viral,hinglish,dialogue,"man ( bete se )- tumhara kam office mein kaisa chal raha hai? Beta – man , mere neeche 25 aadmi kam karte hain. man – toh kya tum abhi se aphasar ho gaye? Beta – main oopar kee manjil mein kam karta hoon. 😂😂😂😂😂😂😂",True,FunkyLife Hindi Chutkule,https://funkylife.in/chutkule/
HJ-001161,office-work,funkylife-viral,hinglish,dialogue,Ek sarakari mulajim daphtar ke vakt mein kareeb kee barabar dukaan par hajamat kara raha tha ki uske Boss ne dekh liya. Boss ( kadak vavaj mein ) – sarakari time mein bal katata hai? yuvak – sahab bal ugate bhi toh sarakari time mein hi hain. Boss – sare toh sarakari time mein nahi ugate hain. yuvak – sahab mein sare toh nahi katavaye mainne. 😝😂😂🤣🤣🤣,True,FunkyLife Hindi Chutkule,https://funkylife.in/chutkule/
HJ-001162,office-work,funkylife-viral,hinglish,dialogue,"Ek kanpani ka Boss nayi BMW car khareed kar laya. uske jooniyar karmachariyon ne jab use badhaayi dee toh usne kaha – “agar tum log kadi mehanat karoge, pankchual rahoge, ovar time karoge aur yahan tak ki chhutti ke din bhi kam karoge toh yakeen mano……. agale sal main isse bhi badi aur behatar car khareed loonga…!!!” 😝😂😂😂😂😂😂",True,FunkyLife Hindi Chutkule,https://funkylife.in/chutkule/
HJ-001163,santa-banta-style,funkylife-viral,hinglish,dialogue,"Banta apani garlaphred se baat karane kee koshish mein phone karta hai: tring tringa…aanti payal hai?  mahila : han Beta, donon pairon mein hai. 😂😂😂😂😂",True,FunkyLife Hindi Chutkule,https://funkylife.in/chutkule/
HJ-001164,santa-banta-style,funkylife-viral,hinglish,dialogue,Ek baar Santa jangal se hokar gujar raha tha . samane ped par latakate sanp ko dekhakar ruk gaya aur bola: sirph latakane se kuchh nahi hoga Mummy ko bolo komplan pilaye 😝😝😝😝,True,FunkyLife Hindi Chutkule,https://funkylife.in/chutkule/
HJ-001165,santa-banta-style,funkylife-viral,hinglish,dialogue,"Vakeel – “jab qatil ne Banta ko chaqu mara, us vakt tum kahan the ?” Santa – “ghatanasthal se 23 phut 5 inch kee doori par… ” Vakeel – “accha ! kya pheeta dal kar napa tha ?” Santa – “ji han !” Vakeel – “aisa karane kee kya jaroorat aan padi thi ?” Santa – “kyonki mujhe vishvas tha ki adalat mein koi na koi moorkh mujhse yeh sawal jaroor poochhega..!!!” 😝😂😂🤣🤣🤣",True,FunkyLife Hindi Chutkule,https://funkylife.in/chutkule/
HJ-001166,santa-banta-style,funkylife-viral,hinglish,dialogue,"Santa intaravyu dene jaata hai.. intaravyoovar- aapko kitne salon ka anubhav hai? Santa- Sir ji maf karna, kabhi salo par traayi nahi kiya, lekin 3 saliyon ka anubhav zaroor hai…!! 😝😝😂😂😂😂😂",True,FunkyLife Hindi Chutkule,https://funkylife.in/chutkule/
HJ-001167,santa-banta-style,funkylife-viral,hinglish,dialogue,Santa naukari ke liye Ek kanpani mein intaravyu dene gaya. Boss – “batao woh kaunasi cheez hai jisamen 2 tayar lage hote hain … ? ”Santa – “baik ! ”Boss – “nahi … honda baik ! chalo doosare sawal ka jawab Do …. us cheez ko kya kahate hain jisamen 4 tayar hote hain ? ”Santa – “car ! ”Boss – “nahi .. maruti car !” Santa – “Sir Ek sawal main bhi poochhana chahata hoon ?” Boss – “oke … poochho ?” Santa – “us cheez ko kya kahate hain jo charon taraph se safed hoti hai aur jisake beechonbeech kala anda hota hai ? ”Boss – “aankh !” Santa – “nahi … teri man kee aankh !!!” 😂😂😂😂😂😂😂,True,FunkyLife Hindi Chutkule,https://funkylife.in/chutkule/
HJ-001168,santa-banta-style,funkylife-viral,hinglish,dialogue,"In an interview, Interviewer: How does a scooter run? Santa : Dhhuuuurrrrrrrr­rr…………. Interviewer shouts: Stop it!! Santa : Dhhuurrrr dhupp dhupp dhupp dhupp…………… 🤪🤪🤪🤪🤪🤪",True,FunkyLife Hindi Chutkule,https://funkylife.in/chutkule/
HJ-001169,santa-banta-style,funkylife-viral,hinglish,dialogue,"Santa ne apane Boss se unki beti ka hath manga. Boss: apani aukat dekh, teri sailari mein toh meri beti ke liye toilet paper bhi nahi aaega. Santa: agar itani poti karti hai toh phir rahane Do! 😅😅😅😅😅😅😅",True,FunkyLife Hindi Chutkule,https://funkylife.in/chutkule/
HJ-001170,santa-banta-style,funkylife-viral,hinglish,dialogue,"santa: Banta Yaar, toone toh kaha tha ki yahan ghutane-ghutane tak paani hai, lekin main toh doobane vala tha. ….. banta: baat yeh hai ki mainne subah batakhon ko is paani se gujarate hue dekha tha. unke toh ghutane-ghutane tak hi paani tha. 😝😝😂😂😂😂",True,FunkyLife Hindi Chutkule,https://funkylife.in/chutkule/
HJ-001171,santa-banta-style,funkylife-viral,hinglish,dialogue,"Santa pablik toilat mein baitha tha. achanak se bagal vale toilat se aavaj aayi – kya hal hai? Santa ghabarakar bola- theek hoon. phir aavaj aayi- kya kar rahe ho? Santa- Bhai, jo sab karte hain…. phir aavaj aayi- main aa jaoon? Santa aur ghabara gaya- nahi nahi, main akela hi theek hoon. phir bagal se aavaj aayi- accha Yaar, main bad mein kol karta hoon. abhi koi gadha saath vale toilat se meri har baat ka jawab de raha hai. 😝😝😝😂😂😂😂",True,FunkyLife Hindi Chutkule,https://funkylife.in/chutkule/
HJ-001172,santa-banta-style,funkylife-viral,hinglish,one-liner,santa: mere dada ne 1857 kee jang mein dushmanon kee tangen kat dee theen. banta: gardanen kyu nahi kateen? santa: ve pahale hi kat chuki theen. 😂😂😂😂😂😂,True,FunkyLife Hindi Chutkule,https://funkylife.in/chutkule/
HJ-001173,desi-life,funkylife-viral,hinglish,dialogue,"Ek Sharabi ne 94.3 efa.em. par phone kiya . Sharabi : mujhe esa.vi. rod par Ek pars mila hai jisame 15000 kaish, Ek aaeephon 5s Ek kredit kard aur kisi pallavi nam kee Ladki ka aaayi.di.mila hai_ . rediyo joki : vah ! aap kitne eemanadar hainto aap unhe woh pars vapas karna chahenge raeet ??? . Sharabi : nahi !!! mai chahata hoon kee pallavi ji ke liye Ek dard bhara gana ho jae_ 😬😬😬😬",True,FunkyLife Hindi Chutkule,https://funkylife.in/chutkule/
HJ-001174,doctor-patient,funkylife-viral,hinglish,dialogue,"Doctor- aapki pareshani v beemare ka karan mujhe samajh mein nahi aa raha hai. asal mein main samajhajata hun ki yeh nashe kee vajah se hain. . Mareez -koi baat nahi, jab aapka nasha utarega, tab aa jaoonga. 😝😝😝😂😂😂😂",True,FunkyLife Hindi Chutkule,https://funkylife.in/chutkule/
HJ-001175,doctor-patient,funkylife-viral,hinglish,dialogue,"Mareez (Doctor se) – main roz 50 rupaye kee davaayi le raha hoon, par koi phayada nahi ho raha.. ! Doctor – ab tum mujhse 40 rupaye vali davaayi le jao. isse tumhe roz 10 rupaye ka phayada hoga !!! 😝😝😝😂😂😂🤣🤣",True,FunkyLife Hindi Chutkule,https://funkylife.in/chutkule/
HJ-001176,doctor-patient,funkylife-viral,hinglish,dialogue,lotapot majedar chutakule  \n  Doctor Mareez ke peechhe bhag raha tha. …. logon ne pucha – kya huaa? …. Doctor bola – ‘Chaar baar aisa ho chuka hai. yeh dimag ka opareshan karavane aata hai aur har baar bal katava ke bhag jaata hai. 😂😂😂😂😂😂,True,FunkyLife Hindi Chutkule,https://funkylife.in/chutkule/
HJ-001177,doctor-patient,funkylife-viral,hinglish,dialogue,"Ek Doctor shayari ke mood mein tha, ab dekhiye usne davaeeyan kaise likhi kaise samajhaya apane Mareez ko… …. dil bahala ke mohabbat ko na dhamal karen, seerap ko acchi tarah hila ke istemal karen.. …. dil mera tut gaya uthi jab uski doli, subah, dopahar, shaam bus Ek – Ek goli… …. laut aao ki mohabbat ka suroor chakhe, tamam davaeeyan bachchon kee pahunch se door rakhen… 😂😂😂😂😂😂😂😂",True,FunkyLife Hindi Chutkule,https://funkylife.in/chutkule/
HJ-001178,doctor-patient,funkylife-viral,hinglish,dialogue,"Mareez – mujhe beemari hai ki khane ke bad bhookh nahi lagati, sone ke bad neend nahi aati kam karu toh thak jaata hoon. …. Doctor – bahut ganbheer beemari hai, Ek kam karo, sari raat dhoop mein baitho jaldi theek ho jaoge. 😁😁😁😁😁😁😁😁",True,FunkyLife Hindi Chutkule,https://funkylife.in/chutkule/
HJ-001179,doctor-patient,funkylife-viral,hinglish,dialogue,"nattu Ek kemist kee dukaan par gaya aur bola, bhaiya, meri madad karoge? kemist: han-han, bolo? nattu ne Ek dava kee botal se Ek chammach likvid nikala aur kemist ko pilakar pucha, meethi hai kya? kemist: nahi to. nattu: bus yahi poochhana tha bhaiya. dhanyavad! kemist: lekin, yeh kaun si dava hai? nattu: daraasal, Doctor ne bola tha yoorin ‘test’ karavao ki kaheen yoorin mein shugar toh nahi hai. 😝😂😆🤪😂😂😂",True,FunkyLife Hindi Chutkule,https://funkylife.in/chutkule/
HJ-001180,doctor-patient,funkylife-viral,hinglish,dialogue,"Doctor ne Mareez ka chekaap kiya aur bola – ab main tumhe kal dekhoonga. Mareez – aap toh mujhe kal dekhenge, par main bhi aapko kal dekh paoonga ya nahi ? 😝😝😝😂😂😂😂😂",True,FunkyLife Hindi Chutkule,https://funkylife.in/chutkule/
HJ-001181,doctor-patient,funkylife-viral,hinglish,dialogue,"WhatsApp Chutkule in Hindi  \n  Doctor: tabiyat kaisi hai? mareez: pahale se zyada kharab hai… Doctor: davaayi kha lee thi? mareez: khali nahi thi bhari hui thi… Doctor: mera matalab hai davaayi le lee thi ? mareez: ji aap hi se toh lee thi… daktar: bevaqoof !! davaayi pi lee thi? mareez: nahi ji davaayi neeli thi… Doctor: abe gadhe !! davaayi ko pi liya tha? mareez: nahi ji peeliya toh mujhe tha… Doctor: ullu ke patthe !! davaayi ko khol ke munh mein rakh liya tha? mareez: nahi aap hi ne toh kaha tha ki phrij mein rakhana….. Doctor: abe kya mar khayega? mareez: nahi davaayi khaoonga… Doctor: nikal sale, tu pagal kar dega… mareez: jaa raha hoon, phir kab aaoon? Doctor: qayamat ke bad… mareez: qayamat ke kitne din bad? Doctor behosh….. 😝😂😂😂😂😜😜😜😜",True,FunkyLife Hindi Chutkule,https://funkylife.in/chutkule/
HJ-001182,doctor-patient,funkylife-viral,hinglish,dialogue,"asthiyon ke visheshajny Do Doctor subah-subah ghoomane nikale. aage Ek vyakti langadata huaa jaa raha tha. Ek Doctor bola – “lagata hai iski takhane kee haddi tooti hui hai … ”doosara Doctor bola – “nahi Yaar, ghutane kee haddi tooti hai … ”donon mein bahas hone lagi. aakhir tay huaa ki usi vyakti se pucha jae. . uske paas jakar Ek Doctor ne pucha – “bhaeesahab, aapki ghutane kee haddi tooti hai ya takhane kee … ?” woh vyakti bola – “meri na toh ghutane kee haddi tooti hai aur na hi takhane kee…. meri toh chappal tooti hai…!!!” 😝😝😂😂😂😂",True,FunkyLife Hindi Chutkule,https://funkylife.in/chutkule/
HJ-001183,doctor-patient,funkylife-viral,hinglish,dialogue,Ek manochikitsak jab apane kleenik pahuncha toh usne vahan Do mareejon ko paya. Ek chhat se ulta lataka huaa tha jabaki doosara aisa abhinay kar raha tha ki jaise woh kulhadi se lakadiyan kat raha ho. Doctor ne abhinay karane vale se pucha – yeh aadmi ulta kyu lataka huaa hai ? usne hanste hue bataya – woh bewakoof samajhata hai ki woh balb hai. Doctor bola – tum use phauran neeche utaro. aadmi – use neeche utar doon toh phir main kya andhere mein lakadiyan katoonga …..? 😝😂😂😂😂😂,True,FunkyLife Hindi Chutkule,https://funkylife.in/chutkule/
HJ-001184,doctor-patient,funkylife-viral,hinglish,dialogue,"naye-naye Doctor ne apane jeevan ka pahala opareshan kiya. opareshan ke thodi der bad hi Mareez mar gaya. Doctor ne deevar par tangi bhagavan kee tasveer kee or hath jodakar sir jhukate hue poori shradhda se kaha – he prabhu, meri or se yeh pahali bhent sveekar keejie…… 😝😂😂😂😂😂",True,FunkyLife Hindi Chutkule,https://funkylife.in/chutkule/
HJ-001185,doctor-patient,funkylife-viral,hinglish,dialogue,"Ek aadmi ko sardi jukam ne buri tarah jakad liya. uske Doctor ne use kuchh goliyan deen par aaram nahi mila. doosari baar Doctor ne use kuchh injekshan diye par unse bhi koi phayada nahi huaa. teesari baar jab woh Doctor ke paas pahuncha toh Doctor ne usse kaha – ”ghar jao aur garam paani se acchi tarah nahao. jaise hi nahana khatm ho turant koolar chala kar uske samane khade ho jana.” ”lekin Doctor, isse toh mujhe nimoniya ho jayega.” – Mareez ne prativad kiya.” mujhe pata hai, ” Doctor ne kaha, ”nimoniya ka ilaj main kar sakta hoon.” 😝😂😂😂😂🤣🤣🤣",True,FunkyLife Hindi Chutkule,https://funkylife.in/chutkule/
HJ-001186,marriage,funkylife-viral,hinglish,one-liner,gadha… mera malik mujhe bahut peetata hai kutta…tum bhag kyu nahi jaate gadha… malik kee khoobasoorat Ladki jab padhaayi nahi karti toh malik bolata hai ki teri shaadi gadhe se kar doonga bus aisi ummeed se tika hoon 😂😂😂😂😂😂😂,True,FunkyLife Hindi Chutkule,https://funkylife.in/chutkule/
HJ-001187,marriage,funkylife-viral,hinglish,dialogue,"Ek aurat ko shaadi ke 5 sal bad tak Baccha nahi huaa. woh Ek Pandit ke paas gayi, aur apani samasya bataayi. Pandit: tum badareenath jakar tumhare apane nam ka Ek deeya jala do. jaroor kripa hogi. …. 10 sal bad Pandit us aurat ke ghar aate hain, toh dekhate hain ki 10 Bacche aangan mein khel rahe hain. ….. Pandit: are vah, badhaayi ho. bachchon ke Pita ji kahan hain? aurat: ji, woh badareenath gaye hain, deeya bujhane. 😝😝😝😂😂😂🤣🤣🤣",True,FunkyLife Hindi Chutkule,https://funkylife.in/chutkule/
HJ-001188,marriage,funkylife-viral,hinglish,dialogue,"Ek ladake ko raat me barah bajeek Ladki ka phone aata hain !!. . Ladka:- Hello, kaun ?. . Ladki :- hum tere bin ab rah nahi sakate,tere bina kya vajood mera…. . Ladka :- (Excited hokar ) : kaun ho aap ?.. . Ladki :- tujhase juda gar ho jayenge toh khud sehi ho jayenge juda…!. . ladaka :- (khushi ke mare aankhon se paani late hue) :-tum sachamuch mujhse shaadi karogi….????.. ………….. . Ladki :- is gane ko apani kolar tyoonabanane ke liye 8 dabaen. 😜😜😜😜😜😜😜😜",True,FunkyLife Hindi Chutkule,https://funkylife.in/chutkule/
HJ-001189,marriage,funkylife-viral,hinglish,dialogue,"aaj ke majedar joks  \n  sunil – batao anil, log akl se kam len toh kya hoga ? anil – toh unhe talak nahi dena padega. sunil – agar zyada buddhi se kam len toh ? anil – toh shaadi kee naubat hi kyu aaengi. 😂😂😂😂😂😂",True,FunkyLife Hindi Chutkule,https://funkylife.in/chutkule/
HJ-001190,marriage,funkylife-viral,hinglish,dialogue,"ladaki ke Pita ne yuvak se kaha – toh tum meri ladaki se shaadi karna chahate ho, aur tum uske liye upayukt ho? . yuvak bola – ji han ! uski sundarata aur aapka dhan, aisa lagata hai ki hum Ek-doosare ke liye hi paida hue hain. 😁😁😁😂😂😂",True,FunkyLife Hindi Chutkule,https://funkylife.in/chutkule/
HJ-001191,marriage,funkylife-viral,hinglish,dialogue,"Ek Ladki apane boy-phrend ko apani man se milane ghar lekar gayi. wahan se lautakar Ladki – meri Mummy ko tum bahut pasand aaye. Ladka – kuchh bhi ho par shaadi main tumse hi karoonga … aanti se kahana, mujhe bhool jaen ! 😝😂😂😂🤣",True,FunkyLife Hindi Chutkule,https://funkylife.in/chutkule/
HJ-001192,husband-wife,zeetalwara-curated,hinglish,dialogue,"sahib meri Biwi gum ho gayi hai main kya karoon? \n post Master: andhe yeh post office hai, \n police station jaa idhar kyu aaya hai?",True,ZeeTalwara Humour,https://www.zeetalwara.com/pati-patni-jokes-in-hindi-latest/
HJ-001193,husband-wife,zeetalwara-curated,hinglish,dialogue,"Pati: maf keejiyega sahib, \n khushi ke mare samajh nahi aa raha \n kidhar jaoon….!! \n 😃😃😄😜😎😃 \n *********************** \n (Pati Patni jokes)",True,ZeeTalwara Humour,https://www.zeetalwara.com/pati-patni-jokes-in-hindi-latest/
HJ-001194,husband-wife,zeetalwara-curated,hinglish,dialogue,Pati: phir rone de \n main kaun sa ise barat mein lekar gaya tha… \n 😜😃😃😄😎😃 \n ***********************,True,ZeeTalwara Humour,https://www.zeetalwara.com/pati-patni-jokes-in-hindi-latest/
HJ-001195,husband-wife,zeetalwara-curated,hinglish,one-liner,"Pati Patni se \n priye, main tumse bahut pyar karta hu.",True,ZeeTalwara Humour,https://www.zeetalwara.com/pati-patni-jokes-in-hindi-latest/
HJ-001196,husband-wife,zeetalwara-curated,hinglish,one-liner,Patni – toh kya main aapko nahi karti? \n main toh aapke liye sari duniya se \n lad sakti hoon.,True,ZeeTalwara Humour,https://www.zeetalwara.com/pati-patni-jokes-in-hindi-latest/
HJ-001197,husband-wife,zeetalwara-curated,hinglish,one-liner,Pati- lekin tum toh din-raat mujhse hi \n ladati rahati ho.,True,ZeeTalwara Humour,https://www.zeetalwara.com/pati-patni-jokes-in-hindi-latest/
HJ-001198,husband-wife,zeetalwara-curated,hinglish,one-liner,Patni- janu aap hi toh meri duniya ho !!! \n 😜😃😃😄😎😃 \n ***********************,True,ZeeTalwara Humour,https://www.zeetalwara.com/pati-patni-jokes-in-hindi-latest/
HJ-001199,husband-wife,zeetalwara-curated,hinglish,dialogue,mayake se Patni ka phone aaya \n Patni: aapke bina ji nahi lagata hai,True,ZeeTalwara Humour,https://www.zeetalwara.com/pati-patni-jokes-in-hindi-latest/
HJ-001200,husband-wife,zeetalwara-curated,hinglish,dialogue,"Pati: are pagali Zee nahi lagata toh, \n Star aur Sony laga kar dekh liya kar, \n woh bhi acche chainal hai... \n 😃😃😜😃😎😃 \n *********************** \n Pati Patni jokes in hindi latest \n zee talwara  \n "" data-image-caption="""" data-large-file=""https://i0.wp.com/www.zeetalwara.com/wp-content/uploads/2020/07/zee-talwara.jpg?fit=768%2C150&ssl=1"" class=""alignnone wp-image-1153 size-full"" src=""https://i0.wp.com/www.zeetalwara.com/wp-content/uploads/2020/07/zee-talwara.jpg?resize=768%2C150&ssl=1"" alt=""zee talwara"" width=""768"" height=""150"" title=""Best Top 20 (Pati Patni) Pati Patni jokes in hindi latest 4"" srcset=""https://i0.wp.com/www.zeetalwara.com/wp-content/uploads/2020/07/zee-talwara.jpg?w=768&ssl=1 768w, https://i0.wp.com/www.zeetalwara.com/wp-content/uploads/2020/07/zee-talwara.jpg?resize=300%2C59&ssl=1 300w"" sizes=""(max-width: 768px) 100vw, 768px""> zee talwara  \n "" data-image-caption="""" data-large-file=""https://i0.wp.com/www.zeetalwara.com/wp-content/uploads/2020/07/zee-talwara.jpg?fit=768%2C150&ssl=1"" class=""lazyload alignnone wp-image-1153 size-full"" data-src=""https://i0.wp.com/www.zeetalwara.com/wp-content/uploads/2020/07/zee-talwara.jpg?resize=768%2C150&ssl=1"" alt=""zee talwara"" width=""768"" height=""150"" title=""Best Top 20 (Pati Patni) Pati Patni jokes in hindi latest 4"" data-srcset=""https://i0.wp.com/www.zeetalwara.com/wp-content/uploads/2020/07/zee-talwara.jpg?w=768&ssl=1 768w, https://i0.wp.com/www.zeetalwara.com/wp-content/uploads/2020/07/zee-talwara.jpg?resize=300%2C59&ssl=1 300w"" data-sizes=""(max-width: 768px) 100vw, 768px""> \n hansate raho, hasate raho ! \n doston aaj ke samay mein hum sab apane apane kamo mein itane vyast hai kee har vaqt tenshan se ghire rahate hai. par jaise acchi hava, accha khan pan, hamari sehat ke liye jaruri hai, theek vaise hi hamari hansi bhi humko svasth rakhane mein bhoomika nibhati hai. humko kaayi bimariyon se bachane ke liye hansane kee aadat dalani hogi. iseelie hum aapke liye late rahate hai hansi mazaak vale joks, jise padhane ke bad aap hansate hansate lotapot ho jayenge. toh aaei padhate hai hansi vale joks woh bhi hindi men. \n aaj ramayan dekhate aankh \n bhar aayi. \n dasharath ji Teen patniyon ko \n aaram se samajha rahe the. \n aur yahan toh Ek ko bhi \n samajhana mushkil hai. \n 😃😃😜😃😎😃 \n *********************** \n Pati Patni karwa chauth jokes \n yeh beeviyan bhi bahut \n ajeeb hoti hai…! \n 364 din Pati ko jeene nahi deti \n aur 1 din karava chauth ka vrat kar \n marane bhi nahi deti. \n 😃😃😜😃😎😃 \n *********************** \n ( Pati Patni jokes in hindi latest ) \n Biwi suno ji aaj office se jaldi aa \n jaana movie dekhane chalenge",True,ZeeTalwara Humour,https://www.zeetalwara.com/pati-patni-jokes-in-hindi-latest/
HJ-001201,husband-wife,zeetalwara-curated,hinglish,dialogue,"Pati: nahi aaya toh !!! \n Biwi: agar time se aaye toh BJP ke chunav chinh se swagat karungi. \n aur der kari, toh phir, Congress ke chunav chinh se..! \n aur zyada der kari toh phir… \n Kejriwal ka \n chunav chinh darwaje ke peechhe rakha hai… dhyan rahe…! \n 😃😃😜😃😎😃 \n *********************** \n Patni jokes \n Ek aadmi ne apani Biwi ko sunami mein aayi badh mein kho diya, \n Ek din samundar kinare daru peekar tun khada tha..! \n laharen uske pairon ko chhu rahi thi \n achanak woh bol pada…. \n dekho samundar Bhai ! ab tum kitne bhi \n pair pakado, main apani Biwi ko vapis \n lene vala nahi hoon tumhari galati thi \n ab tum hi nipato…..!! \n 😃😃😜😃😎😃 \n *********************** \n Read : Best top 25 Pati Patni jokes in hindi \n Pati Patni na jokes",True,ZeeTalwara Humour,https://www.zeetalwara.com/pati-patni-jokes-in-hindi-latest/
HJ-001202,husband-wife,zeetalwara-curated,hinglish,one-liner,"Patni kee 5 mis kol ho toh…! \n Pati  sochata hai, pata nahi \n aaj mere saath  kya hoga? \n 😃😃😜😃😎😃 \n *********************** \n Paati Patni jokes in hindi latest",True,ZeeTalwara Humour,https://www.zeetalwara.com/pati-patni-jokes-in-hindi-latest/
HJ-001203,husband-wife,zeetalwara-curated,hinglish,dialogue,Pati: pagali khoon ke rishte mein \n shadiyan kahan hoti hai….!! \n 😃😃😜😃😎😃 \n *********************** \n Pati Patni comedy jokes,True,ZeeTalwara Humour,https://www.zeetalwara.com/pati-patni-jokes-in-hindi-latest/
HJ-001204,husband-wife,zeetalwara-curated,hinglish,dialogue,Patni:  aap bahut bhole hain… \n aapko koi bhi bewakoof \n bana deta hai,True,ZeeTalwara Humour,https://www.zeetalwara.com/pati-patni-jokes-in-hindi-latest/
HJ-001205,husband-wife,zeetalwara-curated,hinglish,dialogue,Pati:   shuruaat toh tere Baap ne kee thi…!! \n 😃😃😜😃😎😃 \n *********************** \n (Pati Pati jokes in hindi latest),True,ZeeTalwara Humour,https://www.zeetalwara.com/pati-patni-jokes-in-hindi-latest/
HJ-001206,husband-wife,zeetalwara-curated,hinglish,dialogue,"Pati: kaisa khana banaya hai  tumane, \n gobar jaisa…..! \n Patni: he bhagavan is aadmi \n ne har cheez chakh rakhi hai….!!! \n 😃😃😜😃😎😃 \n *********************** \n Pati Patni joke image \n kuchh ladakiyan toh itani lipastik lagati hai kee \n unak muhan ghar kee deevaron par ragad \n diya jaye toh… \n NEROLAC pent jaisi kampaniyan \n band ho jaye…!!! \n 😜😃😃😃😎😃 \n ***********************",True,ZeeTalwara Humour,https://www.zeetalwara.com/pati-patni-jokes-in-hindi-latest/
HJ-001207,husband-wife,zeetalwara-curated,hinglish,dialogue,Patni: “agar main aapko 4-5 din na dikhoon toh…. \n kaisa lagega?,True,ZeeTalwara Humour,https://www.zeetalwara.com/pati-patni-jokes-in-hindi-latest/
HJ-001208,husband-wife,zeetalwara-curated,hinglish,dialogue,"Patni: shaadi ke pahale tum, \n bahut mandir jaate the, \n ab  kya ho gaya?",True,ZeeTalwara Humour,https://www.zeetalwara.com/pati-patni-jokes-in-hindi-latest/
HJ-001209,husband-wife,zeetalwara-curated,hinglish,dialogue,"Pati: phir tumse shaadi ho  gayi \n aur mera bhagavan par se \n bharosa hi uth gaya…!!! \n 😜😃😃😃😎😃 \n *********************** \n Pati jokes \n agar Patni bahut kir kir kare, \n magaj kharab kare…. \n toh chappal uthao…. \n aur pahan kar bahar nikal jao, \n baki jo aapane abhi socha tha, \n uske liye toh Bhai jigara chahiye jigara… !!! \n 😜😃😃😃😎😃 \n *********************** \n Pati Patni jokes in hindi latest \n Sharabi daru peene ke bad, \n apani Patni se: aap kaun ho?",True,ZeeTalwara Humour,https://www.zeetalwara.com/pati-patni-jokes-in-hindi-latest/
HJ-001210,husband-wife,zeetalwara-curated,hinglish,dialogue,Patni: pagal ho gaye ho kya? \n apani Biwi ko bhool gaye! \n Sharabi: nasha har gam bhula deta hai \n Behen ji…. !!! \n 😜😃😃😃😎😃 \n *********************** \n Husband Wife jokes in hindi,True,ZeeTalwara Humour,https://www.zeetalwara.com/pati-patni-jokes-in-hindi-latest/
HJ-001211,husband-wife,zeetalwara-curated,hinglish,dialogue,"Pati: kal mere khvab mein Ek, \n Ladki aayi thi, \n vah! kya Ladki thi,",True,ZeeTalwara Humour,https://www.zeetalwara.com/pati-patni-jokes-in-hindi-latest/
HJ-001212,husband-wife,zeetalwara-curated,hinglish,dialogue,"Patni: darling, dekho na \n mene ise pichhale 5 sal se nahi pahana \n phir bhi iski phiting vaisi kee vaisi hi hai",True,ZeeTalwara Humour,https://www.zeetalwara.com/pati-patni-jokes-in-hindi-latest/
HJ-001213,husband-wife,zeetalwara-curated,hinglish,dialogue,Pati: kuchh toh bhagavan se dar \n yeh shol hai….!!! \n 😜😃😃😃😎😃 \n *********************** \n Pati Patni ka joke,True,ZeeTalwara Humour,https://www.zeetalwara.com/pati-patni-jokes-in-hindi-latest/
HJ-001214,husband-wife,zeetalwara-curated,hinglish,dialogue,Pati: main toh neend mein \n bol raha hu pagali….!!! \n 😜😃😃😃😎😃 \n *********************** \n patniyan mayake jakar Pati ko \n roz phone kyu karti hai? \n Very Simple \n taki patiyon ko yad rahe \n museebat tali nahi hai \n phir aane vali hai….!!! \n 😜😃😃😃😎😃 \n *********************** \n Pati Patni ke jokes \n belan Ek aisa yantr hai \n roti gol hoti hai \n aur Pati seedha… !!! \n 😜😃😃😃😎😃 \n *********************** \n Pati Patni jokes in hindi latest,True,ZeeTalwara Humour,https://www.zeetalwara.com/pati-patni-jokes-in-hindi-latest/
HJ-001215,husband-wife,zeetalwara-curated,hinglish,dialogue,Patni: main aapse baat nahi karungi. \n Pati: theek hai!!!,True,ZeeTalwara Humour,https://www.zeetalwara.com/pati-patni-jokes-in-hindi-latest/
HJ-001216,husband-wife,zeetalwara-curated,hinglish,dialogue,"Patni: kya tum karan nahi janana chahate? \n Pati: nahi, \n main tumhare phaisale kee ijjat karta hoon. \n 😜😃😃😃😎😃 \n *********************** \n Pati par jokes \n usne mujhse pucha, \n chahoge mujhe kab tak ? \n mainne bhi muskura ke kah diya… \n meri Biwi  ko na pata chale \n tab tak ….!!! \n 😜😃😃😃😎😃 \n *********************** \n Loading… Leave a Comment Cancel reply Comment \n Save my name, email, and website in this browser for the next time I comment. \n Notify me of follow-up comments by email. \n Notify me of new posts by email. \n Δ document.getElementById( ""ak_js_1"" ).setAttribute( ""value"", ( new Date() ).getTime() );",True,ZeeTalwara Humour,https://www.zeetalwara.com/pati-patni-jokes-in-hindi-latest/
HJ-001217,husband-wife,zeetalwara-curated,hinglish,dialogue,"Pati Patni Jokes in Hindi \n Pati (Patni se): zara, paani peela Do…",True,ZeeTalwara Humour,https://www.zeetalwara.com/pati-patni-jokes-in-hindi/
HJ-001218,husband-wife,zeetalwara-curated,hinglish,dialogue,"Patni: kya huaa pyas lagi hai? \n Pati (gusse se): nahi gala chaik karna hai, \n ki kaheen se leek toh nahi hai…!!! \n 😲😃😃😄😜😎😃 \n ***********************",True,ZeeTalwara Humour,https://www.zeetalwara.com/pati-patni-jokes-in-hindi/
HJ-001219,husband-wife,zeetalwara-curated,hinglish,dialogue,"Patni: aji sunate ho ? \n oopar se woh baig utar dena ! \n mera hath kuchh chhota pad raha hai,",True,ZeeTalwara Humour,https://www.zeetalwara.com/pati-patni-jokes-in-hindi/
HJ-001220,husband-wife,zeetalwara-curated,hinglish,dialogue,Pati: toh juban se traayi kar le. \n Pati aayi si yu mein hai….. \n 😲😃😃😄😜😎😃 \n ***********************,True,ZeeTalwara Humour,https://www.zeetalwara.com/pati-patni-jokes-in-hindi/
HJ-001221,husband-wife,zeetalwara-curated,hinglish,one-liner,"Patni – jab main shaadi karake yahan aayi thi toh ghar mein bahut machchhar the,",True,ZeeTalwara Humour,https://www.zeetalwara.com/pati-patni-jokes-in-hindi/
HJ-001222,husband-wife,zeetalwara-curated,hinglish,one-liner,"Pati – hamari shaadi hone ke bad machchharon ne yeh kahakar mera ghar chhod diya, \n ab toh paramanent khoon peene vali aa gayi hai, \n hamare liye toh bachega hi naheen. \n 😲😃😃😄😜😎😃",True,ZeeTalwara Humour,https://www.zeetalwara.com/pati-patni-jokes-in-hindi/
HJ-001223,husband-wife,zeetalwara-curated,hinglish,one-liner,*********************** \n Chaar cheejen insan ko kabhi khush nahi rakh sakati. \n mobile \n teevi aur \n kyonki aksar inake letest \n doosaron ke paas hote hai. \n 😲😃😃😄😜😎😃 \n ***********************,True,ZeeTalwara Humour,https://www.zeetalwara.com/pati-patni-jokes-in-hindi/
HJ-001224,husband-wife,zeetalwara-curated,hinglish,dialogue,Pati: kahan gayab thi 4 ghante se ? \n Patni: mol mein gayi thi shoping karane.,True,ZeeTalwara Humour,https://www.zeetalwara.com/pati-patni-jokes-in-hindi/
HJ-001225,husband-wife,zeetalwara-curated,hinglish,dialogue,"Pati: phir kya kya liya ? \n Patni: Ek Hair band aur saath mein \n 40 Selfie \n 😲😃😃😄😜😎😃 \n New 12 Funny “Dosti Jokes” in hindi \n *********************** \n kuchh risarch ke bad pata chala ki, \n mahilaen apane bachchon ko \n tej aavaj mein iseelie dantati \n hai kyonki…..",True,ZeeTalwara Humour,https://www.zeetalwara.com/pati-patni-jokes-in-hindi/
HJ-001226,husband-wife,zeetalwara-curated,hinglish,one-liner,pation mein khauph bana rahe. \n 😲😃😃😄😜😎😃 \n *********************** \n subah subah Patni neend se uthate hi \n “aji sunate ho ji…”,True,ZeeTalwara Humour,https://www.zeetalwara.com/pati-patni-jokes-in-hindi/
HJ-001227,husband-wife,zeetalwara-curated,hinglish,dialogue,"Pati: bolo ji… \n Patni: mujhe sapna aaya ki, \n aap mere liye heeron ka har \n lekar aaye ho.",True,ZeeTalwara Humour,https://www.zeetalwara.com/pati-patni-jokes-in-hindi/
HJ-001228,husband-wife,zeetalwara-curated,hinglish,dialogue,"Pati: theek hai… \n toh vapis so jaa… aur pahan le…. \n 😲😃😃😄😜😎😃 \n *********************** \n zee talwara  \n "" data-image-caption="""" data-large-file=""https://i0.wp.com/www.zeetalwara.com/wp-content/uploads/2020/07/zee-talwara.jpg?fit=768%2C150&ssl=1"" class=""alignnone wp-image-1153 size-full"" src=""https://i0.wp.com/www.zeetalwara.com/wp-content/uploads/2020/07/zee-talwara.jpg?resize=768%2C150&ssl=1"" alt=""zee talwara"" width=""768"" height=""150"" title=""150+ majedar Pati Patni joks | Best Pati Patni Jokes in Hindi 5"" srcset=""https://i0.wp.com/www.zeetalwara.com/wp-content/uploads/2020/07/zee-talwara.jpg?w=768&ssl=1 768w, https://i0.wp.com/www.zeetalwara.com/wp-content/uploads/2020/07/zee-talwara.jpg?resize=300%2C59&ssl=1 300w"" sizes=""(max-width: 768px) 100vw, 768px""> zee talwara  \n "" data-image-caption="""" data-large-file=""https://i0.wp.com/www.zeetalwara.com/wp-content/uploads/2020/07/zee-talwara.jpg?fit=768%2C150&ssl=1"" class=""lazyload alignnone wp-image-1153 size-full"" data-src=""https://i0.wp.com/www.zeetalwara.com/wp-content/uploads/2020/07/zee-talwara.jpg?resize=768%2C150&ssl=1"" alt=""zee talwara"" width=""768"" height=""150"" title=""150+ majedar Pati Patni joks | Best Pati Patni Jokes in Hindi 5"" data-srcset=""https://i0.wp.com/www.zeetalwara.com/wp-content/uploads/2020/07/zee-talwara.jpg?w=768&ssl=1 768w, https://i0.wp.com/www.zeetalwara.com/wp-content/uploads/2020/07/zee-talwara.jpg?resize=300%2C59&ssl=1 300w"" data-sizes=""(max-width: 768px) 100vw, 768px""> \n doston aaj ke samay mein hum sab apane apane kamo mein itane vyast hai kee har vaqt tenshan se ghire rahate hai. par jaise acchi hava, accha khan pan, hamari sehat ke liye jaruri hai, theek vaise hi hamari hansi bhi humko svasth rakhane mein bhoomika nibhati hai. \n humko kaayi bimariyon se bachane ke liye hansane kee aadat dalani hogi. iseelie hum aapke liye late rahate hai hansi mazaak vale joks, jise padhane ke bad aap hansate hansate lotapot ho jayenge. toh aaei padhate hai hansi vale joks woh bhi hindi men. \n Read: Teacher and Student Funny Jokes in hindi \n ***********************",True,ZeeTalwara Humour,https://www.zeetalwara.com/pati-patni-jokes-in-hindi/
HJ-001229,husband-wife,zeetalwara-curated,hinglish,one-liner,"Pati ne aaphis mein baithe baithe \n Facebook par post kiya \n “panchhi banu udata phiroon mast gagan mein” \n tabhi Patni ka kament aaya, \n “dharati chhoote hi sabji le aana aapane \n bhavan mein… varna Ek bhi bal nahi \n bachenge tumhare chaman men. “ \n 😃😃😄😜😎😃 \n ***********************",True,ZeeTalwara Humour,https://www.zeetalwara.com/pati-patni-jokes-in-hindi/
HJ-001230,husband-wife,zeetalwara-curated,hinglish,one-liner,"Patni ko khamosh dekhakar, Pati se \n raha nahi gaya aur poochh hi liya- \n “Doctor saheb” \n yeh cheej kitne kee aati hai ? \n 😎😃😃😎😜😃",True,ZeeTalwara Humour,https://www.zeetalwara.com/pati-patni-jokes-in-hindi/
HJ-001231,husband-wife,zeetalwara-curated,hinglish,dialogue,*********************** \n Patni: chai banaoon? \n Pati: han theek hai.,True,ZeeTalwara Humour,https://www.zeetalwara.com/pati-patni-jokes-in-hindi/
HJ-001232,husband-wife,zeetalwara-curated,hinglish,dialogue,Patni: adarak vali? \n Pati: Ok \n Patni: pudeena daloon ?,True,ZeeTalwara Humour,https://www.zeetalwara.com/pati-patni-jokes-in-hindi/
HJ-001233,husband-wife,zeetalwara-curated,hinglish,dialogue,Pati: han theek hai. \n Patni: tulasi sehat ke liye \n acchi hoti hai.,True,ZeeTalwara Humour,https://www.zeetalwara.com/pati-patni-jokes-in-hindi/
HJ-001234,husband-wife,zeetalwara-curated,hinglish,dialogue,"Pati: Ek kam kar, pyaj aur lahusan \n dal ke tadaka bhi laga de. \n 😎😃😃😎😜😃 \n *********************** \n bharateey Patni \n sanskaron vali hoti hai \n woh kabhi sabake samane \n apane Pati ko \n “abe gadhe” “oye gadhe”  “sun gadhe” \n nahi bolati, iseelie woh \n Short mein “A.G.” “O.G.”  “Suno G” \n kahati hai. \n 😎😃😃😎😜😃 \n Chutkule in Hindi | 55+ Best Hindi Chutkule \n ***********************",True,ZeeTalwara Humour,https://www.zeetalwara.com/pati-patni-jokes-in-hindi/
HJ-001235,husband-wife,zeetalwara-curated,hinglish,dialogue,Patni ko wife hi kyu kaha jaata hai. \n bahut socha par… \n wife ka matalab \n aaj maloom chala- \n Without information \n Fight every time \n 😎😃😃😎😜😃 \n *********************** \n aadmi apane ghar mein sirph Do \n hi karanon se khush hota hai : \n jab Biwi “nayi” ho \n ya phir \n “Biwi” nahi ho \n 😎😃😃😎😜😃 \n ***********************,True,ZeeTalwara Humour,https://www.zeetalwara.com/pati-patni-jokes-in-hindi/
HJ-001236,husband-wife,zeetalwara-curated,hinglish,dialogue,"Patni: hamesha mera aadha matha \n dukhata hai… lagata hai, \n Doctor ko batana padega…",True,ZeeTalwara Humour,https://www.zeetalwara.com/pati-patni-jokes-in-hindi/
HJ-001237,husband-wife,zeetalwara-curated,hinglish,dialogue,"Pati: are usame kya batana… !! \n woh toh jitana hai, utana dukhega…!! \n bus tab se hi",True,ZeeTalwara Humour,https://www.zeetalwara.com/pati-patni-jokes-in-hindi/
HJ-001238,husband-wife,zeetalwara-curated,hinglish,one-liner,Pati ka poora badan du:kh raha hai…. !!!! \n 😎😃😃😎😜😃 \n ***********************,True,ZeeTalwara Humour,https://www.zeetalwara.com/pati-patni-jokes-in-hindi/
HJ-001239,husband-wife,zeetalwara-curated,hinglish,dialogue,Patni Pati se: chalo utho \n chai aur nashta banane jao…,True,ZeeTalwara Humour,https://www.zeetalwara.com/pati-patni-jokes-in-hindi/
HJ-001240,husband-wife,zeetalwara-curated,hinglish,dialogue,Pati: uthakar seedha bahar kee taraph jane laga. \n Patni: kahan jaa rahe ho?,True,ZeeTalwara Humour,https://www.zeetalwara.com/pati-patni-jokes-in-hindi/
HJ-001241,husband-wife,zeetalwara-curated,hinglish,dialogue,"Pati: Vakeel ke paas, tumse talak chahie. \n thodi der bad, Pati vapis ghar aakar chai \n banane laga.",True,ZeeTalwara Humour,https://www.zeetalwara.com/pati-patni-jokes-in-hindi/
HJ-001242,husband-wife,zeetalwara-curated,hinglish,dialogue,Patni: kya huaa ? \n Pati: kuchh nahi… \n Vakeel sahib thoda pochha laga rahen the. \n 😎😃😃😎😜😃 \n ***********************,True,ZeeTalwara Humour,https://www.zeetalwara.com/pati-patni-jokes-in-hindi/
HJ-001243,husband-wife,zeetalwara-curated,hinglish,dialogue,Pati: kitni baar kaha hai kee… \n khana banate time \n mobile mat chalaya kar \n ab dekh! sabji ka svad \n ekadam paani jaisa lag raha hai…!,True,ZeeTalwara Humour,https://www.zeetalwara.com/pati-patni-jokes-in-hindi/
HJ-001244,husband-wife,zeetalwara-curated,hinglish,dialogue,"Patni: zyada dimag ka daheen na karo ji, \n aapse kitni baar bolai hai, khana khate \n time mobile mat chalaya karo, \n sabji kee jagah paani mein roti \n dubo dubokar kha rahe ho. \n 😃😃😃😃😜😃 \n ***********************",True,ZeeTalwara Humour,https://www.zeetalwara.com/pati-patni-jokes-in-hindi/
HJ-001245,husband-wife,zeetalwara-curated,hinglish,one-liner,Pati Patni Ek hi plet mein golagappe kha rahe the. \n Ek doosare kee aankh mein aankh dale Patni ne \n romantik ho kar poochha. \n “aise kya dekh rahe ho ji “?,True,ZeeTalwara Humour,https://www.zeetalwara.com/pati-patni-jokes-in-hindi/
HJ-001246,husband-wife,zeetalwara-curated,hinglish,dialogue,"Pati: thoda aaram se kha, meri bari hi nahi aa rahi. \n 😃😃😃😃😜😃 \n *********************** \n gavarnament ka naya rool… \n jisake 5 bache ho use ghar milega,",True,ZeeTalwara Humour,https://www.zeetalwara.com/pati-patni-jokes-in-hindi/
HJ-001247,husband-wife,zeetalwara-curated,hinglish,dialogue,Patni: yeh bandook leke darwaje \n pe kyu khade ho..?,True,ZeeTalwara Humour,https://www.zeetalwara.com/pati-patni-jokes-in-hindi/
HJ-001248,husband-wife,zeetalwara-curated,hinglish,dialogue,Pati: sher ka shikar karane \n jaa raha hoon..! \n Patni: toh jaate kyu nahi..?,True,ZeeTalwara Humour,https://www.zeetalwara.com/pati-patni-jokes-in-hindi/
HJ-001249,husband-wife,zeetalwara-curated,hinglish,dialogue,Pati: bahar kutta khada hai..! \n 😃😃😃😃😜😃 \n ***********************,True,ZeeTalwara Humour,https://www.zeetalwara.com/pati-patni-jokes-in-hindi/
HJ-001250,husband-wife,zeetalwara-curated,hinglish,dialogue,Patni: bhaiya yeh lauki kya bhav \n sabjeevala: 50 roopye kilo,True,ZeeTalwara Humour,https://www.zeetalwara.com/pati-patni-jokes-in-hindi/
HJ-001251,husband-wife,zeetalwara-curated,hinglish,dialogue,Patni: aur yeh bhindi tamatar \n Pati: jaldi karo mujhe office ke liye der ho rahi hai.,True,ZeeTalwara Humour,https://www.zeetalwara.com/pati-patni-jokes-in-hindi/
HJ-001252,husband-wife,zeetalwara-curated,hinglish,dialogue,"Patni: tum bakavas na karo, \n jaldi mein tumhare jaisa Pati mila \n ab sabji khareedane mein jaldabaji \n nahi karoongi",True,ZeeTalwara Humour,https://www.zeetalwara.com/pati-patni-jokes-in-hindi/
HJ-001253,husband-wife,zeetalwara-curated,hinglish,dialogue,"Pati aur sabjeevala chup \n 😃😃😃😃😜😃 \n *********************** \n vidaayi ke samay dulhan ke chhote Bhai ne Papa se pucha… \n Bhai – Papa deedi toh ro rahi hai, \n par jeeja ji nahi ro rahe, \n Papa: Beta deedi toh get tak hi royegi, \n par jeeja ji sari jindagi royenge. \n 😲😲😃😄😜😎 \n *********************** \n Biwi ne bade hi pyar se",True,ZeeTalwara Humour,https://www.zeetalwara.com/pati-patni-jokes-in-hindi/
HJ-001254,husband-wife,zeetalwara-curated,hinglish,one-liner,"Pati ke gale mein bahen \n dali aur pucha, \n kaisi lag rahi hoon ji?",True,ZeeTalwara Humour,https://www.zeetalwara.com/pati-patni-jokes-in-hindi/
HJ-001255,husband-wife,zeetalwara-curated,hinglish,dialogue,Pati: jaise bhagavan shankar ke \n gale mein nagin lipati ho. \n 😲😲😃😄😜😎 \n ***********************,True,ZeeTalwara Humour,https://www.zeetalwara.com/pati-patni-jokes-in-hindi/
HJ-001256,husband-wife,zeetalwara-curated,hinglish,one-liner,"Patni jab office se ghar aayi aur baidaroom ka darwaza khola \n toh dekha kee kambal mein 2 kee bajae 4 tange najar aa rahi thi. \n usne aav dekha na tav… \n zor zor se kriket ke bait se marane lagi…. \n jab mar mar thak gayi toh paani peene \n kichan mein gayi, toh usne dekha kee Pati \n bahar balakani mein baithe akhabar padh raha hai.",True,ZeeTalwara Humour,https://www.zeetalwara.com/pati-patni-jokes-in-hindi/
HJ-001257,husband-wife,zeetalwara-curated,hinglish,dialogue,"Pati bola: tere Bhai bhabhi aaye hain, \n mene unko baidaroom mein sulaya hai \n jaa ke mil le…. \n moral : aur karo shak…. \n 😲😲😃😄😜😎 \n ***********************",True,ZeeTalwara Humour,https://www.zeetalwara.com/pati-patni-jokes-in-hindi/
HJ-001258,husband-wife,zeetalwara-curated,hinglish,dialogue,Pati: tum meri philm mein kam karogi \n Patni: han par seen kya hai?,True,ZeeTalwara Humour,https://www.zeetalwara.com/pati-patni-jokes-in-hindi/
HJ-001259,husband-wife,zeetalwara-curated,hinglish,dialogue,Pati: tumhe dheere-dheere paani mein jaana hoga \n Patni: theek hai par philm ka nam kya hai?,True,ZeeTalwara Humour,https://www.zeetalwara.com/pati-patni-jokes-in-hindi/
HJ-001260,husband-wife,zeetalwara-curated,hinglish,dialogue,Pati: gayi bhains paani men. \n 😲😲😃😄😜😎 \n *********************** \n talak ke kes mein \n kort ne Pati ko aadesh diya kee \n aadhi  sailari Patni ko deni padegi…,True,ZeeTalwara Humour,https://www.zeetalwara.com/pati-patni-jokes-in-hindi/
HJ-001261,husband-wife,zeetalwara-curated,hinglish,dialogue,"Pati: khushi khushi tyar hoon…!  Judge sahab, \n kam se kam aadhi sailari toh mere paas rahegi. \n 😲😲😃😄😜😎 \n Read: Best jokes in hindi for Husband and Wife \n ***********************",True,ZeeTalwara Humour,https://www.zeetalwara.com/pati-patni-jokes-in-hindi/
HJ-001262,husband-wife,zeetalwara-curated,hinglish,dialogue,"Patni: 2 kilo matar le loon? \n Pati: han le lo. \n Patni: tumhari ray nahi mang rahi, \n poochh rahi hoon, \n chheel loge itane… ya kam loon. \n 😲😲😃😄😜😎 \n ***********************",True,ZeeTalwara Humour,https://www.zeetalwara.com/pati-patni-jokes-in-hindi/
HJ-001263,husband-wife,zeetalwara-curated,hinglish,one-liner,Patni se pareshan Pati Ek din Pandit ji ke paas jakar bolata hai…,True,ZeeTalwara Humour,https://www.zeetalwara.com/pati-patni-jokes-in-hindi/
HJ-001264,husband-wife,zeetalwara-curated,hinglish,one-liner,Patni – aapki shart par toh Ladki ka Ek bhi bal nahi milata hai.,True,ZeeTalwara Humour,https://www.zeetalwara.com/pati-patni-jokes-in-hindi/
HJ-001265,husband-wife,zeetalwara-curated,hinglish,one-liner,Pati – han toh kya huaa Patni – main poochhati hoon kaun hai woh takali? \n 😲😲😃😄😜😎 \n ***********************,True,ZeeTalwara Humour,https://www.zeetalwara.com/pati-patni-jokes-in-hindi/
HJ-001266,husband-wife,zeetalwara-curated,hinglish,dialogue,"Patni – apane Pati ke saath mayake jaate hue bolati hai. Patni – dekho ! janu aap apana mood theek rakhana aur wahan par mere saath koi jhagada nahi karna . Pati : kyu ? Patni – are woh mere Papa ka ghar hai. Pati – accha toh woh tere Baap ka ghar hai. aur mere Baap ka ghar kya kurukshetr ka maidan hai.. \n jo roz bina baat ke mahabharat karti rahati ho. \n 😲😲😃😄😜😎 \n *********************** \n Ek nav vivahit Pati Patni ka joda bartan kee dukaan par jhagad rahe the . Patni – yeh vala steel ka gilas lo. Pati – nahi, zara aur bada gilas lenge ! Dukandar – sahab ji, mahila divas bhale hi chala gaya hai, lekin Madam ji jo kah rahi hain, vahi gilas le leejie na..!!! Pati -“are bhaiya tumhe bechane kee padi hai lekin is chhote se gilas mein mera hath ghusata nahi hai, main ise kaise manjooga batao???” \n 😲😲😃😄😜😎 \n *********************** \n shaadi kee 7veen salagirah par panni Pati ke seene se lag ke boli – sunie ji, agar mujhe koi bhaga ke le jae toh aap kya karenge…? Pati – hat pagali, kaise sawal poochhati hai…? panni – batao na jan… Pati – main boloonga Bhai, bhaga ke kyu le jaa rahe ho, aaram se le jao, \n main rok thodi raha hoon…",True,ZeeTalwara Humour,https://www.zeetalwara.com/pati-patni-jokes-in-hindi/
HJ-001267,husband-wife,zeetalwara-curated,hinglish,one-liner,"Patni behosh….! \n 😲😲😃😄😜😎 \n *********************** \n Ek aadmi apani Biwi ko daphana ke ghar jaa raha tha… ki achanak se aasaman mein bijali chamaki \n badal garaje aur zor kee toophani barish shuru ho gayi ! mahaul apharataphari vala ho gaya… dukhi aadmi aasaman kee taraph dekhakar bola… lagata hain sali, pahunch gayi oopar….! \n 😲😲😃😄😜😎 \n ***********************",True,ZeeTalwara Humour,https://www.zeetalwara.com/pati-patni-jokes-in-hindi/
HJ-001268,husband-wife,zeetalwara-curated,hinglish,one-liner,"Patni – pyar karte ho mujhe? 😘😘 Pati – shahajahan jaise! 😍😍 Patni – mere bad tajamahal banaoge? 😚😚 Pati – plat le chooka hoon pagali, der toh tum kar rahi ho…. 😜 😂 \n 😍😍😜 😂😘😘 \n *********************** \n Vakeel – aapke Pati mare kaise? Patni – jahar kha kara. Vakeel – phir inake shareer par chot ke nishan kaise? Patni – khane se mana kar rahe the. Vakeel behosh….! \n 😲😲😃😄😜😎 \n ***********************",True,ZeeTalwara Humour,https://www.zeetalwara.com/pati-patni-jokes-in-hindi/
HJ-001269,husband-wife,zeetalwara-curated,hinglish,dialogue,"Doctor ne mahila ke munh mein tharmameetar rakh kar kuchh der munh band rakhane ko kaha… Patni ko khamosh dekh kar Pati ne pucha : Doctor sahab , yeh jadui cheej kitne kee aati hai? \n 😲😲😃😄😜😎 \n ***********************",True,ZeeTalwara Humour,https://www.zeetalwara.com/pati-patni-jokes-in-hindi/
HJ-001270,husband-wife,zeetalwara-curated,hinglish,one-liner,Ek baar Pati aur Patni mein jamakar ladaayi huyi. gusse mein aakar Patni apane Pati se boli ab had ho gayi yara. main jaa rahi hu apani man ke ghar aur vapis kabhi nahi aaoongi.,True,ZeeTalwara Humour,https://www.zeetalwara.com/pati-patni-jokes-in-hindi/
HJ-001271,husband-wife,zeetalwara-curated,hinglish,one-liner,Pati bola – accha ! jane se pahale Ek khushakhabari sunati jao. kal tumhari man bhi tumhare Papa se ladakar apane mayake chali gayi hai. 😂😂😂😂 \n 😲😲😃😄😜😎 \n ***********************,True,ZeeTalwara Humour,https://www.zeetalwara.com/pati-patni-jokes-in-hindi/
HJ-001272,husband-wife,zeetalwara-curated,hinglish,one-liner,Patni – agar tum mujhe dobara se prapoj karoge toh kaun se gane par karoge?,True,ZeeTalwara Humour,https://www.zeetalwara.com/pati-patni-jokes-in-hindi/
HJ-001273,husband-wife,zeetalwara-curated,hinglish,one-liner,Pati – itani shakti hame dena data.. 😂😂😂😂 Patni – behosh ! \n 😲😲😃😄😜😎 \n ***********************,True,ZeeTalwara Humour,https://www.zeetalwara.com/pati-patni-jokes-in-hindi/
HJ-001274,husband-wife,zeetalwara-curated,hinglish,one-liner,Pati – “ari sunati ho… bhagyavan ! yeh jo tumane sabji banaayi hai ise kya kahate hai??”,True,ZeeTalwara Humour,https://www.zeetalwara.com/pati-patni-jokes-in-hindi/
HJ-001275,husband-wife,zeetalwara-curated,hinglish,dialogue,"Patni – “kyu kis liye poochh rahe ho?” \n Pati – are Bhai mujhse bhi toh svarg mein pucha jayega, aakhir kya khakar mare the? 😂😂😂😂 \n 😲😲😃😄😜😎 \n *********************** \n Pati Patni Jokes Image  \n "" data-image-caption="" Pati Patni Jokes Image  \n "" data-large-file=""https://i0.wp.com/www.zeetalwara.com/wp-content/uploads/2020/10/Pati-Patni-Jokes-Image.jpg?fit=768%2C384&ssl=1"" class=""size-full wp-image-4884 aligncenter"" src=""https://i0.wp.com/www.zeetalwara.com/wp-content/uploads/2020/10/Pati-Patni-Jokes-Image.jpg?resize=768%2C384&ssl=1"" alt=""Pati Patni Jokes Image"" width=""768"" height=""384"" title=""150+ majedar Pati Patni joks | Best Pati Patni Jokes in Hindi 19"" srcset=""https://i0.wp.com/www.zeetalwara.com/wp-content/uploads/2020/10/Pati-Patni-Jokes-Image.jpg?w=768&ssl=1 768w, https://i0.wp.com/www.zeetalwara.com/wp-content/uploads/2020/10/Pati-Patni-Jokes-Image.jpg?resize=300%2C150&ssl=1 300w"" sizes=""(max-width: 768px) 100vw, 768px""> Pati Patni Jokes Image  \n "" data-image-caption="" Pati Patni Jokes Image  \n "" data-large-file=""https://i0.wp.com/www.zeetalwara.com/wp-content/uploads/2020/10/Pati-Patni-Jokes-Image.jpg?fit=768%2C384&ssl=1"" class=""lazyload size-full wp-image-4884 aligncenter"" data-src=""https://i0.wp.com/www.zeetalwara.com/wp-content/uploads/2020/10/Pati-Patni-Jokes-Image.jpg?resize=768%2C384&ssl=1"" alt=""Pati Patni Jokes Image"" width=""768"" height=""384"" title=""150+ majedar Pati Patni joks | Best Pati Patni Jokes in Hindi 19"" data-srcset=""https://i0.wp.com/www.zeetalwara.com/wp-content/uploads/2020/10/Pati-Patni-Jokes-Image.jpg?w=768&ssl=1 768w, https://i0.wp.com/www.zeetalwara.com/wp-content/uploads/2020/10/Pati-Patni-Jokes-Image.jpg?resize=300%2C150&ssl=1 300w"" data-sizes=""(max-width: 768px) 100vw, 768px""> \n Pati Patni Jokes Image \n bachapan mein daraya jaata tha ki mendhak ko patthar maroge… toh goongi Patni milegi, \n kitna darate the tab, ab lagata hai, kash…. patthar mar diya hota….! 😂😂😂😂 \n 😲😲😃😄😜😎 \n ***********************",True,ZeeTalwara Humour,https://www.zeetalwara.com/pati-patni-jokes-in-hindi/
HJ-001276,husband-wife,zeetalwara-curated,hinglish,one-liner,"Patni Pati se suniye ji woh jo aadmi hai jo daaru pi kar nach raha hai na, \n maine use 10 sal pahale rijekt kar diya tha….",True,ZeeTalwara Humour,https://www.zeetalwara.com/pati-patni-jokes-in-hindi/
HJ-001277,husband-wife,zeetalwara-curated,hinglish,one-liner,"Pati – batao, sala abhi tak celebrate kar raha hai….! 😂😂😂😂 \n 😲😲😃😄😜😎 \n *********************** \n sharma ji ke Sir mein bahut dard tha, sharma ji Doctor ke paas gaye, aur Doctor se koi acchi davaayi dene ko kaha.",True,ZeeTalwara Humour,https://www.zeetalwara.com/pati-patni-jokes-in-hindi/
HJ-001278,husband-wife,zeetalwara-curated,hinglish,one-liner,"Doctor bola sharma ji is samay aapko aaram kee sabase adhik jarurat hai, main aapko neend kee kuchh goliyan de raha hun, inhe raat ko apani Patni ko \n khila ke sona! 😂😂😂😂 \n 😲😲😃😄😜😎 \n *********************** \n aap chahe kitne bhi padhe likhe kyu na ho, \n agar aapki Biwi ne bol diya kee aap nahi samajhoge, matalab nahi samajhoge. 😂😂😂😂 \n 😲😲😃😄😜😎 \n *********************** \n Ek Biwi apane Sharabi Pati ko sudharane ke liye, kale kapade pahan kar ghar ke bahar khadi ho gayi. Pati – tum kaun ho? Patni – chudail ! Pati – hath mila, main teri Behen ka Pati….! 😂😂😂😂 \n 😲😲😃😄😜😎 \n *********************** \n Sharabi daaru peene ke bad apani Patni se aap kaun ho?",True,ZeeTalwara Humour,https://www.zeetalwara.com/pati-patni-jokes-in-hindi/
HJ-001279,husband-wife,zeetalwara-curated,hinglish,dialogue,"Patni – pagal ho gaye ho kya? apani Biwi ko bhool gae. \n Sharabi Pati – nasha har gam bhula deta hai Behen ji. 😂😂😂😂 \n 😲😲😃😄😜😎 \n *********************** \n Loading… 9 thoughts on “150+ majedar Pati Patni joks | Best Pati Patni Jokes in Hindi” Praveen September 12, 2021 at 10:21 am WOW.. VERY LAUGHFUL JOKES……I READ MANY JOKES…..AND LAUGHED MANY TIMES …………………………………….. hello ZEE TALWARA kya mujhe do follow backlink mil sakti hai? hum aapke liye Ek post bhi likh denge…. aap mujhe mel ke jariye apana keevard bhej deejiye…ham aapke veb kantent ke andaz mein Ek post likh denge. \n aap apane anusar koi bhi keevard bhej deejiye. hum likh denge. lekin link aapke kisi joks post mein deni hogi. (relevansi) MY WEB DA 15 || SPAM 0 || ADSENCE APPROVED || \n PRAVEEN KUMAR SIRVI ji hum aapko Do Follow Backlink dene ke liye tyar hai. humne aapko Email bheja hai kripaya use chek kariye. dhanyavad ! \n PRAVEEN KUMAR SIRVI ji humne aapki post ko padha. bahut hi accha likha hai aapane. humne aapki post ko apane blog par PUBLISH kar diya hai. dhanyavad ! \n Nice information… Good job keep it up… Thanks for sharing. Biography \n Thanks \n Kaafi mazedaar jokes hai, Padha kar kaafi hasi aayi. Thanks for sharing. \n Thank you & Welcome. \n aapka blog bahut accha hai, \n dhanyavad! \n Comment \n Save my name, email, and website in this browser for the next time I comment. \n Notify me of follow-up comments by email. \n Notify me of new posts by email. \n Δ document.getElementById( ""ak_js_1"" ).setAttribute( ""value"", ( new Date() ).getTime() );",True,ZeeTalwara Humour,https://www.zeetalwara.com/pati-patni-jokes-in-hindi/
HJ-001280,doctor-patient,zeetalwara-curated,hinglish,one-liner,"Doctor ne aurat ke muhan mein \n tharmameetar rakha, aur kuchh der \n muhan band rakhane ko kaha…",True,ZeeTalwara Humour,https://www.zeetalwara.com/pati-patni-jokes-in-hindi/
HJ-001281,pappu-style,zeetalwara-curated,hinglish,one-liner,"Pappu ke 3 the, \n usne wife se kaha, \n pados ke 2 mere hai unko leke \n aata hoon…!! \n (lane ke bad)",True,ZeeTalwara Humour,https://www.zeetalwara.com/pati-patni-jokes-in-hindi/
HJ-001282,pappu-style,zeetalwara-curated,hinglish,one-liner,Pappu – apane 3 kahan gaye ? \n wife – jinake the woh le gaye…! \n 😃😃😃😃😜😃 \n ***********************,True,ZeeTalwara Humour,https://www.zeetalwara.com/pati-patni-jokes-in-hindi/
HJ-001283,teacher-student,zeetalwara-curated,hinglish,dialogue,Teacher : batao agar Ek chhota grah prithvi se takara jaye toh kya hoga ?,True,ZeeTalwara Humour,https://www.zeetalwara.com/teacher-and-student-funny-jokes-in-hindi/
HJ-001284,teacher-student,zeetalwara-curated,hinglish,dialogue,"Pappu : tan tan kee aavaj aaegi. \n Teacher : kyu ? \n Pappu : kyonki …. \n sani liyon ne gaya hai, \n yeh duniya pittal dee… \n yeh duniya pittal dee… \n sains Teacher : class mein so rahe ho kya ?",True,ZeeTalwara Humour,https://www.zeetalwara.com/teacher-and-student-funny-jokes-in-hindi/
HJ-001285,teacher-student,zeetalwara-curated,hinglish,dialogue,"Pappu : nahi Teacher gurutvakarshan se Sir neeche gir raha hai. \n Teacher and Student jokes in hindi \n teacher and student jokes in hindi  \n "" data-image-caption="""" data-large-file=""https://i0.wp.com/www.zeetalwara.com/wp-content/uploads/2020/09/teacher-and-student-jokes-in-hindi.jpg?fit=768%2C384&ssl=1"" class=""alignnone wp-image-1575 size-full"" src=""https://i0.wp.com/www.zeetalwara.com/wp-content/uploads/2020/09/teacher-and-student-jokes-in-hindi.jpg?resize=768%2C384&ssl=1"" alt="" teacher and student jokes in hindi"" width=""768"" height=""384"" title=""Top 10 Teacher and Student Funny Jokes in Hindi 4"" srcset=""https://i0.wp.com/www.zeetalwara.com/wp-content/uploads/2020/09/teacher-and-student-jokes-in-hindi.jpg?w=768&ssl=1 768w, https://i0.wp.com/www.zeetalwara.com/wp-content/uploads/2020/09/teacher-and-student-jokes-in-hindi.jpg?resize=300%2C150&ssl=1 300w"" sizes=""(max-width: 768px) 100vw, 768px""> teacher and student jokes in hindi  \n "" data-image-caption="""" data-large-file=""https://i0.wp.com/www.zeetalwara.com/wp-content/uploads/2020/09/teacher-and-student-jokes-in-hindi.jpg?fit=768%2C384&ssl=1"" class=""lazyload alignnone wp-image-1575 size-full"" data-src=""https://i0.wp.com/www.zeetalwara.com/wp-content/uploads/2020/09/teacher-and-student-jokes-in-hindi.jpg?resize=768%2C384&ssl=1"" alt="" teacher and student jokes in hindi"" width=""768"" height=""384"" title=""Top 10 Teacher and Student Funny Jokes in Hindi 4"" data-srcset=""https://i0.wp.com/www.zeetalwara.com/wp-content/uploads/2020/09/teacher-and-student-jokes-in-hindi.jpg?w=768&ssl=1 768w, https://i0.wp.com/www.zeetalwara.com/wp-content/uploads/2020/09/teacher-and-student-jokes-in-hindi.jpg?resize=300%2C150&ssl=1 300w"" data-sizes=""(max-width: 768px) 100vw, 768px""> \n sains Teacher class mein padha rahi thi…..",True,ZeeTalwara Humour,https://www.zeetalwara.com/teacher-and-student-funny-jokes-in-hindi/
HJ-001286,teacher-student,zeetalwara-curated,hinglish,one-liner,Teacher ne Pappu se kaha – zinda rahane ke liye kya kya cheezen jaruri hai ?,True,ZeeTalwara Humour,https://www.zeetalwara.com/teacher-and-student-funny-jokes-in-hindi/
HJ-001287,teacher-student,zeetalwara-curated,hinglish,one-liner,Pappu – pata nahi Madam ! \n Teacher – are jo aata hai vahi bata.,True,ZeeTalwara Humour,https://www.zeetalwara.com/teacher-and-student-funny-jokes-in-hindi/
HJ-001288,teacher-student,zeetalwara-curated,hinglish,dialogue,"Pappu – zinda rahane ke liye teri kasam, \n Ek mulakat jaruri hai sanam \n de thappad de thappad… \n jokes in hindi teacher student  \n "" data-image-caption="""" data-large-file=""https://i0.wp.com/www.zeetalwara.com/wp-content/uploads/2020/09/jokes-in-hindi-teacher-student.jpg?fit=768%2C384&ssl=1"" class=""alignnone wp-image-1576 size-full"" src=""https://i0.wp.com/www.zeetalwara.com/wp-content/uploads/2020/09/jokes-in-hindi-teacher-student.jpg?resize=768%2C384&ssl=1"" alt="" jokes in hindi teacher student"" width=""768"" height=""384"" title=""Top 10 Teacher and Student Funny Jokes in Hindi 5"" srcset=""https://i0.wp.com/www.zeetalwara.com/wp-content/uploads/2020/09/jokes-in-hindi-teacher-student.jpg?w=768&ssl=1 768w, https://i0.wp.com/www.zeetalwara.com/wp-content/uploads/2020/09/jokes-in-hindi-teacher-student.jpg?resize=300%2C150&ssl=1 300w"" sizes=""(max-width: 768px) 100vw, 768px""> jokes in hindi teacher student  \n "" data-image-caption="""" data-large-file=""https://i0.wp.com/www.zeetalwara.com/wp-content/uploads/2020/09/jokes-in-hindi-teacher-student.jpg?fit=768%2C384&ssl=1"" class=""lazyload alignnone wp-image-1576 size-full"" data-src=""https://i0.wp.com/www.zeetalwara.com/wp-content/uploads/2020/09/jokes-in-hindi-teacher-student.jpg?resize=768%2C384&ssl=1"" alt="" jokes in hindi teacher student"" width=""768"" height=""384"" title=""Top 10 Teacher and Student Funny Jokes in Hindi 5"" data-srcset=""https://i0.wp.com/www.zeetalwara.com/wp-content/uploads/2020/09/jokes-in-hindi-teacher-student.jpg?w=768&ssl=1 768w, https://i0.wp.com/www.zeetalwara.com/wp-content/uploads/2020/09/jokes-in-hindi-teacher-student.jpg?resize=300%2C150&ssl=1 300w"" data-sizes=""(max-width: 768px) 100vw, 768px""> \n vijnyan ke Teacher ne Pappu se pucha… \n “eloveera” kya hota hai ?",True,ZeeTalwara Humour,https://www.zeetalwara.com/teacher-and-student-funny-jokes-in-hindi/
HJ-001289,teacher-student,zeetalwara-curated,hinglish,dialogue,"Teacher : beerabal kaun tha ? \n Pappu : pata nahi Madam ? \n Teacher : padhaayi par dhyan Do, toh pata chale.",True,ZeeTalwara Humour,https://www.zeetalwara.com/teacher-and-student-funny-jokes-in-hindi/
HJ-001290,teacher-student,zeetalwara-curated,hinglish,dialogue,"Pappu : Madam, rajesh, vikki aur saurav kaun hai? \n Teacher : mujhe kya pata.",True,ZeeTalwara Humour,https://www.zeetalwara.com/teacher-and-student-funny-jokes-in-hindi/
HJ-001291,teacher-student,zeetalwara-curated,hinglish,one-liner,"Teacher ne Pappu se let school aane kee vajah puchi, \n Pappu ne kaha – Mummy aur Papa mein ladaayi ho rahi thi ,",True,ZeeTalwara Humour,https://www.zeetalwara.com/teacher-and-student-funny-jokes-in-hindi/
HJ-001292,teacher-student,zeetalwara-curated,hinglish,one-liner,"Teacher – ho sakta hai, \n lekin tumhe deri kyu hui ?",True,ZeeTalwara Humour,https://www.zeetalwara.com/teacher-and-student-funny-jokes-in-hindi/
HJ-001293,teacher-student,zeetalwara-curated,hinglish,dialogue,"adhyapak : agar tumhara Best Friend aur Girlfriend donon doob rahe ho \n toh tum kise bachaoge \n stoodent : doob jane Do salon ko \n aakhir woh donon Ek saath kar kya rahe the ! \n teacher vs student jokes in hindi  \n "" data-image-caption="""" data-large-file=""https://i0.wp.com/www.zeetalwara.com/wp-content/uploads/2020/09/teacher-vs-student-jokes-in-hindi.jpg?fit=768%2C383&ssl=1"" class=""alignnone wp-image-1579 size-full"" src=""https://i0.wp.com/www.zeetalwara.com/wp-content/uploads/2020/09/teacher-vs-student-jokes-in-hindi.jpg?resize=768%2C383&ssl=1"" alt=""teacher vs student jokes in hindi"" width=""768"" height=""383"" title=""Top 10 Teacher and Student Funny Jokes in Hindi 9"" srcset=""https://i0.wp.com/www.zeetalwara.com/wp-content/uploads/2020/09/teacher-vs-student-jokes-in-hindi.jpg?w=768&ssl=1 768w, https://i0.wp.com/www.zeetalwara.com/wp-content/uploads/2020/09/teacher-vs-student-jokes-in-hindi.jpg?resize=300%2C150&ssl=1 300w"" sizes=""(max-width: 768px) 100vw, 768px""> teacher vs student jokes in hindi  \n "" data-image-caption="""" data-large-file=""https://i0.wp.com/www.zeetalwara.com/wp-content/uploads/2020/09/teacher-vs-student-jokes-in-hindi.jpg?fit=768%2C383&ssl=1"" class=""lazyload alignnone wp-image-1579 size-full"" data-src=""https://i0.wp.com/www.zeetalwara.com/wp-content/uploads/2020/09/teacher-vs-student-jokes-in-hindi.jpg?resize=768%2C383&ssl=1"" alt=""teacher vs student jokes in hindi"" width=""768"" height=""383"" title=""Top 10 Teacher and Student Funny Jokes in Hindi 9"" data-srcset=""https://i0.wp.com/www.zeetalwara.com/wp-content/uploads/2020/09/teacher-vs-student-jokes-in-hindi.jpg?w=768&ssl=1 768w, https://i0.wp.com/www.zeetalwara.com/wp-content/uploads/2020/09/teacher-vs-student-jokes-in-hindi.jpg?resize=300%2C150&ssl=1 300w"" data-sizes=""(max-width: 768px) 100vw, 768px"">",True,ZeeTalwara Humour,https://www.zeetalwara.com/teacher-and-student-funny-jokes-in-hindi/
HJ-001294,teacher-student,zeetalwara-curated,hinglish,dialogue,Teacher Sanju se : tumhare Papa kya karte hain \n Pappu : ji woh roz galiyan khate hain,True,ZeeTalwara Humour,https://www.zeetalwara.com/teacher-and-student-funny-jokes-in-hindi/
HJ-001295,teacher-student,zeetalwara-curated,hinglish,dialogue,Teacher : kya matalab \n Pappu : Sir woh Customer Care Executive hai,True,ZeeTalwara Humour,https://www.zeetalwara.com/teacher-and-student-funny-jokes-in-hindi/
HJ-001296,teacher-student,zeetalwara-curated,hinglish,dialogue,"Teacher : agar koi school ke samane Bamb rakha jae \n toh tum kya karoge \n stoodent :   1-2 ghante dekhenge \n agar koi le jaata hai, \n toh theek hai \n varana staph room mein rakh denge",True,ZeeTalwara Humour,https://www.zeetalwara.com/teacher-and-student-funny-jokes-in-hindi/
HJ-001297,teacher-student,zeetalwara-curated,hinglish,dialogue,Master : kal school kyu nahi aaye \n Pappu :  Girlfriend se milane gaya tha,True,ZeeTalwara Humour,https://www.zeetalwara.com/teacher-and-student-funny-jokes-in-hindi/
HJ-001298,teacher-student,zeetalwara-curated,hinglish,dialogue,Master : kisalie \n Pappu : Yes Sir \n Master : mainne pucha kisalie,True,ZeeTalwara Humour,https://www.zeetalwara.com/teacher-and-student-funny-jokes-in-hindi/
HJ-001299,teacher-student,zeetalwara-curated,hinglish,dialogue,"Teacher : padhaayi karo padhaayi \n layak Baccha : padhaayi toh woh karte hain \n jinhen bank mein naukari karani hain \n hum toh loan lenge loan ! \n school – ke peechhe nadi mein, prinsipal – doob raha tha, Ek Student – ne yeh dekha toh, chillate hue school kee taraph bhaga, aur bola kal – chhutti hai.. kal chhutti hai…. 😜😝🤣🤣🤣😝🤣🤣 \n babu ram ka Beta ekadam asali jinda aadmi, jaisi tasveer banata tha, school ke Master, babu ram se – bhaeesahab, aapka Beta bada shararati hai, kal pharsh pe 500 ka not bana diya, use uthane ke chakkar mein mere sare nakhoon toot gae. babu ram – Master ji main kya karoon, main khud aspatal mein hoon, sale ne bijali ke soket pe kareena kee photo bana dee, sare honth jal gaye mere. 😝😜🤣😝🤣🤣🤣🤣🤣 \n Teacher: bachchon batao “I Love You” shabd ka aavishkar, kis desh mein huaa tha? Student: chaina mein ji ! Teacher: woh kaise ? Student: isamen sare chaineez gun hain Sir, na koi garanti, na koi varanti, chale toh chand tak, na chale toh shaam taka. 😜😝😂😂😂🤣🤣🤣🤣",True,ZeeTalwara Humour,https://www.zeetalwara.com/teacher-and-student-funny-jokes-in-hindi/
HJ-001300,teacher-student,zeetalwara-curated,hinglish,dialogue,"Teacher- Sanju yamuna nadi kahan bahati hai ? Sanju –  jameen par… Teacher – nakshe mein bataon kahan bahati hai? Sanju –  nakshe mein kaise bah sakti hai, Sir naksha gal nahi jaega. 🤣🤣🤣🤣😂🤣🤣🤣🤣 \n Loading… 1 thought on “Top 10 Teacher and Student Funny Jokes in Hindi” Kamal September 13, 2020 at 11:54 pm Very funny 😅😅😅 \n Comment \n Save my name, email, and website in this browser for the next time I comment. \n Notify me of follow-up comments by email. \n Notify me of new posts by email. \n Δ document.getElementById( ""ak_js_1"" ).setAttribute( ""value"", ( new Date() ).getTime() );",True,ZeeTalwara Humour,https://www.zeetalwara.com/teacher-and-student-funny-jokes-in-hindi/
HJ-001301,pappu-style,zeetalwara-curated,hinglish,dialogue,Pappu : Sir panjab mein jab chhota Bhai \n bade Bhai ko “sharab” ka paig bana ke deta hai… \n toh kahata hai….  “e  lo  veera” !!!,True,ZeeTalwara Humour,https://www.zeetalwara.com/teacher-and-student-funny-jokes-in-hindi/
HJ-001302,pappu-style,zeetalwara-curated,hinglish,dialogue,"Pappu : beti par dhyan Do, toh pata chale ! \n zee talwara  \n "" data-image-caption="""" data-large-file=""https://i0.wp.com/www.zeetalwara.com/wp-content/uploads/2020/07/zee-talwara.jpg?fit=768%2C150&ssl=1"" class=""alignnone wp-image-1153 size-full"" src=""https://i0.wp.com/www.zeetalwara.com/wp-content/uploads/2020/07/zee-talwara.jpg?resize=768%2C150&ssl=1"" alt=""zee talwara"" width=""768"" height=""150"" title=""Top 10 Teacher and Student Funny Jokes in Hindi 7"" srcset=""https://i0.wp.com/www.zeetalwara.com/wp-content/uploads/2020/07/zee-talwara.jpg?w=768&ssl=1 768w, https://i0.wp.com/www.zeetalwara.com/wp-content/uploads/2020/07/zee-talwara.jpg?resize=300%2C59&ssl=1 300w"" sizes=""(max-width: 768px) 100vw, 768px""> zee talwara  \n "" data-image-caption="""" data-large-file=""https://i0.wp.com/www.zeetalwara.com/wp-content/uploads/2020/07/zee-talwara.jpg?fit=768%2C150&ssl=1"" class=""lazyload alignnone wp-image-1153 size-full"" data-src=""https://i0.wp.com/www.zeetalwara.com/wp-content/uploads/2020/07/zee-talwara.jpg?resize=768%2C150&ssl=1"" alt=""zee talwara"" width=""768"" height=""150"" title=""Top 10 Teacher and Student Funny Jokes in Hindi 7"" data-srcset=""https://i0.wp.com/www.zeetalwara.com/wp-content/uploads/2020/07/zee-talwara.jpg?w=768&ssl=1 768w, https://i0.wp.com/www.zeetalwara.com/wp-content/uploads/2020/07/zee-talwara.jpg?resize=300%2C59&ssl=1 300w"" data-sizes=""(max-width: 768px) 100vw, 768px"">",True,ZeeTalwara Humour,https://www.zeetalwara.com/teacher-and-student-funny-jokes-in-hindi/
HJ-001303,pappu-style,zeetalwara-curated,hinglish,one-liner,Pappu – mera Ek joota Mummy ke hath mein tha \n aur doosara Papa ke !,True,ZeeTalwara Humour,https://www.zeetalwara.com/teacher-and-student-funny-jokes-in-hindi/
HJ-001304,pappu-style,zeetalwara-curated,hinglish,dialogue,"Pappu : liye Sir bahut liye ! \n teacher student jokes in hindi  \n "" data-image-caption="""" data-large-file=""https://i0.wp.com/www.zeetalwara.com/wp-content/uploads/2020/09/teacher-student-jokes-in-hi.jpg?fit=768%2C384&ssl=1"" class=""alignnone wp-image-1582 size-full"" src=""https://i0.wp.com/www.zeetalwara.com/wp-content/uploads/2020/09/teacher-student-jokes-in-hi.jpg?resize=768%2C384&ssl=1"" alt=""teacher student jokes in hindi "" width=""768"" height=""384"" title=""Top 10 Teacher and Student Funny Jokes in Hindi 12"" srcset=""https://i0.wp.com/www.zeetalwara.com/wp-content/uploads/2020/09/teacher-student-jokes-in-hi.jpg?w=768&ssl=1 768w, https://i0.wp.com/www.zeetalwara.com/wp-content/uploads/2020/09/teacher-student-jokes-in-hi.jpg?resize=300%2C150&ssl=1 300w"" sizes=""(max-width: 768px) 100vw, 768px""> teacher student jokes in hindi  \n "" data-image-caption="""" data-large-file=""https://i0.wp.com/www.zeetalwara.com/wp-content/uploads/2020/09/teacher-student-jokes-in-hi.jpg?fit=768%2C384&ssl=1"" class=""lazyload alignnone wp-image-1582 size-full"" data-src=""https://i0.wp.com/www.zeetalwara.com/wp-content/uploads/2020/09/teacher-student-jokes-in-hi.jpg?resize=768%2C384&ssl=1"" alt=""teacher student jokes in hindi "" width=""768"" height=""384"" title=""Top 10 Teacher and Student Funny Jokes in Hindi 12"" data-srcset=""https://i0.wp.com/www.zeetalwara.com/wp-content/uploads/2020/09/teacher-student-jokes-in-hi.jpg?w=768&ssl=1 768w, https://i0.wp.com/www.zeetalwara.com/wp-content/uploads/2020/09/teacher-student-jokes-in-hi.jpg?resize=300%2C150&ssl=1 300w"" data-sizes=""(max-width: 768px) 100vw, 768px"">",True,ZeeTalwara Humour,https://www.zeetalwara.com/teacher-and-student-funny-jokes-in-hindi/
HJ-001305,husband-wife,zeetalwara-curated,hinglish,dialogue,"bol Dost, tumako kya upahar doon \n dosti chahiye ya phir jan var doon, \n Alto Car bahut hai ya phir Jaguar doon, \n itana hi kaphi hai ya phir 2-4 gappen aur mar doon. \n Say friend, what gift should I give you \n Need friendship or should I die \n Alto Car is very or shall I Jaguar, \n That’s enough or 2-4 gossip and kill. \n Dosti jokes \n agar koi aapse baat kare, \n aapki zyada tareef kare, \n ya phir aapko smart kahe, toh use zor se thappad marana, \n uski himmat kaise huyi, mere Dost ko “aprail phool” banane kee, woh bhi julaayi mein…! \n If someone talks to you, \n Praise you more, \n Or if you are smart, slap it hard, \n How dare he, to make my friend April Fool, that too in July…! \n funny Dosti jokes \n Dost aur Biwi ko kabhi vishvas dilane kee jarurat nahi hoti, \n kyonki Dost kabhi shak nahi karta, \n aur Biwi kabhi yakeen nahi karti,,,,, \n yeh bhi padhen: Pati Patni jokes in hindi latest \n Friend and wife never need convincing, \n Because friend never doubts, \n and wife never believes ,,,, \n Very funny Dosti jokes in hindi \n mere Dost ke paradada ji ka phone aaya tha, bol rahe the \n kee jitane pap karane hai kar lo, \n kyonki narak mein jagah hi nahi hai \n hum khud deevar pe baithe hai. \n My friend’s great grandfather received a call, he was speaking \n To commit as many sins as possible \n Because there is no place in hell \n We are sitting on the wall ourselves. \n Very funny Dosti jokes \n baki Dost \n sanbhal kar jaana, pahunch kar kol karna yad se… \n mera Dost \n raste mein mar mat jaeeo….! \n Other Friend: \n Be careful, reach out and remember to call… \n My best friend: \n Do not die on the way….! \n Funny Dosti jokes images",True,ZeeTalwara Humour,https://www.zeetalwara.com/funny-dosti-jokes-in-hindi/
HJ-001306,friends,zeetalwara-curated,hinglish,dialogue,Ladka college pahunchate hi khushi ke mare uchhalane laga \n Dost: kya huaa itana khush kyu ho ?,True,ZeeTalwara Humour,https://www.zeetalwara.com/funny-dosti-jokes-in-hindi/
HJ-001307,friends,zeetalwara-curated,hinglish,dialogue,Ladka: aaj pahali baar mujhse kisi Ladki ne metro mein baat ki. \n Dost: vah! Bhai kya baat huyi?,True,ZeeTalwara Humour,https://www.zeetalwara.com/funny-dosti-jokes-in-hindi/
HJ-001308,friends,zeetalwara-curated,hinglish,dialogue,"The boy jumped happily as soon as he reached college \n Friend: What happened, why are you so happy? \n Boy: Today for the first time a girl talked to me in the metro. \n Friend: Wow! Brother, what happened? \n Boy: I was just sitting here saying girl get up this is ladies seat. \n Funny Dosti jokes pics \n 2 shabd,  jo aapki dosti gahari kar de, \n 2 shabd, jo roothe doston ko mana de, \n 2 shabd, jo naye Dost bana de, \n 2 shabd jo kam bana de, \n “biyar piyega” \n 2 words that deepens your friendship \n 2 words, which forbids angry friends, \n 2 words that make new friends, \n 2 words that make work \n “Will drink beer” \n Dosti jokes in hindi \n aaj ka suvichar \n bhagavan jisaki mati \n har leta hai…. \n usko shreemati de \n deta hai….! \n Today’s wise thought \n God whose wish \n Takes every…. \n Give her a smile \n gives….! \n Jokes on friendship in hindi \n Dost: Yaar dadhi rakha kar \n accha lagata hai \n man: sheving kar le. \n jangali lag raha hai. \n sheving karane ke bad \n man: ab insan lag raha hai mera Beta, \n Dost: chhakka lag raha hai kameene. \n Dude: dude shave it \n feels good \n Mother: Get shaving done. \n Feeling wild. \n After shaving \n Mother: Now my son is feeling human, \n Dude: feeling six bastard. \n Dosti ke Chutkule \n kuchh Dost toh sale paida hi, \n yahi bolane ke liye hue hai kee, \n tere garlaphrend kee kisi Dost se seting karava de yara. \n Some friends are born, \n That’s what I meant to say, \n Get your girlfriend to set up a friend. \n Jokes on Dosti \n Ek aadmi, 5 mint mein 10 baar toilet ho aaye… \n Dost ne puchha: ankil ji aapko chain nahi hai kya? \n aadmi: oye  pape hai toh sahi! \n par sali khul nahi rahi…! \n One man, toilets 10 times in 5 mint… \n Friend asked: Ankil ji, don’t you have peace? \n Man: Oh, my father is right! \n But the sister-in-law is not opening…!",True,ZeeTalwara Humour,https://www.zeetalwara.com/funny-dosti-jokes-in-hindi/
HJ-001309,friends,zeetalwara-curated,hinglish,dialogue,"pareeksha mein paas hone par…. \n man – mera Beta lakhon mein Ek hai. \n Baap: Beta kisaka hai. \n Dost: phalatu kee baat chhod, \n party kab karega. \n On passing the exam…. \n Mother – My son is one in a million. \n Father: Whose son is this? \n Friend: Except for nothing, \n When will the party. \n Loading… 3 thoughts on “New 12 Funny “Dosti Jokes” in hindi” student May 31, 2021 at 9:04 pm bahut ache jokes the aage aur laana \n bahut hi badhiya hai \n Thanks \n Comment \n Save my name, email, and website in this browser for the next time I comment. \n Notify me of follow-up comments by email. \n Notify me of new posts by email. \n Δ document.getElementById( ""ak_js_1"" ).setAttribute( ""value"", ( new Date() ).getTime() );",True,ZeeTalwara Humour,https://www.zeetalwara.com/funny-dosti-jokes-in-hindi/
HJ-001310,boyfriend-girlfriend,zeetalwara-curated,hinglish,dialogue,Ladka: main baitha hi tha kee Ladki boli utho yeh ledeej seet hai.,True,ZeeTalwara Humour,https://www.zeetalwara.com/funny-dosti-jokes-in-hindi/
HJ-001311,boyfriend-girlfriend,zeetalwara-curated,hinglish,dialogue,"Boy Girl se: Darling mujhako tumhari aankhon mein \n sari Dunia dikhaayi deti hai, \n peechhe se Ek budhiya boli: hamari gay nahi mil rahi. \n dikhe toh batana bitava.",True,ZeeTalwara Humour,https://www.zeetalwara.com/girl-and-boy-funny-jokes-in-hindi/
HJ-001312,boyfriend-girlfriend,zeetalwara-curated,hinglish,dialogue,"Ladka behosh!!! \n Boyfriend– \n Should I write your name on my hand or on my heart? \n Girlfriends– \n What do you write here and there, \n If you have to write the name, then write it on your property. \n Boy Faint!!! \n kisi ne sach hi kaha hai:",True,ZeeTalwara Humour,https://www.zeetalwara.com/girl-and-boy-funny-jokes-in-hindi/
HJ-001313,boyfriend-girlfriend,zeetalwara-curated,hinglish,one-liner,"Thank you Jagat yadav ji. \n Comment \n Save my name, email, and website in this browser for the next time I comment. \n Notify me of follow-up comments by email. \n Notify me of new posts by email. \n Δ document.getElementById( ""ak_js_1"" ).setAttribute( ""value"", ( new Date() ).getTime() );",True,ZeeTalwara Humour,https://www.zeetalwara.com/girl-and-boy-funny-jokes-in-hindi/
HJ-001314,marriage,zeetalwara-curated,hinglish,dialogue,"Boy to girl: Darling, I see the whole \n world in your eyes, \n An old lady from behind said: Our cow cannot be found. \n If you see, tell me son. \n Girl: Hello kahan ho? \n Boy: Motivate kar raha hoon, \n Girl: kise? \n Boy: kise kya matalab? tera wait kar raha hoon, 2 ghante se Moti. \n Girl: Where are you? \n Boy : I am fat weight, \n Girl: Whom? \n Boy: What does that mean? I am waiting for you, thick for 2 hours. \n Boy Girl se bolata hai: \n Boy: I Love You, ab tum bolo…. \n Girl: main abhi Sir se jaa ke kahati hoon. \n Boy: pagali Sir ko mat kahana, \n woh toh shaadi shuda hai. \n Boy speaks to girl: \n Boy: I love you, now you say…. \n Girl: I just go and speak to my head. \n Boy: Don’t speak to Pagli sir, \n He is married. \n Boy Girl se kahata hai : \n Boy: dekho main tumhare beautiful hair ke liye kya laya hoon. \n Girl:   khush hoke, kya laye ho, jaldi batao na. \n Boy: ustara laya hoon bandariya,  toone mere bhi juen kar di. \n The boy tells the girl: \n Boy: Look what I brought for your beautiful hair. \n Girl: Happy, what have you brought, tell me fast. \n Boy: I brought a razor, monkey, you made me lice too. \n Boy aur Girl picnic par gaye, \n vahan par Boy ko chot lag gayi aur khoon bahane laga \n woh Girl kee taraph dekhane laga, \n kyonki movies mein bahut baar dekh chooka tha bechara, \n isalie woh bhi sochane laga kee abhi uski girlfriend bhi dupatta phad kar bandhegi. \n Girl Boy ko dekhakar samajh jaati hai aur bolati hai, \n Beta sochana bhi mat, 5,000/- ka soot hai, kal khareeda hai. \n The boy and the girl went on a picnic, \n The boy got hurt and started bleeding there. \n He looked at the girl , \n Because the poor guy was seen many times in films \n So he too started thinking that he would tear his scarf and tie it too. \n Girl understands and speaks on seeing boy \n Do not even think son, is a 5000 suit, bought tomorrow. \n Ek mota Boy patali si Girl ko dekhakar bolata hai : \n Face bhi tera khas koi na, \n haddiyon pe tere mans koi na, \n Purpose tujhe kya khak karoon, \n teri toh 14 February tak jeene kee aas bhi koi na. \n A fat boy speaks on seeing a thin girl : \n Your face is not anyone special, \n No meat on your bones, \n What do you do, me \n Is there any hope for you to live till 14 February. \n Boy Girl ko fon karta hai, \n Boy: kaha ho? \n Girl: Mom Dad ke saath dinner kar rahi hoon, \n Radisson Hotel mein, ghar pahunch ke baat karti hoon. \n tum kahan ho? \n Boy: jis bhandare mein tu kha rahi hai \n main vaheen par tere peechhe vali line mein paros raha hoon. \n poodi chahiye ho toh bata dena. \n The boy calls the girl , \n Boy: Where are you? \n Girl: I’m having dinner with Dad, \n at the Radisson Hotel, \n talking about reaching home. \n Where are you? \n Boy: I am serving you in the line behind you \n in the store where you are eating. \n Tell me if you want puri. \n Girl: kya kar rahe ho? \n Boy: moongaphali kha raha hoon. \n Girl: Oh my God! akele akele, \n Boy: toh kya 5 roopae kee moongaphali ka bhandara laga doon. \n Girl: What are you doing? \n Boy: Eating peanuts. \n Girl: Oh my God! alone, \n Boy: Then should I put a peanut store for 10 rupees. \n Boyfriend – \n janu  tumhara nam hath par likhoon ya dil par ? \n Girlfriend – \n yahan wahan kya likhate ho, \n agar nam likhana hi hai toh apani proparti par likho na.",True,ZeeTalwara Humour,https://www.zeetalwara.com/girl-and-boy-funny-jokes-in-hindi/
HJ-001315,friends,zeetalwara-curated,hinglish,dialogue,"Ladki saath Restaurant ka bill, \n Ladki door ho toh Mobile ka bill, \n aur Ladki hamesha ke liye hi door ho jaye toh \n daru ka bill, \n iseelie na lagao Dil, aur na aaega Bill. \n Someone has told the truth: \n Restaurant bill with girl , \n Mobile bill if the girl is away, \n And if the girl goes away forever \n Liquorice bill, \n That is why do not put heart, nor will the bill come. \n woh Boys jo Girls se kahate hai: \n “main tumako kabhi bhool nahi paunga.” \n woh shop par jakar yeh bhool jaate hai \n kee Mummy ne dal kon si mangavaayi thi. \n The boys who say to girls : \n “I’ll never forget you.” \n They go to the shop and forget that their mother had asked for pulses. \n Girl: meri Ek Ek sans par \n har Ek Ladka marata hai. \n Boy: toh tum koi accha sa toothpaste \n kyu nahi istemal kar leti. \n Girl: Every boy dies \n on my breath. \n Boy: Then why don’t you use \n kisi marriage mein Ek Ek Boy \n Ek Girl se bola: aap dance karogi, \n Girl: thodi sharma ke boli, ji han. \n Boy: pyar se bola, toh phir aapki chair main le jau. \n yeh bhi padhen:  Pati Patni jokes in hindi latest \n A boy in a marriage \n He said to a girl: You will dance, \n Girl: Slightly Sharma said, yes. \n Boy: Speaking with love, then I can take your chair. \n Boy: Madam sunie \n Girl: kahiye, \n Boy: mujhe chandani chowk jaana hai, \n Girl: toh jao na bhaeeaa, \n aise sabhi ko batate jaoge toh pahunchoge kab ? \n Boy: behosh !!! \n Boy: listen madam \n Girl: Yes, \n Boy: I want to go to Chandni Chowk, \n Girl: So go na brother, \n If you keep telling everyone like this, when will you reach? \n Boy: Faint !!!",True,ZeeTalwara Humour,https://www.zeetalwara.com/girl-and-boy-funny-jokes-in-hindi/
HJ-001316,clean-family-friendly,zeetalwara-curated,hinglish,dialogue,"Chutkule in hindi: jaise kee aap sab janate hai kee, aaj ke chalate daur mein hum sab apane apane kamo mein bayast rahate hai, aur kaayi tenshano se ghire rahate hai. jaise acchi hava, accha khan pan, hamari sehat ke liye jaruri hai, theek vaise hi hamari hansi bhi humko svasth rakhane kee bhoomika nibhati hai. \n humko bimariyon se bachane ke liye hasane kee aadat dalani hogi. iseelie hum aapke liye laye hai kuchh aise hi majedar chutakule, jise padhane ke bad aap hansate hansate lotapot jayenge. \n toh chalie maja lete hai kuchh aise hi majedar Hindi Chutkule ka.",True,ZeeTalwara Humour,https://www.zeetalwara.com/21-very-funny-chutkule-in-hindi/
HJ-001317,clean-family-friendly,zeetalwara-curated,hinglish,one-liner,Sir ne hairani se puchha yeh tumane kaise kiya. \n Bacche ne kaha Sir aapane toh Ek sawal ka hi kaha yeh toh doosara sawal ho gaya. \n 😲😃😃😄😜😎😃,True,ZeeTalwara Humour,https://www.zeetalwara.com/21-very-funny-chutkule-in-hindi/
HJ-001318,clean-family-friendly,zeetalwara-curated,hinglish,dialogue,"Loading… 2 thoughts on “Chutkule in Hindi | 55+ Best Hindi Chutkule” mehek September 24, 2021 at 9:05 am ha ha ha subhah subhah haste haste ansun nikal aaye 🙂 :), shukrana. \n Mehek Ji Apka apne is Blog par hardik swagat hai, Thanks! \n Comment \n Save my name, email, and website in this browser for the next time I comment. \n Notify me of follow-up comments by email. \n Notify me of new posts by email. \n Δ document.getElementById( ""ak_js_1"" ).setAttribute( ""value"", ( new Date() ).getTime() );",True,ZeeTalwara Humour,https://www.zeetalwara.com/21-very-funny-chutkule-in-hindi/
HJ-001319,husband-wife,zeetalwara-curated,hinglish,dialogue,Pati: aaj khana hum bahar khayenge. \n Patni: (khush hokar) theek hain main Do minat mein redi hokar aati hoon.,True,ZeeTalwara Humour,https://www.zeetalwara.com/21-very-funny-chutkule-in-hindi/
HJ-001320,husband-wife,zeetalwara-curated,hinglish,dialogue,"Pati: theek hain, main bahar chataayi bichhata hoon. \n 😲😃😃😄😜😎😃 \n sooraj toh poorv se nikalata hain lekin chand ka koi bharosa nahi hain, \n kabhi khidaki se nikalata hain toh kabhi darwaje se, \n suna hai aajakal toh byooteeparlar se bhi nikalata hain. \n 😲😃😃😄😜😎😃",True,ZeeTalwara Humour,https://www.zeetalwara.com/21-very-funny-chutkule-in-hindi/
HJ-001321,husband-wife,zeetalwara-curated,hinglish,dialogue,Pati: suno! aaj aalu paratha mein aalu nazar nahi aa raha.,True,ZeeTalwara Humour,https://www.zeetalwara.com/21-very-funny-chutkule-in-hindi/
HJ-001322,husband-wife,zeetalwara-curated,hinglish,dialogue,Patni: chupachap kha lo. kabhi aagara ke pethe mein aagara nazar aata hain kya. \n jawab sunane ke bad Pati shok aur Patni rok. \n 😲😃😃😄😜😎😃 \n ganit ke Sir ne kaha ki kal mein tum sabhi ko Ek sawal doonga tum taiyar karake aana. \n agale din Sir ne puchha ki batao tumhare Sir par bal kitne hai? \n Ek Bacche ne utar diya ki aath karod battees lakh saath hazar Paanch sau atharah Sir.,True,ZeeTalwara Humour,https://www.zeetalwara.com/21-very-funny-chutkule-in-hindi/
HJ-001323,husband-wife,zeetalwara-curated,hinglish,one-liner,Ek baar Pati Patni mein joradar ladaayi ho gayi aur donon Teen din tak nahi bole. \n chauthe din Patni Pati ke paas aayi aur boli is tarah se kam nahi chalega. is tarah ladate acche nahi lagate. \n Ek kam karte hain hum donon thoda thoda samajhauta kar lete hain.,True,ZeeTalwara Humour,https://www.zeetalwara.com/21-very-funny-chutkule-in-hindi/
HJ-001324,husband-wife,zeetalwara-curated,hinglish,dialogue,"Pati: par, karna kya hain? \n Patni: tum mujhse mafi mango aur main tumhe maf karti hoon. \n 😲😃😃😄😜😎😃 \n tauji ko sans kee dikkat thi aur unko aspatal mein bharti karavaya gaya.",True,ZeeTalwara Humour,https://www.zeetalwara.com/21-very-funny-chutkule-in-hindi/
HJ-001325,husband-wife,zeetalwara-curated,hinglish,dialogue,Doctor: nars opareshan kee taiyari karo. \n 😲😃😃😄😜😎😃 \n Pati: aaj khana sasuma ne banaya hain kya?,True,ZeeTalwara Humour,https://www.zeetalwara.com/21-very-funny-chutkule-in-hindi/
HJ-001326,husband-wife,zeetalwara-curated,hinglish,dialogue,Patni: vah! aapane toh bahut accha anuman lagaya hain. khana bahut testi bana hain kya?,True,ZeeTalwara Humour,https://www.zeetalwara.com/21-very-funny-chutkule-in-hindi/
HJ-001327,husband-wife,zeetalwara-curated,hinglish,dialogue,Pati: hamesha khane se kale bal nikalate hain aaj safed nikale hain. \n 😲😃😃😄😜😎😃 \n Ek kanpani mein Ek meeting chal rahi thi. Boss sabhi ko daishabord par kuchh samajha tha. \n Boss: toh fainali humko edamin ka hindi mein matalab pata chal gaya hain. \n emplayar: woh kya hain Sir? \n Boss: jhund niyantrak. \n 😲😃😃😄😜😎😃 \n Papa: Pappu abaki baar tumhe 90 parasent nanbar lane hain.,True,ZeeTalwara Humour,https://www.zeetalwara.com/21-very-funny-chutkule-in-hindi/
HJ-001328,husband-wife,zeetalwara-curated,hinglish,dialogue,"Patni: suno ji! aaj shaam ko instaji kee pooja rakhi hain, \n aas pados kee sabhi saheliyon ko bulaya hain. prasad mein kya bantu..??",True,ZeeTalwara Humour,https://www.zeetalwara.com/21-very-funny-chutkule-in-hindi/
HJ-001329,husband-wife,zeetalwara-curated,hinglish,dialogue,"Pati: meri aaeedi bant dena. puny lagega. \n 😲😃😃😄😜😎😃 \n jelar: tilu! aaj tumhe phansi lagane vali hain, tumhari koi aakhiri khvahish hai toh bolo. \n tilu: mujhe phansi dete vakt mere panv oopar aur Sir neeche rakhana. \n 😲😃😃😄😜😎😃 \n kal mainne apani sali se mazaak mein kaha. sali toh aadhi gharavali hoti hain. \n ab kameeni aadhi sailari mang rahi hain. \n 😲😃😃😄😜😎😃 \n din mein so lo toh, \n raat mein neend ka rona \n raat mein so lo toh, \n din bhar teevi par korona. \n 😲😃😃😄😜😎😃 \n billu: oye keenu mere jamun ke ped ke neeche gulab ka ped kyu laga rahe ho. \n keenu: oye billu taki donon milakar gulab jamun de sake. \n 😲😃😃😄😜😎😃",True,ZeeTalwara Humour,https://www.zeetalwara.com/21-very-funny-chutkule-in-hindi/
HJ-001330,husband-wife,zeetalwara-curated,hinglish,dialogue,"Patni: jab aap vodaka peete ho, toh mujhe janoon kahate ho, \n jab takeela peete ho, toh darling kahate ho, \n par aaj kameeni kyu?",True,ZeeTalwara Humour,https://www.zeetalwara.com/21-very-funny-chutkule-in-hindi/
HJ-001331,husband-wife,zeetalwara-curated,hinglish,dialogue,"Pati: aaj mainne sprait peeya hain, seedhi baat no bakavasa. \n 😲😃😃😄😜😎😃",True,ZeeTalwara Humour,https://www.zeetalwara.com/21-very-funny-chutkule-in-hindi/
HJ-001332,husband-wife,zeetalwara-curated,hinglish,dialogue,"Pati: aaj mera Dost khane par aane vala hain. \n Patni: pagal ho gaye ho kya, \n aapko dikh nahi raha ki ghar kitna ast vyast pada huaa hain. \n aapka Dost in sabhi ko dekhega toh kya sochega?",True,ZeeTalwara Humour,https://www.zeetalwara.com/21-very-funny-chutkule-in-hindi/
HJ-001333,husband-wife,zeetalwara-curated,hinglish,dialogue,"Pati: usko dekhane ke liye hi toh bula raha hoon, \n daraasal woh bhi sadi karane vala hain. \n usko bhi pata chalana chahiye ki shaadi-shuda log kaise rahate hain. \n 😲😃😃😄😜😎😃 \n Ek kanjoos seth tha, jo apane bachchon ko band ghi ke dabbe se ragad ragad kar khana khilata tha. \n Ek din woh seth us dabbe ko alamari mein band kar bahar chala gaya. raat ko ghar aakar puchha.. \n kanjoos seth: bachchon khana liya tum logo ne. \n Bacche: ha Papa! humne kha liya. \n kanjoos seth: par ghi ka dabba toh alamari mein band tha. \n Bacche: pitaji aaj humne roteeyan alamari ke hendal se ragad kar kha lee. \n kanjoos seth: nalayako tum Ek din bhi ghi ke bina nahi rah sakte. \n 😲😃😃😄😜😎😃 \n pintu: Papa main jeevan mein aage badhane ke liye kya karoon? \n Papa: Ek patthar utha aur pahale apana fon tod. \n 😲😃😃😄😜😎😃 \n tilu roz apane ganit ke Teacher ke ghar fon karta hain? \n hamesha unki Patni fon uthati hain aur kahati hain – kitni baar bataya tumako ki woh mar chuke hain. baar baar fon kyu karte hon? \n tilu, sunakar accha lagata hain. \n 😲😃😃😄😜😎😃 \n kisi ne bataya tha ki chaval ko ubalakar phes par lagane se gaure ho jaate hain. \n satyanash ho uska yeh nahi bataya tha ki thande karake lagane hain. \n 😲😃😃😄😜😎😃 \n Read: Hindi Moral Story \n tilu Ek barat mein gaya tha. \n tilu ko baar baar paani paros diya jaata tha. \n pareshann hokar tilu bola gale mein paani atak gaya hain koi rasagulla de Do. \n 😲😃😃😄😜😎😃 \n yeh post PRAVEEN KUMAR SIRVI (pasandhai) hindi blog dvara hamare blog par likhi gayi hai. agar aap bhi hamare blog par post likhana chahate hai toh aap Free of Cost hamare Hindi Tech Blog par Guest Post kar sakte hai. hame behad khushi hogi. Thanks ! \n yeh bhi padhen",True,ZeeTalwara Humour,https://www.zeetalwara.com/21-very-funny-chutkule-in-hindi/
HJ-001334,doctor-patient,zeetalwara-curated,hinglish,one-liner,Doctor ne dekha aur kaha Ek lambi sans leejiye. \n tauji ne Ek lambi aur gahari sans lee.,True,ZeeTalwara Humour,https://www.zeetalwara.com/21-very-funny-chutkule-in-hindi/
HJ-001335,doctor-patient,zeetalwara-curated,hinglish,dialogue,Doctor: kaisa lag raha hain? \n tauji: vah Doctor! aaj kaunasa paraphyoom laga kar aayi ho.,True,ZeeTalwara Humour,https://www.zeetalwara.com/21-very-funny-chutkule-in-hindi/
HJ-001336,doctor-patient,zeetalwara-curated,hinglish,dialogue,Doctor: tumhe korona hain aur tum marane vale ho tumhari koi aakhiri ichchha hain kya? \n Mareez: main apane dushmanon ko Ek baar gale lagana chahata hoon. \n emplayar: Sir kal se main shaam ko sat baje office se nikal jaoonga. \n Boss: kyu? \n emplayar: office kee kamaayi se ghar ka gujara nahi chal pata. isalie main raat ko riksha chalata hoon. \n Boss: agar kabhi bhookh lage toh mere paas aa jaana main bhi chat pakaudi ka thela chalata hoon. \n 😲😃😃😄😜😎😃,True,ZeeTalwara Humour,https://www.zeetalwara.com/21-very-funny-chutkule-in-hindi/
HJ-001337,pappu-style,zeetalwara-curated,hinglish,dialogue,Pappu: nahi Papa abaki baar main 100 parasent nanbar laoonga. \n Papa: kya mazaak kar rahe ho?,True,ZeeTalwara Humour,https://www.zeetalwara.com/21-very-funny-chutkule-in-hindi/
HJ-001338,pappu-style,zeetalwara-curated,hinglish,dialogue,Pappu: shuru kisne kiya. \n 😲😃😃😄😜😎😃 \n Papa: dekho agar tum is baar bhi phail ho gaye toh mujhe Baap mat bolana. \n Exam ke bad \n Beta tumhare rijalt ka kya huaa.,True,ZeeTalwara Humour,https://www.zeetalwara.com/21-very-funny-chutkule-in-hindi/
HJ-001339,pappu-style,zeetalwara-curated,hinglish,dialogue,Pappu: dimag kharab mat karo giradhari lal aapane Baap kahane ka haq kho diya. \n 😲😃😃😄😜😎😃,True,ZeeTalwara Humour,https://www.zeetalwara.com/21-very-funny-chutkule-in-hindi/
HJ-001340,office-work,zeetalwara-curated,hinglish,dialogue,"Husband :    aisi chai banao kee peete hi tan badan jhoomane lage, aur man nachane lage, \n Wife          :     hamare yahan bhains ka doodh aata hai, nagin ka naheen. 😆😆😆 \n jaise kee aap sab janate hai kee, aaj ke chalate daur mein hum sab apane apane kamo mein bayast rahate hai, aur kaayi tenshano se ghire rahate hai. jaise acchi hava, accha khan pan, hamari sehat ke liye jaruri hai, theek vaise hi hamari hansi bhi humko svasth rakhane bhoomika nibhati hai. humko bimariyon se bachane ke liye hasane kee aadat dalani hogi. iseelie hum aapke liye laye hai kuchh aise hi majedar chutakule, jise padhane ke bad aap hansate hansate lotapot jayenge. toh chalie maja lete hai kuchh aise hi majedar chutakulon ka. \n Husband Wife  \n "" data-image-caption="""" data-large-file=""https://i0.wp.com/www.zeetalwara.com/wp-content/uploads/2020/07/0111.jpg?fit=768%2C384&ssl=1"" class=""aligncenter wp-image-1165 size-full"" src=""https://i0.wp.com/www.zeetalwara.com/wp-content/uploads/2020/07/0111.jpg?resize=768%2C384&ssl=1"" alt=""Husband Wife"" width=""768"" height=""384"" title=""Best jokes in hindi for husband and wife 2023 2"" srcset=""https://i0.wp.com/www.zeetalwara.com/wp-content/uploads/2020/07/0111.jpg?w=768&ssl=1 768w, https://i0.wp.com/www.zeetalwara.com/wp-content/uploads/2020/07/0111.jpg?resize=300%2C150&ssl=1 300w"" sizes=""(max-width: 768px) 100vw, 768px""> Husband Wife  \n "" data-image-caption="""" data-large-file=""https://i0.wp.com/www.zeetalwara.com/wp-content/uploads/2020/07/0111.jpg?fit=768%2C384&ssl=1"" class=""lazyload aligncenter wp-image-1165 size-full"" data-src=""https://i0.wp.com/www.zeetalwara.com/wp-content/uploads/2020/07/0111.jpg?resize=768%2C384&ssl=1"" alt=""Husband Wife"" width=""768"" height=""384"" title=""Best jokes in hindi for husband and wife 2023 2"" data-srcset=""https://i0.wp.com/www.zeetalwara.com/wp-content/uploads/2020/07/0111.jpg?w=768&ssl=1 768w, https://i0.wp.com/www.zeetalwara.com/wp-content/uploads/2020/07/0111.jpg?resize=300%2C150&ssl=1 300w"" data-sizes=""(max-width: 768px) 100vw, 768px""> \n Employee : sahib, aap office mein shaadi shuda aadamion ko hi kyu rakhate ho? \n sahib : kyonki unhe beijjati sahane kee aadat hoti hai aur ghar jane kee jaldi bhi nahi hoti.😆😆😆",True,ZeeTalwara Humour,https://www.zeetalwara.com/best-jokes-in-hindi-for-husband-and-wife/
HJ-001341,husband-wife,zeetalwara-curated,hinglish,dialogue,"Husband Wife  \n "" data-image-caption="""" data-large-file=""https://i0.wp.com/www.zeetalwara.com/wp-content/uploads/2020/07/0114.jpg?fit=768%2C384&ssl=1"" class=""alignnone wp-image-1166 size-full"" src=""https://i0.wp.com/www.zeetalwara.com/wp-content/uploads/2020/07/0114.jpg?resize=768%2C384&ssl=1"" alt=""Husband Wife"" width=""768"" height=""384"" title=""Best jokes in hindi for husband and wife 2023 3"" srcset=""https://i0.wp.com/www.zeetalwara.com/wp-content/uploads/2020/07/0114.jpg?w=768&ssl=1 768w, https://i0.wp.com/www.zeetalwara.com/wp-content/uploads/2020/07/0114.jpg?resize=300%2C150&ssl=1 300w"" sizes=""(max-width: 768px) 100vw, 768px""> Husband Wife  \n "" data-image-caption="""" data-large-file=""https://i0.wp.com/www.zeetalwara.com/wp-content/uploads/2020/07/0114.jpg?fit=768%2C384&ssl=1"" class=""lazyload alignnone wp-image-1166 size-full"" data-src=""https://i0.wp.com/www.zeetalwara.com/wp-content/uploads/2020/07/0114.jpg?resize=768%2C384&ssl=1"" alt=""Husband Wife"" width=""768"" height=""384"" title=""Best jokes in hindi for husband and wife 2023 3"" data-srcset=""https://i0.wp.com/www.zeetalwara.com/wp-content/uploads/2020/07/0114.jpg?w=768&ssl=1 768w, https://i0.wp.com/www.zeetalwara.com/wp-content/uploads/2020/07/0114.jpg?resize=300%2C150&ssl=1 300w"" data-sizes=""(max-width: 768px) 100vw, 768px""> \n Husband : aaj toh garmi si lag rahi hai. \n Wife : han garmi hone lagi hai….. \n Husband : chalo chhat par thandi hava kha ke aate hai… \n Wife : aap chalo, main plet aur chammach lekar aati hoon…!!! \n zee talwara  \n "" data-image-caption="""" data-large-file=""https://i0.wp.com/www.zeetalwara.com/wp-content/uploads/2020/07/zee-talwara.jpg?fit=768%2C150&ssl=1"" class=""alignnone wp-image-1153 size-full"" src=""https://i0.wp.com/www.zeetalwara.com/wp-content/uploads/2020/07/zee-talwara.jpg?resize=768%2C150&ssl=1"" alt=""zee talwara"" width=""768"" height=""150"" title=""Best jokes in hindi for husband and wife 2023 4"" srcset=""https://i0.wp.com/www.zeetalwara.com/wp-content/uploads/2020/07/zee-talwara.jpg?w=768&ssl=1 768w, https://i0.wp.com/www.zeetalwara.com/wp-content/uploads/2020/07/zee-talwara.jpg?resize=300%2C59&ssl=1 300w"" sizes=""(max-width: 768px) 100vw, 768px""> zee talwara  \n "" data-image-caption="""" data-large-file=""https://i0.wp.com/www.zeetalwara.com/wp-content/uploads/2020/07/zee-talwara.jpg?fit=768%2C150&ssl=1"" class=""lazyload alignnone wp-image-1153 size-full"" data-src=""https://i0.wp.com/www.zeetalwara.com/wp-content/uploads/2020/07/zee-talwara.jpg?resize=768%2C150&ssl=1"" alt=""zee talwara"" width=""768"" height=""150"" title=""Best jokes in hindi for husband and wife 2023 4"" data-srcset=""https://i0.wp.com/www.zeetalwara.com/wp-content/uploads/2020/07/zee-talwara.jpg?w=768&ssl=1 768w, https://i0.wp.com/www.zeetalwara.com/wp-content/uploads/2020/07/zee-talwara.jpg?resize=300%2C59&ssl=1 300w"" data-sizes=""(max-width: 768px) 100vw, 768px"">",True,ZeeTalwara Humour,https://www.zeetalwara.com/best-jokes-in-hindi-for-husband-and-wife/
HJ-001342,husband-wife,zeetalwara-curated,hinglish,dialogue,"Wife mayake se fon karti hai, Husband ko : apana dhyan rakhana, suna hai dengu bahut fail raha hai, \n Husband : mera sara khoon toh tu pi gayi, machchhar kya rakt dan karane aaega ??",True,ZeeTalwara Humour,https://www.zeetalwara.com/best-jokes-in-hindi-for-husband-and-wife/
HJ-001343,husband-wife,zeetalwara-curated,hinglish,dialogue,"Patni: janu tum mujhe Do aisi baten bolo, jisame se Ek ko sunakar main khush ho jaoon aur doosari baat ko sunakar naraj ho jaoon.",True,ZeeTalwara Humour,https://www.zeetalwara.com/best-jokes-in-hindi-for-husband-and-wife/
HJ-001344,husband-wife,zeetalwara-curated,hinglish,dialogue,"Pati: pahali baat – tum meri jindagi ho aur doosari baat lanat hai aisi jindagi par.. 😂😂😂😂 \n man: 🤓 ne ghabarakar apane raja bete ko phone lagaya aur kaha – Beta kahan hai, jaldi se ghar aajao, Bahu ko pairalisis ka ataik aaya hai, uska munh 🤪tedha, 🙄aankhe oopar 🥴aur gardan ghoomi hui hai. 😎 Beta bola:  rahane de man, tu ghabara mat… woh selphi le rahi hai.. 😜😂😂😂😂",True,ZeeTalwara Humour,https://www.zeetalwara.com/best-jokes-in-hindi-for-husband-and-wife/
HJ-001345,husband-wife,zeetalwara-curated,hinglish,dialogue,"shaam ko Pati ke ghar aate hi Patni ne kich-kich shuru kar di. \n pareshan Pati : are Yaar dinabhar ka thaka-hara aaya hoon, \n pahale phresh toh hone do.",True,ZeeTalwara Humour,https://www.zeetalwara.com/best-jokes-in-hindi-for-husband-and-wife/
HJ-001346,husband-wife,zeetalwara-curated,hinglish,dialogue,"Patni: mein bhi toh dinabhar akeli thi, \n toh main bhi phresh hi ho rahi hoon.",True,ZeeTalwara Humour,https://www.zeetalwara.com/best-jokes-in-hindi-for-husband-and-wife/
HJ-001347,husband-wife,zeetalwara-curated,hinglish,dialogue,"Patni: suno ji, aapke Sir par khoon kyu nikal raha hai, yeh sab kaise huaa .",True,ZeeTalwara Humour,https://www.zeetalwara.com/best-jokes-in-hindi-for-husband-and-wife/
HJ-001348,husband-wife,zeetalwara-curated,hinglish,dialogue,"Pati: kya bataoon, mujhe mere Dost ne eent, mar di.",True,ZeeTalwara Humour,https://www.zeetalwara.com/best-jokes-in-hindi-for-husband-and-wife/
HJ-001349,husband-wife,zeetalwara-curated,hinglish,dialogue,"Patni: hain, apane kuchh nahi kiya, aap bhi mar dete us sale ko. aapke hath mein kuchh nahi tha ?",True,ZeeTalwara Humour,https://www.zeetalwara.com/best-jokes-in-hindi-for-husband-and-wife/
HJ-001350,husband-wife,zeetalwara-curated,hinglish,dialogue,"Pati: tha na, mere hath mein uski Biwi ka hath tha. \n phir kya, Patni ne 2 eent uthakar aur mar di.😋",True,ZeeTalwara Humour,https://www.zeetalwara.com/best-jokes-in-hindi-for-husband-and-wife/
HJ-001351,marriage,zeetalwara-curated,hinglish,dialogue,Husband : agar meri kisi rakshas ke saath bhi shaadi ho jaati toh bhi main itana dukhi nahi hoti jitani tumhare saath hoon. \n Wife :  pagali !! khoon ke rishton mein kahan shaadi hoti hai. 😂😂😂,True,ZeeTalwara Humour,https://www.zeetalwara.com/best-jokes-in-hindi-for-husband-and-wife/
HJ-001352,pappu-style,zeetalwara-curated,hinglish,one-liner,"Pappu ne darate darate Ek pari se pucha kya main tumhara hath choom sakta hoon? \n woh boli, kameene, mere honthon 💋par jahar laga hai😂😂🤣🤣 \n ******************************* \n jo meri ichchha poori karega, main use 1 lakh rupaye doonga. . . . . mujhe 2 lakh rupaye chahie. 😂😂🤣🤣 \n Loading… Leave a Comment Cancel reply Comment \n Save my name, email, and website in this browser for the next time I comment. \n Notify me of follow-up comments by email. \n Notify me of new posts by email. \n Δ document.getElementById( ""ak_js_1"" ).setAttribute( ""value"", ( new Date() ).getTime() );",True,ZeeTalwara Humour,https://www.zeetalwara.com/best-jokes-in-hindi-for-husband-and-wife/
HJ-001353,adult-clean,playful-banter,hinglish,dialogue,"Pati (romantic hokar): Aaj toh tum bilkul bijli ki nangi taar lag rahi ho! Patni: Kyu ji, chhoone ka mann kar raha hai? Pati: Nahi, chhoo liya toh 440 volt ka jhatka lag jayega aur aatma bhatakne lagegi! 😂",True,Curated Clean Double-Meaning & Witty Viral Humor,https://www.livehindustan.com/lifestyle/story-funny-husband-wife-jokes-in-hindi-pati-patni-ke-chutkule.html
HJ-001354,adult-clean,doctor-clinic,hinglish,dialogue,"Doctor (sundar ladki se): Khidki kholo aur thoda lamba-lamba saans lo... Ladki: Kyu doctor sahab, oxygen kam hai kya room me? Doctor: Nahi ji, mera cabin perfume khatam ho gaya tha, tumhara deo badiya hai! 😜",True,Curated Clean Double-Meaning & Witty Viral Humor,https://www.livehindustan.com/lifestyle/story-funny-husband-wife-jokes-in-hindi-pati-patni-ke-chutkule.html
HJ-001355,adult-clean,couple-romance,hinglish,dialogue,"Girlfriend: Jaanu, tum mere liye kya-kya kar sakte ho? Boyfriend: Main tere liye chaand-taare tod kar laa sakta hoon! Girlfriend: Taare nahi chahiye, Myntra aur Zara ki shopping cart clear kar do! Boyfriend: Arey pagli, taare todna zyada aasan tha! 🤣",True,Curated Clean Double-Meaning & Witty Viral Humor,https://www.livehindustan.com/lifestyle/story-funny-husband-wife-jokes-in-hindi-pati-patni-ke-chutkule.html
HJ-001356,adult-clean,wedding-night,hinglish,dialogue,"Suhaagraat pe Dulhan sharmaate hue boli: Suno ji, main ghunghat khud uthaoon ya aap uthaoge? Dulha: Pehle light off karo, mujhe neend aa rahi hai aur kal subah jaldi office nikalna hai! 🤦‍♂️",True,Curated Clean Double-Meaning & Witty Viral Humor,https://www.livehindustan.com/lifestyle/story-funny-husband-wife-jokes-in-hindi-pati-patni-ke-chutkule.html
HJ-001357,adult-clean,husband-wife,hinglish,dialogue,"Patni (sharma kar): Shaadi se pehle toh tum kehte the ki tumhe chaand jaisi biwi chahiye! Pati: Haan, par mujhe yeh thodi pata tha ki chaand ki tarah tumhara bhi roz naya roop dikhega aur din me dikhai hi nahi dogi! 🌙😂",True,Curated Clean Double-Meaning & Witty Viral Humor,https://www.livehindustan.com/lifestyle/story-funny-husband-wife-jokes-in-hindi-pati-patni-ke-chutkule.html
HJ-001358,adult-clean,couple-chat,hinglish,dialogue,"Ladka: Tumhara chehra dekh kar mere dil me aag lag jaati hai! Ladki (khush hokar): Sach me, kya main itni hot hoon? Ladka: Nahi, petrol pump jaisi lagti ho, zara si chingari se darr lagta hai! 🔥",True,Curated Clean Double-Meaning & Witty Viral Humor,https://www.livehindustan.com/lifestyle/story-funny-husband-wife-jokes-in-hindi-pati-patni-ke-chutkule.html
HJ-001359,adult-clean,husband-wife,hinglish,dialogue,"Pati ne chupke se bedroom me perfume lagaya. Patni: Kiske liye itna mehak rahe ho? Pati: Khushboo khud ke sukoon ke liye hoti hai! Patni: Theek hai, ab jaao kitchen me aur bartan dho kar sukoon paao! 😂",True,Curated Clean Double-Meaning & Witty Viral Humor,https://www.livehindustan.com/lifestyle/story-funny-husband-wife-jokes-in-hindi-pati-patni-ke-chutkule.html
HJ-001360,adult-clean,dating,hinglish,dialogue,"Pappu date pe gaya. Ladki: Tumhe meri kaun si aada sabse zyada pasand aayi? Pappu: Jab tum bill aate waqt phone pe achanak busy hone ki acting karti ho, wo aada lajawab hai! 💸🤣",True,Curated Clean Double-Meaning & Witty Viral Humor,https://www.livehindustan.com/lifestyle/story-funny-husband-wife-jokes-in-hindi-pati-patni-ke-chutkule.html
HJ-001361,adult-clean,husband-wife,hinglish,dialogue,Patni: Agar main achanak gaayab ho jaun toh tumhara reaction kya hoga? Pati: Pehle toh 2 minute yakeen nahi hoga... fir main dhol wale ko bulaunga aur poore mohalle me laddoo baatunga! 🪘🥳,True,Curated Clean Double-Meaning & Witty Viral Humor,https://www.livehindustan.com/lifestyle/story-funny-husband-wife-jokes-in-hindi-pati-patni-ke-chutkule.html
HJ-001362,adult-clean,flirt,hinglish,dialogue,"Santa ek ladki se: Tumhara naam kya hai? Ladki: Preeti. Aur tumhara? Santa: Preetam. Ladki: Par main toh tumhe jaanti bhi nahi! Santa: Arey abhi Preeti-Preetam ho gaye, aage aage dekho kya hota hai! 😜",True,Curated Clean Double-Meaning & Witty Viral Humor,https://www.livehindustan.com/lifestyle/story-funny-husband-wife-jokes-in-hindi-pati-patni-ke-chutkule.html
HJ-001363,adult-clean,husband-wife,hinglish,dialogue,"Wife: Shaadi ke 15 saal baad bhi tum mujhe pehle jaisa pyaar kyu nahi karte? Husband: Arey pagli, jab film hit ho chuki ho toh baar-baar trailer thodi dekhte hain! 🎬😂",True,Curated Clean Double-Meaning & Witty Viral Humor,https://www.livehindustan.com/lifestyle/story-funny-husband-wife-jokes-in-hindi-pati-patni-ke-chutkule.html
HJ-001364,adult-clean,couple-chat,hinglish,dialogue,"Girlfriend: Jaanu, tumne mere sapne me aakar mujhe kiss kiya tha na? Boyfriend: Pagal ho gayi hai kya? Main toh raat bhar Instagram pe Reels scroll kar raha tha, koi aur hoga! 🤦‍♂️🤣",True,Curated Clean Double-Meaning & Witty Viral Humor,https://www.livehindustan.com/lifestyle/story-funny-husband-wife-jokes-in-hindi-pati-patni-ke-chutkule.html
HJ-001365,adult-clean,husband-wife,hinglish,dialogue,"Patni: Dekho, pados wale Sharma ji apni biwi ko kitna romantic gale lagate hain, tum kabhi kyu nahi lagate? Pati: Arey Sharma ji ki biwi se meri dosti hi nahi hai, thappad thodi khana hai! 🙈😂",True,Curated Clean Double-Meaning & Witty Viral Humor,https://www.livehindustan.com/lifestyle/story-funny-husband-wife-jokes-in-hindi-pati-patni-ke-chutkule.html
HJ-001366,adult-clean,dating,hinglish,dialogue,"Ladka: Tumhare lips kitne red hain, strawberry lagti ho! Ladki (sharma kar): Aww, thank you! Ladka: Wo sab theek hai, par Paan masala thuk kar baat karo na please! 🍃🤣",True,Curated Clean Double-Meaning & Witty Viral Humor,https://www.livehindustan.com/lifestyle/story-funny-husband-wife-jokes-in-hindi-pati-patni-ke-chutkule.html
HJ-001367,adult-clean,husband-wife,hinglish,dialogue,Pati bedroom me enter hua: Aaj tum itni sundar lag rahi ho ki mera dil machal raha hai... Patni: Seedhe-seedhe bolo dinner me tinde ki sabzi pasand nahi aayi aur bahar se pizza mangwana hai! 🍕🤣,True,Curated Clean Double-Meaning & Witty Viral Humor,https://www.livehindustan.com/lifestyle/story-funny-husband-wife-jokes-in-hindi-pati-patni-ke-chutkule.html
HJ-001368,adult-clean,romance,hinglish,dialogue,"Boyfriend: Tumhare bina ek pal bhi jeena mushkil hai... Girlfriend: Accha, toh phir mera 666 wala recharge karwa do na! Boyfriend: Dekho jaan, mushkil hai par namumkin nahi, main koshish karunga! 🏃‍♂️💨",True,Curated Clean Double-Meaning & Witty Viral Humor,https://www.livehindustan.com/lifestyle/story-funny-husband-wife-jokes-in-hindi-pati-patni-ke-chutkule.html
HJ-001369,adult-clean,husband-wife,hinglish,dialogue,Patni: Agar main ek din mar gayi toh kya tum doosri shaadi karoge? Pati: Kabhi nahi! Ek hi torture do baar sehne ki himmat kisi me nahi hoti! 💀😂,True,Curated Clean Double-Meaning & Witty Viral Humor,https://www.livehindustan.com/lifestyle/story-funny-husband-wife-jokes-in-hindi-pati-patni-ke-chutkule.html
HJ-001370,adult-clean,doctor-patient,hinglish,dialogue,"Mareez: Doctor sahab, jab se shaadi hui hai raat ko neend nahi aati! Doctor: Biwi se jhagda hota hai kya? Mareez: Nahi, wo sote waqt mere phone ka pattern unlock karne ki koshish karti rehti hai! 📱👀",True,Curated Clean Double-Meaning & Witty Viral Humor,https://www.livehindustan.com/lifestyle/story-funny-husband-wife-jokes-in-hindi-pati-patni-ke-chutkule.html
HJ-001371,adult-clean,flirt,hinglish,dialogue,"Ladka: Suno, tumhare papa terrorist hain kya? Ladki (gusse me): Kyu bey? Ladka: Kyunki tum bilkul bomb lag rahi ho! Ladki: Tere muh pe phoot jaungi toh bachega nahi, nikal yahan se! 💣🔥",True,Curated Clean Double-Meaning & Witty Viral Humor,https://www.livehindustan.com/lifestyle/story-funny-husband-wife-jokes-in-hindi-pati-patni-ke-chutkule.html
HJ-001372,adult-clean,husband-wife,hinglish,dialogue,"Pati ne romantic andaaz me Biwi ko baahon me liya. Biwi: Chhodo ji, mummy dekh lengi! Pati: Pagal ho gayi hai kya, mummy toh apne maayke me hain! Biwi: Arey meri nahi, tumhari mummy balcony me khadi hain! 🏃‍♂️💨",True,Curated Clean Double-Meaning & Witty Viral Humor,https://www.livehindustan.com/lifestyle/story-funny-husband-wife-jokes-in-hindi-pati-patni-ke-chutkule.html
